mfcc_mean_1,mfcc_mean_2,mfcc_mean_3,mfcc_mean_4,mfcc_mean_5,mfcc_mean_6,mfcc_mean_7,mfcc_mean_8,mfcc_mean_9,mfcc_mean_10,mfcc_mean_11,mfcc_mean_12,mfcc_mean_13,mfcc_std_1,mfcc_std_2,mfcc_std_3,mfcc_std_4,mfcc_std_5,mfcc_std_6,mfcc_std_7,mfcc_std_8,mfcc_std_9,mfcc_std_10,mfcc_std_11,mfcc_std_12,mfcc_std_13,centroid_mean,centroid_std,zcr_mean,zcr_std,family,source
-236.50167846679688,45.21764373779297,-4.514620780944824,-0.5929732918739319,-23.558895111083984,-17.14964485168457,-14.809077262878418,-17.075220108032227,-15.104283332824707,-16.375211715698242,-24.9189453125,-11.979406356811523,-2.8717002868652344,42.10429000854492,9.9314603805542,4.601059436798096,3.995464324951172,5.057742595672607,4.6479926109313965,3.932875633239746,4.409463882446289,3.347959518432617,4.005108833312988,5.157150745391846,4.264163017272949,4.949504375457764,1607.0366331639457,183.22692210903259,0.09404578575721154,0.02384644950036788,string,acoustic
-367.6920471191406,201.2145538330078,92.90937805175781,26.846817016601562,14.057367324829102,11.301651000976562,1.5712392330169678,-5.699777126312256,-10.056167602539062,-14.701297760009766,-14.441455841064453,-8.25157642364502,-3.1292495727539062,33.8945426940918,30.07815170288086,8.372113227844238,10.763448715209961,6.441450119018555,6.581671237945557,5.648990631103516,3.7747879028320312,6.004131317138672,4.779141902923584,5.024303436279297,4.967324733734131,3.066277027130127,240.22630284424557,27.244401614116608,0.018772754854368932,0.002372382274775205,brass,acoustic
-399.9187316894531,76.8958740234375,-23.82613754272461,-18.0977783203125,-17.35968780517578,-11.260321617126465,-14.685157775878906,-10.421771049499512,-9.612770080566406,-5.408837795257568,-7.698916912078857,-7.010278224945068,-6.177901268005371,125.69934844970703,33.751564025878906,24.582998275756836,11.688444137573242,11.030545234680176,4.404502868652344,7.981861591339111,3.995300054550171,5.696134090423584,4.215351581573486,4.540163516998291,4.236505508422852,5.81515645980835,1019.6999666114929,504.00377483076574,0.07950004489942529,0.02626101616440094,brass,acoustic
-293.608642578125,155.80654907226562,-43.134910583496094,-0.7933246493339539,-0.05546407774090767,-29.38382339477539,-18.980396270751953,-15.809918403625488,-11.873541831970215,-11.360697746276855,-13.833170890808105,-12.645485877990723,-9.933382987976074,76.67134094238281,30.3741455078125,25.938697814941406,10.479745864868164,9.95941162109375,8.521435737609863,5.831874847412109,9.769841194152832,4.580268859863281,3.058720111846924,4.334129810333252,5.622069358825684,7.724421977996826,797.6718988270918,89.47305057728674,0.0611083984375,0.014747609445851576,brass,acoustic
-305.4048156738281,154.8169403076172,-12.075904846191406,4.396794319152832,4.7975263595581055,-9.915414810180664,-9.748758316040039,-10.688255310058594,-11.692696571350098,-14.32044792175293,-11.424459457397461,-10.346309661865234,-9.495647430419922,95.00593566894531,34.362239837646484,35.53092575073242,9.886231422424316,8.232693672180176,11.262361526489258,6.658538341522217,8.523520469665527,6.614252090454102,6.839416027069092,5.340264320373535,4.74247932434082,3.5714032649993896,561.744557429201,114.23572757073264,0.03466796875,0.010679861808197121,brass,acoustic
-353.17352294921875,169.607421875,50.69308853149414,-0.7901459336280823,-0.7933230996131897,-3.3265271186828613,-11.298857688903809,-12.520024299621582,-5.069799423217773,2.1117074489593506,-2.3983914852142334,-8.728287696838379,-3.7884104251861572,30.297096252441406,28.331371307373047,7.564567565917969,9.808320045471191,11.133977890014648,7.0084357261657715,5.190095901489258,4.114424228668213,5.623337745666504,6.397275447845459,5.143045425415039,3.967700242996216,4.678823947906494,390.7183974376109,71.3142846059172,0.0286865234375,0.011041434561952546,brass,acoustic
-260.46624755859375,263.52947998046875,16.99045181274414,-18.055978775024414,1.2108432054519653,-2.3622689247131348,-5.283221244812012,1.6690585613250732,8.270416259765625,2.141373872756958,1.1714606285095215,3.614173412322998,2.1649622917175293,77.29151916503906,34.6449089050293,75.79259490966797,26.926666259765625,26.82270622253418,8.846081733703613,8.701042175292969,10.15388011932373,6.585420608520508,7.3384270668029785,5.554903507232666,4.090623378753662,4.099295139312744,578.1887097113313,229.8546122486773,0.06211742912371134,0.018100892711046764,bass,synthetic
-343.4212341308594,99.79934692382812,-39.128501892089844,-6.244114398956299,-41.31059265136719,-31.798965454101562,-48.0574836730957,-17.879100799560547,-6.496437072753906,16.44822120666504,6.645709991455078,7.056649684906006,-11.215513229370117,163.31031799316406,14.206310272216797,32.25926208496094,3.1689960956573486,11.543651580810547,4.4026198387146,13.887642860412598,9.00009822845459,14.151177406311035,4.680476188659668,7.920736789703369,5.802921295166016,4.7189040184021,1424.9340293121854,277.7492786936756,0.102392578125,0.031185120944788147,string,acoustic
-290.5862731933594,113.93610382080078,-44.6581916809082,-8.26468276977539,12.896193504333496,-9.222291946411133,-9.768572807312012,-29.801918029785156,-17.916032791137695,38.751747131347656,-23.815998077392578,-18.845409393310547,-3.857623338699341,140.81573486328125,12.34874439239502,16.65723991394043,7.060688495635986,4.093418598175049,5.317150115966797,2.9907643795013428,3.882986545562744,12.45796012878418,2.3533341884613037,7.790421485900879,3.6070168018341064,3.4540374279022217,1601.5034173788736,102.73749855972918,0.13543701171875,0.0358154692126305,string,acoustic
-77.31832885742188,-39.3994140625,-81.1830825805664,-4.111499309539795,-40.41640090942383,-15.621054649353027,-28.618419647216797,-5.314558506011963,-6.5001702308654785,3.778702735900879,-11.912463188171387,-9.488512992858887,-25.122343063354492,72.83035278320312,16.83908462524414,12.102209091186523,3.2991960048675537,5.939621925354004,3.7226157188415527,5.148430824279785,2.9501333236694336,4.814448833465576,3.9973304271698,3.7403438091278076,3.0885422229766846,3.2079966068267822,2618.2086231764756,262.3156332279674,0.11372602103960396,0.014324837343171519,flute,acoustic
-440.7611389160156,89.46695709228516,-8.583126068115234,-7.697129726409912,-19.450008392333984,-16.13263511657715,-23.232492446899414,-26.352706909179688,-24.17333984375,-26.4600830078125,-26.0806884765625,-28.496633529663086,-26.64727210998535,127.13655090332031,49.40449905395508,34.61581039428711,13.571422576904297,19.5167179107666,5.894886016845703,8.464152336120605,9.744475364685059,5.533699989318848,7.168811321258545,8.598764419555664,13.735743522644043,14.28297233581543,583.1211686895077,154.1988583509023,0.045186360677083336,0.006572144651944964,string,acoustic
-93.5598373413086,30.01727867126465,-32.317386627197266,-2.562577486038208,-39.1478157043457,-11.182670593261719,-8.973922729492188,8.953487396240234,-15.831071853637695,-15.272476196289062,5.3323445320129395,-0.20532959699630737,-17.452011108398438,56.33003234863281,8.452481269836426,8.046736717224121,3.8703243732452393,4.91227912902832,3.561995506286621,3.031639575958252,3.2444417476654053,4.18623161315918,3.543455123901367,3.6260623931884766,2.9574880599975586,2.614908218383789,2125.2600726153028,185.2074381421285,0.12733179209183673,0.020298372995802103,flute,acoustic
-397.96759033203125,-39.207088470458984,-15.758452415466309,-11.103163719177246,-3.7444798946380615,8.994170188903809,2.1084423065185547,-18.52556610107422,-22.580177307128906,24.671024322509766,52.141780853271484,14.488343238830566,-25.760618209838867,33.47054672241211,21.571203231811523,16.47008514404297,8.209498405456543,4.928586959838867,6.019157409667969,5.143499851226807,2.2802672386169434,3.1236071586608887,3.9562442302703857,6.866054534912109,4.25931453704834,3.685734748840332,2729.6161579903437,657.6155414203821,0.15470452264908258,0.01100997287583787,bass,synthetic
-183.96458435058594,40.62395095825195,-17.36322021484375,14.71761703491211,-13.034320831298828,-7.175378322601318,-17.17807388305664,-10.68403148651123,-16.901256561279297,-7.596062660217285,-7.215548515319824,4.936781406402588,4.018306255340576,156.3448028564453,40.94444274902344,18.387441635131836,13.988731384277344,12.00334644317627,16.96664047241211,8.657174110412598,11.723828315734863,7.795502185821533,7.767585754394531,5.252138614654541,4.4522857666015625,5.5569233894348145,1366.2553518434906,720.7561155413524,0.0818748103762136,0.03192304335712804,bass,synthetic
-275.1428527832031,32.14350509643555,-58.30813980102539,-21.254810333251953,-11.069107055664062,-4.639919757843018,-17.08160972595215,1.915669322013855,4.946895122528076,25.651195526123047,15.013315200805664,16.6090030670166,-14.911115646362305,50.45866775512695,12.904607772827148,11.66523551940918,3.8244283199310303,4.650243759155273,5.408066272735596,4.756963729858398,4.364117622375488,3.0365030765533447,5.489724636077881,4.6988935470581055,3.859623908996582,3.3731188774108887,1391.7507770745394,152.7082855077491,0.09742838541666667,0.016727608570671827,flute,acoustic
-198.20172119140625,91.3508529663086,-64.03221893310547,29.581676483154297,-20.629417419433594,-15.155363082885742,-5.0417280197143555,-12.222358703613281,-9.507842063903809,-3.6180055141448975,-7.059112071990967,-7.996799468994141,-14.323629379272461,49.26490783691406,9.038161277770996,13.54731273651123,7.343235492706299,6.597845077514648,5.051698207855225,3.95593523979187,4.620785713195801,4.669936180114746,3.1952290534973145,3.7524349689483643,3.181057929992676,4.424261569976807,1114.9506791049178,119.50742278104151,0.06682816292475728,0.018192749569046658,string,acoustic
-154.53416442871094,-5.471354007720947,-72.19837951660156,-13.522297859191895,-26.46988868713379,-11.514870643615723,-11.704511642456055,-7.932044982910156,-16.731050491333008,3.8126425743103027,-14.845770835876465,-2.4276809692382812,-9.120662689208984,59.77300262451172,29.233074188232422,7.651743412017822,4.469821453094482,4.650744915008545,3.13167405128479,3.7193195819854736,3.5213212966918945,2.8404533863067627,2.012018918991089,2.471266031265259,2.8445005416870117,3.3229031562805176,2161.2976729264747,214.9136256483114,0.16533396503712872,0.022530831761839672,brass,acoustic
-446.4249267578125,102.83015441894531,34.350616455078125,22.866321563720703,10.264665603637695,2.0289645195007324,-3.8349058628082275,-5.764932155609131,-10.016975402832031,-11.377095222473145,-13.511309623718262,-12.305403709411621,-10.61662483215332,123.38236236572266,46.86272048950195,26.621944427490234,6.070260047912598,7.135151386260986,4.774005889892578,3.827950954437256,4.457205772399902,3.4444186687469482,3.6047255992889404,5.251969814300537,5.355470657348633,4.5875563621521,387.09688662597006,155.53037560023526,0.026993661556603772,0.010726840216678512,string,acoustic
-196.68637084960938,32.72188949584961,-30.294532775878906,23.05254364013672,-29.692073822021484,-18.321125030517578,-9.125017166137695,-14.021299362182617,-15.964160919189453,-9.211309432983398,-16.909940719604492,0.8610864877700806,15.302963256835938,54.234291076660156,11.448792457580566,6.8033857345581055,4.228021144866943,4.888011932373047,3.408909797668457,3.689276933670044,2.8584563732147217,3.5785136222839355,3.365020990371704,5.07945442199707,3.896353006362915,4.444930553436279,1901.7787314934394,185.67003801916653,0.12239896334134616,0.043132041810617146,string,acoustic
-208.6860809326172,100.51879119873047,-60.07798767089844,23.47350311279297,-20.469385147094727,-11.615864753723145,-9.290515899658203,-15.160381317138672,-9.610121726989746,-8.887227058410645,-12.347969055175781,-5.8459882736206055,-8.095705032348633,48.73137664794922,12.438288688659668,13.91109848022461,4.526370048522949,8.069855690002441,4.741629600524902,4.03320837020874,4.600183010101318,3.83793306350708,3.6260719299316406,4.553622722625732,3.5872814655303955,3.430309295654297,1095.2445114725917,157.5493765699583,0.06446734678398058,0.015866307875709047,string,acoustic
-440.72137451171875,117.91566467285156,38.52095031738281,9.126279830932617,-5.927271366119385,-12.48416805267334,-16.828704833984375,-14.81225872039795,-11.753750801086426,-19.28818130493164,-22.861120223999023,-18.202526092529297,-15.673009872436523,92.17237854003906,58.512367248535156,17.580829620361328,7.897441387176514,8.70387077331543,7.454943656921387,10.263436317443848,7.046310901641846,5.6459197998046875,7.128878593444824,8.864541053771973,5.134308338165283,4.638408184051514,397.67835822131303,153.13455630297858,0.02490234375,0.0048065330868455915,string,acoustic
-147.6147918701172,30.266950607299805,-15.752961158752441,14.121148109436035,-21.238279342651367,-18.915542602539062,-45.06585693359375,-19.357662200927734,5.064688205718994,22.25792694091797,0.504584789276123,7.3847150802612305,33.25941848754883,54.18111038208008,7.560257434844971,4.145982265472412,2.6703543663024902,2.7447550296783447,3.717104911804199,4.785770416259766,2.7651426792144775,1.707851767539978,2.986447334289551,3.063617706298828,4.15224027633667,4.08451509475708,2256.7699819717664,263.1001081831034,0.07166772959183673,0.007966537202624439,flute,synthetic
-394.3962097167969,110.286865234375,72.6584243774414,47.048309326171875,28.8212947845459,15.758882522583008,6.609480857849121,-0.6706683039665222,-3.054992437362671,-0.013808012008666992,-0.5288529396057129,-0.5020411610603333,-1.1287626028060913,55.06610870361328,38.10541915893555,11.614272117614746,8.69888687133789,6.148098945617676,5.093361854553223,4.59253454208374,3.2197272777557373,4.061739444732666,4.355475425720215,3.8842482566833496,3.5329368114471436,2.2954494953155518,312.62818706740774,62.79450977055666,0.0237060546875,0.005941150948220267,string,acoustic
-360.2081604003906,56.4095573425293,-0.6911804676055908,7.315075397491455,-11.291789054870605,-11.91884708404541,-20.400131225585938,-22.414304733276367,-17.398374557495117,-4.703588485717773,4.926281452178955,6.28975772857666,14.391772270202637,15.219314575195312,17.441307067871094,7.077403545379639,4.036686420440674,2.0404446125030518,3.644710063934326,3.59566330909729,3.9659616947174072,2.8539369106292725,2.5939548015594482,2.2259883880615234,3.9497733116149902,3.9250786304473877,573.3066382740944,71.85880080920589,0.05735809948979592,0.004632349848202113,flute,acoustic
-282.4377136230469,120.72972106933594,2.2687463760375977,-4.034396171569824,-18.646223068237305,-16.579387664794922,-22.18501853942871,-15.142326354980469,-8.268511772155762,-7.995624542236328,-12.54956340789795,-9.557503700256348,-4.224850177764893,70.63874816894531,48.823978424072266,24.38701057434082,9.344636917114258,6.2383856773376465,7.887815475463867,4.6609416007995605,6.810793399810791,2.4930014610290527,3.0410404205322266,3.729983329772949,1.7963718175888062,3.630258560180664,810.8618187178851,644.8673602925716,0.061191204896907214,0.02694665925740675,bass,synthetic
-383.5536804199219,66.48382568359375,19.4713191986084,0.5453476905822754,-9.479425430297852,-12.5532808303833,-11.913202285766602,-12.339345932006836,-10.843507766723633,-9.709168434143066,-11.860356330871582,-13.033102035522461,-13.110702514648438,60.3897819519043,44.33076477050781,11.200883865356445,12.488625526428223,7.706510066986084,5.857262134552002,5.584632873535156,4.779640197753906,5.497540473937988,5.81144905090332,7.108414649963379,7.712075233459473,6.922018051147461,456.3769461599407,83.54669559115916,0.0518310546875,0.017018738096683417,bass,synthetic
-311.67779541015625,-51.785396575927734,-62.98585891723633,-7.140294551849365,-40.23546600341797,2.1018121242523193,39.58220291137695,43.53425598144531,8.32291316986084,-30.11579704284668,-46.859745025634766,2.671964406967163,24.36237907409668,45.915767669677734,14.320077896118164,11.87232780456543,4.808227062225342,5.800678730010986,3.9552719593048096,5.332355499267578,4.845295429229736,3.8277580738067627,4.407103538513184,4.671200275421143,5.789013862609863,3.6112263202667236,2202.17362538776,166.08326224896794,0.16980336013349515,0.03154705787303181,flute,acoustic
-314.2667541503906,204.82447814941406,-52.94905090332031,-34.48973846435547,-12.39665699005127,-18.872880935668945,2.078261375427246,-8.02923583984375,-14.048500061035156,-11.00523567199707,-7.306203842163086,6.91481351852417,6.822969436645508,54.89358139038086,24.928815841674805,18.884977340698242,7.672981262207031,4.874898433685303,9.615806579589844,5.328892707824707,5.737522125244141,4.502152442932129,3.708843946456909,3.215350389480591,4.777827739715576,5.374082088470459,751.0678487458291,24.462735169251566,0.09404387297453703,0.014119554454389643,brass,acoustic
-280.25811767578125,-42.12637710571289,-52.37760925292969,28.245309829711914,-7.824721813201904,-7.661643981933594,-0.6389654874801636,7.823489665985107,-4.308408260345459,0.4043726921081543,6.437673568725586,4.778693199157715,-10.933175086975098,99.1297378540039,46.4269905090332,23.72066307067871,15.127500534057617,6.295344352722168,6.889338493347168,4.837094306945801,3.332760810852051,4.468336582183838,3.593132257461548,3.3763539791107178,3.531575918197632,4.68772029876709,2649.6041686462895,556.1066174805444,0.2818467881944444,0.07665548332090412,brass,acoustic
-451.40008544921875,72.8778305053711,37.457340240478516,9.392804145812988,-12.121153831481934,-24.414037704467773,-24.6644229888916,-20.381139755249023,-16.481510162353516,-12.57578182220459,-9.196130752563477,-7.034788608551025,-5.141960144042969,43.2242431640625,33.71562576293945,8.074591636657715,5.398491859436035,8.605411529541016,6.417389392852783,3.846193313598633,5.2669830322265625,3.9854328632354736,2.8037314414978027,2.959105968475342,4.59806489944458,5.349709510803223,429.14910616228474,50.016803320295786,0.05124299422554348,0.005582771891388106,bass,synthetic
-188.0830841064453,93.48084259033203,-36.60390090942383,25.63109016418457,-12.165800094604492,-16.060041427612305,-13.243892669677734,0.9109061360359192,-13.233925819396973,-16.01553726196289,-17.300552368164062,-22.393699645996094,-12.666961669921875,75.67117309570312,10.788874626159668,21.322864532470703,6.97051477432251,6.180176258087158,5.092105865478516,4.451692581176758,3.618114709854126,3.110013008117676,4.635424613952637,4.713869094848633,4.497079849243164,5.152712821960449,993.2045924491727,155.58935518090607,0.06460336538461539,0.017896213257532437,string,acoustic
-383.0639953613281,17.14003562927246,-22.58081817626953,-9.31824779510498,-9.814248085021973,6.785200119018555,17.674846649169922,9.164852142333984,-35.082420349121094,-13.971480369567871,30.168241500854492,28.01008415222168,-29.678285598754883,96.92871856689453,12.56467056274414,13.331164360046387,9.442566871643066,10.221882820129395,7.150227069854736,5.125492095947266,6.637931823730469,11.654339790344238,11.975540161132812,9.97580337524414,9.138583183288574,13.698380470275879,2167.9983508723503,348.5609736446686,0.15234375,0.026701142754072763,string,acoustic
-341.3451232910156,131.77630615234375,12.754036903381348,-12.56702995300293,-12.25191879272461,-13.390484809875488,-14.152788162231445,-18.013198852539062,-16.517562866210938,-17.882490158081055,-17.75015640258789,-12.546818733215332,-8.374431610107422,37.772186279296875,20.725980758666992,18.62790870666504,6.341723442077637,5.899335861206055,5.9335503578186035,5.17661190032959,3.9311885833740234,3.308030128479004,3.2284700870513916,3.3399877548217773,3.5069003105163574,2.593276023864746,440.41728936912534,67.84944823923368,0.02857421875,0.0027382784638002944,brass,acoustic
-607.0947875976562,45.85820388793945,34.0164794921875,30.280107498168945,28.48809242248535,25.169801712036133,21.9390926361084,21.476884841918945,20.31165885925293,17.739683151245117,16.01517677307129,15.637782096862793,14.366145133972168,57.9841423034668,51.01429748535156,18.6728572845459,10.55203914642334,9.23090648651123,6.143646717071533,9.022446632385254,5.851553916931152,4.581089019775391,7.762467861175537,8.832581520080566,6.448374271392822,6.567548751831055,164.66139689550954,290.75396878801087,0.0128076171875,0.019813976028286183,bass,synthetic
-411.5635986328125,80.91546630859375,41.97602462768555,41.85844039916992,26.088825225830078,19.068662643432617,10.437294960021973,7.924395561218262,3.029236078262329,2.538327217102051,0.2581906020641327,0.1332240253686905,-3.3427858352661133,151.5098876953125,60.22449493408203,51.14704513549805,30.546663284301758,18.45568084716797,11.419631004333496,9.997947692871094,8.65605640411377,6.860583305358887,6.429553031921387,4.84572172164917,4.825600624084473,4.059022903442383,616.4887319588751,762.3077153352709,0.02936345880681818,0.01546591169910079,bass,synthetic
-404.1918029785156,66.8876953125,-39.48007583618164,-21.952301025390625,-3.628908634185791,-12.102461814880371,-20.07474708557129,-24.501771926879883,-16.32870101928711,-7.850493431091309,-7.250204086303711,-9.115629196166992,-17.445764541625977,52.366661071777344,14.186993598937988,26.727460861206055,6.952869892120361,9.708067893981934,5.686455726623535,4.44137716293335,9.417033195495605,7.499843120574951,4.360183238983154,4.9779372215271,4.453042984008789,4.2538909912109375,813.8368164458303,93.65241242886137,0.054713199013157895,0.009687539486518692,flute,acoustic
-117.32560729980469,179.24703979492188,-41.885982513427734,25.68633270263672,-13.513051986694336,-18.895591735839844,-28.479190826416016,-6.175477981567383,-18.764894485473633,-23.378032684326172,-21.39415168762207,-25.024272918701172,-31.168180465698242,79.48333740234375,18.367908477783203,32.57855987548828,9.386528968811035,12.685993194580078,7.592128753662109,7.585042953491211,4.614781379699707,7.676197052001953,8.069687843322754,6.578145503997803,4.114645004272461,6.715303421020508,720.1657994859632,124.80988101410489,0.052560659555288464,0.009047383181559615,string,acoustic
-289.28558349609375,206.78733825683594,6.660027027130127,1.3681142330169678,13.235346794128418,-5.610592365264893,-3.7873716354370117,-4.416029453277588,-5.823200225830078,-4.485228538513184,-5.540012836456299,-5.210107803344727,-5.856300354003906,73.425537109375,27.37265396118164,62.27010726928711,21.071250915527344,9.97148323059082,4.107856750488281,6.297345161437988,6.319781303405762,4.310708045959473,2.853588581085205,2.242708444595337,2.0973587036132812,1.667038083076477,457.3944905431504,156.14308886591724,0.013483729931192661,0.0010180330917183512,bass,synthetic
-308.06390380859375,122.06735229492188,50.39674758911133,36.49732971191406,26.489856719970703,17.51038932800293,12.340251922607422,8.481583595275879,4.008899688720703,1.9955103397369385,0.5383139848709106,1.786503791809082,1.5924984216690063,115.5013427734375,56.63880920410156,48.94926452636719,29.181072235107422,18.087120056152344,15.679887771606445,13.324981689453125,10.101320266723633,9.16910457611084,8.762553215026855,8.243805885314941,6.795206546783447,6.107614517211914,378.0745395794249,512.9231547670073,0.02655847293814433,0.018029097909986577,bass,synthetic
-293.2623291015625,91.19108581542969,-45.45377731323242,-7.669355869293213,-29.467679977416992,-19.97980499267578,-23.405454635620117,-19.381772994995117,-18.780385971069336,-10.602627754211426,-11.976053237915039,-8.629570960998535,-13.177852630615234,100.14395141601562,15.80228042602539,17.46352767944336,3.8562235832214355,16.337230682373047,4.720171928405762,8.428973197937012,3.297746181488037,4.4440598487854,4.953991413116455,5.195566177368164,5.31312894821167,6.17491340637207,1139.7458199472728,114.96735879436277,0.06818181818181818,0.019077393590301462,brass,acoustic
-359.8160705566406,-37.141876220703125,-28.831632614135742,16.65961456298828,-6.543487548828125,14.318364143371582,25.06269073486328,38.004905700683594,-2.684880495071411,-29.804018020629883,19.37782096862793,39.26884841918945,-12.759859085083008,37.807861328125,10.670624732971191,4.931586265563965,4.033358573913574,4.964743614196777,8.505599975585938,8.043445587158203,5.001125335693359,4.268794059753418,3.652745485305786,3.0868980884552,6.393219947814941,3.530576705932617,2655.5119145537515,175.66817499450056,0.27613686615566035,0.03299874337651501,flute,acoustic
-277.1703186035156,44.90998840332031,7.424084663391113,31.26121711730957,14.375178337097168,20.03636360168457,11.760208129882812,18.180015563964844,10.790319442749023,13.834362983703613,3.0721774101257324,8.541682243347168,0.13462752103805542,32.36703872680664,7.455643177032471,7.824598789215088,5.248164653778076,5.216720104217529,4.6384782791137695,5.232593059539795,3.6925148963928223,4.547470569610596,3.1216676235198975,3.078885316848755,2.726633310317993,2.9672937393188477,697.1153298632225,339.39571451324207,0.01720444036989796,0.005213324260537181,flute,synthetic
-372.3387145996094,56.706947326660156,-5.568789958953857,6.204622268676758,6.3910112380981445,-3.1231753826141357,2.8041534423828125,3.2668356895446777,-8.445718765258789,-22.84779167175293,-44.07050704956055,-54.719364166259766,-26.823265075683594,33.52027130126953,15.827795028686523,9.50160026550293,4.157112121582031,3.9951260089874268,3.5676991939544678,3.0114471912384033,2.479259967803955,2.745812177658081,4.015628814697266,6.189780235290527,7.344073295593262,3.4708189964294434,615.5243143275903,147.06244428646718,0.03697983099489796,0.003058517322988357,flute,synthetic
-426.6748962402344,78.78907775878906,25.93075942993164,17.361724853515625,14.26251220703125,3.355851411819458,-1.2143265008926392,-3.172100067138672,-5.376194953918457,-6.205971717834473,-11.130110740661621,-17.101924896240234,-21.94269561767578,58.18043899536133,13.352783203125,8.4923095703125,5.278326511383057,4.484332084655762,3.553847074508667,2.3302855491638184,2.8567054271698,2.2453644275665283,3.530792713165283,3.0806591510772705,4.177202224731445,4.659886360168457,337.9637300109496,119.28440132617045,0.030563642393867923,0.0024632154405920493,bass,synthetic
-238.59902954101562,-10.64813232421875,41.28477478027344,12.9283447265625,-8.00676155090332,-16.770729064941406,-14.843278884887695,8.811887741088867,-37.04153060913086,-14.16100025177002,-8.69123649597168,0.10713401436805725,-35.377418518066406,56.13771438598633,38.47460174560547,11.273859024047852,5.935079097747803,5.4325337409973145,5.147124290466309,5.29422664642334,6.363645553588867,4.636414527893066,2.8792898654937744,2.250368118286133,4.359335899353027,6.54496431350708,2158.2495318221913,653.332221539541,0.08824008118872549,0.05205364701232825,brass,acoustic
-267.4261779785156,183.78399658203125,22.535533905029297,8.244361877441406,20.809844970703125,22.985088348388672,4.773006439208984,12.68471908569336,11.986357688903809,9.960227966308594,14.113802909851074,11.765088081359863,6.582716464996338,71.7928466796875,42.624595642089844,12.085797309875488,11.560075759887695,8.061359405517578,8.625783920288086,8.462504386901855,8.945439338684082,9.576438903808594,11.849601745605469,4.943048000335693,5.105536937713623,7.68429708480835,316.4455666824871,75.59473637483902,0.013984199042792793,0.0034878218349811427,string,acoustic
-200.65557861328125,68.199462890625,-101.63972473144531,8.214642524719238,-0.19170565903186798,6.687992572784424,0.2540665864944458,2.635608434677124,-7.2801690101623535,3.3580703735351562,4.471668243408203,-1.18473219871521,-2.220715284347534,50.4056282043457,9.594158172607422,13.727843284606934,7.213805675506592,7.392546653747559,4.080962657928467,3.8705832958221436,4.738724231719971,3.3145830631256104,3.8501803874969482,4.168227195739746,2.887202501296997,3.0155606269836426,1414.314912412075,69.3915849715519,0.13557449494949494,0.014316384855450828,brass,acoustic
-321.17047119140625,132.79408264160156,-52.19868850708008,-34.02952194213867,-27.621557235717773,-32.311824798583984,-12.98214054107666,-23.470359802246094,-19.980087280273438,-10.008744239807129,-24.360122680664062,-21.666519165039062,-9.133401870727539,36.57606887817383,21.930221557617188,13.573845863342285,5.771092414855957,5.425453186035156,6.060190677642822,4.445085525512695,3.5604934692382812,4.373380184173584,3.018594741821289,4.477165699005127,3.1829726696014404,3.4149398803710938,610.5923976663017,25.884162557614154,0.047658183787128716,0.015682015094577003,brass,acoustic
-342.77154541015625,45.95450210571289,-34.954368591308594,-18.098604202270508,8.997254371643066,45.45281982421875,36.68727111816406,6.136401653289795,-6.198190689086914,15.229206085205078,30.181528091430664,-2.835907220840454,-14.295085906982422,18.31226348876953,9.175525665283203,8.3533935546875,5.105686664581299,4.199901580810547,7.754817008972168,5.080532550811768,3.7230122089385986,4.374966621398926,4.767698287963867,5.8298659324646,3.62785005569458,3.954045534133911,1368.0668328621532,29.57976237418069,0.15303391676682693,0.012826029552667942,flute,acoustic
-373.75701904296875,-15.951269149780273,-3.2828378677368164,-0.23299820721149445,-48.72573471069336,-21.90029525756836,-12.639704704284668,31.784603118896484,23.49022674560547,13.907297134399414,10.517094612121582,-3.411431074142456,-40.651039123535156,26.02793312072754,9.200387001037598,1.9098986387252808,6.744882583618164,9.332791328430176,4.874166965484619,2.6236112117767334,4.246390342712402,3.6571152210235596,2.9825737476348877,1.8687076568603516,2.8644649982452393,4.1161065101623535,1646.5836139289427,294.20757506722583,0.09344606983418367,0.008259799073674861,flute,synthetic
-178.62295532226562,30.290664672851562,-17.0688533782959,14.488038063049316,1.5722414255142212,2.7940685749053955,-20.99624252319336,-5.433333396911621,-25.580347061157227,-4.870517730712891,-4.221972465515137,-14.551395416259766,-10.234416961669922,69.99042510986328,18.419771194458008,9.282212257385254,5.686659336090088,5.2815423011779785,5.508541107177734,4.934809684753418,6.228046894073486,5.84173583984375,6.621954917907715,4.2309160232543945,5.389458179473877,3.8084490299224854,1715.4321341421005,156.26671246501903,0.14392807904411764,0.03289491196850166,string,acoustic
-348.1993713378906,112.48564147949219,-37.125953674316406,15.450170516967773,27.88475227355957,-4.693667888641357,1.0430610179901123,-0.6258121728897095,-4.985713005065918,-3.9011101722717285,-16.193111419677734,-16.190645217895508,-5.154979705810547,48.53569030761719,19.30141258239746,22.764856338500977,11.076400756835938,11.659337997436523,7.240433692932129,10.266439437866211,6.267975330352783,5.065069198608398,7.732621192932129,4.810610771179199,4.650085926055908,5.45151424407959,792.3349543962798,117.0138521303849,0.06708984375,0.021774098916178042,flute,acoustic
-278.33953857421875,256.8694152832031,12.979509353637695,-13.662440299987793,-18.129196166992188,-26.58184814453125,-7.678886413574219,-14.361680030822754,-16.903701782226562,-8.844869613647461,-10.329255104064941,-10.679512023925781,-12.523104667663574,41.959007263183594,24.743017196655273,11.877405166625977,10.153127670288086,6.325427532196045,6.646709442138672,5.659653663635254,3.6690969467163086,3.5373237133026123,4.8830366134643555,4.296727180480957,5.714303493499756,3.88313364982605,474.896317117297,20.06334116722288,0.04493154393564357,0.0073111476411200724,brass,acoustic
-504.2545166015625,73.76553344726562,59.32603073120117,46.265968322753906,36.68982696533203,28.28397560119629,20.763633728027344,15.616125106811523,13.07178020477295,11.309860229492188,8.085933685302734,3.417360305786133,-0.4987870752811432,49.872703552246094,54.72978973388672,30.124492645263672,19.472623825073242,14.40608024597168,14.199131965637207,15.433417320251465,13.86494255065918,8.852410316467285,7.4171833992004395,7.095434665679932,6.090861797332764,7.7517900466918945,179.1387965085209,91.66712458391987,0.012650470344387755,0.00445232791763681,bass,synthetic
-391.56146240234375,86.19849395751953,63.506248474121094,45.32504653930664,29.30838966369629,19.723670959472656,11.98942756652832,7.167226314544678,3.1687116622924805,0.3720777630805969,-0.7803952693939209,-0.9844986796379089,1.0552599430084229,55.45170211791992,26.115690231323242,8.044583320617676,6.684134483337402,8.326157569885254,4.612614154815674,3.5996949672698975,5.22125768661499,4.929072856903076,2.98123836517334,2.2808547019958496,3.2380285263061523,2.602468967437744,385.89348616559624,196.4572304912499,0.0175537109375,0.005941150948220267,string,acoustic
-341.471923828125,102.5600357055664,-31.016260147094727,-10.691715240478516,-21.58099937438965,-29.651611328125,-36.01564407348633,-39.50373458862305,-42.55657196044922,-35.338111877441406,-12.898876190185547,-0.037516433745622635,2.8263962268829346,98.6877212524414,28.62999725341797,31.60287094116211,6.927231788635254,15.989188194274902,6.287084102630615,7.143112659454346,7.503366947174072,10.177486419677734,11.444205284118652,4.128290176391602,4.868262767791748,9.484500885009766,961.5724372697077,102.44522554106294,0.057902018229166664,0.015540157551658882,string,acoustic
-238.262939453125,-47.40925979614258,-71.77104187011719,-35.71643829345703,-35.17311096191406,-21.679656982421875,-19.228639602661133,-6.199716091156006,-17.204416275024414,-3.2782280445098877,-0.7969843745231628,28.48038673400879,29.45449447631836,47.63492965698242,25.54227638244629,10.759078979492188,3.786144733428955,3.7601475715637207,3.04289174079895,2.70034122467041,3.0670888423919678,3.1017441749572754,2.7448227405548096,3.5494272708892822,4.067938327789307,5.870964527130127,2235.234921262379,210.71930197156902,0.10023082386363637,0.026633621369766828,brass,acoustic
-289.63726806640625,161.82492065429688,-9.450654983520508,20.87708282470703,15.467421531677246,-19.65253257751465,1.559219241142273,7.682065010070801,-4.7555341720581055,-2.492659568786621,-10.066091537475586,-11.786550521850586,-0.5227528214454651,46.81135177612305,11.821197509765625,10.840641021728516,7.2694807052612305,8.067434310913086,4.303897857666016,3.421442985534668,4.737424373626709,4.378891468048096,3.8455774784088135,4.506596088409424,3.3223321437835693,5.41116189956665,490.08380102895757,117.32927178537696,0.020962252475247526,0.011247850434255116,string,acoustic
-421.442626953125,102.58659362792969,3.347679376602173,15.776533126831055,8.0724515914917,5.140210151672363,-2.9381284713745117,-6.6303839683532715,-15.471668243408203,-14.90778923034668,-18.004104614257812,-18.3792781829834,-17.490541458129883,163.33590698242188,39.1328010559082,28.519329071044922,9.472156524658203,11.634699821472168,4.076286315917969,6.578935146331787,3.250852108001709,5.464751243591309,3.337160587310791,2.605456590652466,4.149637699127197,5.21584415435791,676.2535616212986,208.0436507013125,0.04876953125,0.0189630836432202,string,acoustic
-335.05108642578125,-5.963571071624756,-53.228309631347656,-7.930753231048584,29.989267349243164,25.037109375,-15.965543746948242,2.229050636291504,13.365421295166016,22.15740203857422,-5.31770133972168,32.77708053588867,39.949920654296875,45.92212677001953,8.053009986877441,8.67048454284668,4.904655933380127,5.371777057647705,6.446997165679932,4.095139026641846,4.98818302154541,3.250913143157959,6.040893077850342,5.60889196395874,8.916620254516602,7.324815273284912,2057.6258482762705,124.1813381363328,0.20604086821933962,0.016713023912505752,flute,acoustic
-422.15899658203125,85.61265563964844,70.42048645019531,58.40176010131836,43.15702438354492,30.604703903198242,19.807903289794922,10.894267082214355,3.9136745929718018,-1.636520266532898,-4.990776062011719,-7.004663944244385,-8.009498596191406,43.65073013305664,29.412254333496094,19.152332305908203,9.660632133483887,8.705453872680664,7.017542839050293,6.8748579025268555,6.555454254150391,5.6185760498046875,4.586494445800781,3.318901300430298,3.062626838684082,3.4540412425994873,153.07030121266283,61.37475889097664,0.011411686533505154,0.0008821988826710051,bass,electronic
-256.0021667480469,-21.092079162597656,-65.60362243652344,-33.38028335571289,-47.06382751464844,-16.948516845703125,-1.3874590396881104,16.89264488220215,-26.918909072875977,-35.37643814086914,-47.91509246826172,11.74612808227539,14.60476016998291,52.48633575439453,12.04597282409668,11.52369499206543,5.740331172943115,8.098099708557129,4.956202030181885,6.485663414001465,5.035858154296875,6.504005432128906,5.697257041931152,7.044311046600342,4.392123699188232,6.506159782409668,2643.34350643865,182.72166735948792,0.24107346025485438,0.045817039790373305,string,acoustic
-325.5926208496094,73.46521759033203,-33.098533630371094,24.200754165649414,11.41106128692627,-11.754403114318848,-8.304046630859375,-12.276612281799316,-6.676190376281738,-7.753669738769531,-11.483585357666016,-7.559494972229004,-11.607173919677734,23.690906524658203,7.435370922088623,13.826879501342773,8.215763092041016,4.463454723358154,4.740569114685059,4.3656439781188965,3.7289278507232666,4.399717330932617,7.082730770111084,7.178973197937012,6.2056779861450195,5.956185817718506,811.0605787116467,144.35630548971815,0.060469523514851485,0.019050557683703378,flute,acoustic
-374.2359924316406,35.76984405517578,-91.2743911743164,38.612060546875,-44.47591018676758,-56.12589645385742,-15.944387435913086,-11.945043563842773,-47.615570068359375,4.81358003616333,3.0372979640960693,-14.331822395324707,5.506213665008545,173.4579315185547,7.33989953994751,28.028453826904297,6.655746936798096,19.42021369934082,14.231474876403809,15.07224178314209,2.9679718017578125,7.499953269958496,4.269118309020996,6.708273410797119,5.936014652252197,4.738805294036865,2337.0184934562317,65.76991881462033,0.23828125,0.06122320361959759,string,acoustic
-160.845947265625,-5.159454822540283,-15.035289764404297,44.27813720703125,0.9919411540031433,-6.779854774475098,-25.42917251586914,24.07359504699707,-19.958078384399414,-16.27145004272461,5.321247100830078,-18.95667266845703,-9.205315589904785,52.85768127441406,20.981468200683594,21.672338485717773,5.619386196136475,15.097015380859375,16.4639835357666,18.921072006225586,18.84935760498047,14.169520378112793,18.13258934020996,14.09390640258789,11.69406795501709,6.379765033721924,1911.296397738857,321.20363793145043,0.24794823232323232,0.050667635442495945,bass,synthetic
-392.1605529785156,-41.98469543457031,-63.2445182800293,-21.386005401611328,-32.06711959838867,-14.861617088317871,-11.716815948486328,24.402515411376953,21.53213882446289,27.00237274169922,-15.48800277709961,-27.830551147460938,-22.261991500854492,51.831573486328125,9.057979583740234,12.601334571838379,5.313460826873779,4.7092485427856445,3.62892484664917,3.274793863296509,3.222386598587036,2.8328731060028076,2.5847384929656982,4.894534111022949,2.9809067249298096,3.468968629837036,2466.9159547453614,174.82088593811739,0.1584033203125,0.03896949958233296,brass,acoustic
-111.31690216064453,122.19544219970703,-81.9122314453125,18.26126480102539,-38.27558898925781,-18.756977081298828,-21.014589309692383,-26.469308853149414,-28.998008728027344,-19.655529022216797,-25.133718490600586,-23.695270538330078,-24.14148712158203,64.80956268310547,6.750597953796387,15.465272903442383,4.153575897216797,7.266246318817139,4.098691463470459,4.876862049102783,4.729312419891357,4.97933292388916,3.5730154514312744,3.9920434951782227,3.7066452503204346,4.127509593963623,1295.1156946073231,72.77253520020234,0.10076904296875,0.015405460567191165,string,acoustic
-213.69308471679688,151.50917053222656,-4.127835750579834,24.347997665405273,25.922325134277344,21.256271362304688,2.1811585426330566,3.4682843685150146,-7.109494209289551,4.764431953430176,12.533830642700195,13.793272972106934,4.51807975769043,72.82119750976562,23.787391662597656,20.412771224975586,9.261962890625,6.05734395980835,6.018757343292236,7.827298164367676,5.879752159118652,6.298328399658203,4.531233787536621,6.6575541496276855,6.838414669036865,5.207818031311035,489.33659062455087,102.83361759398325,0.013311162725225225,0.004467827744348399,string,acoustic
-365.1199645996094,76.81568145751953,-35.67624282836914,-40.10703659057617,-18.02385711669922,-9.777958869934082,-8.22865104675293,2.397620916366577,23.33974838256836,40.92891311645508,43.30874252319336,19.525896072387695,-12.273377418518066,23.339908599853516,12.154093742370605,15.250896453857422,8.527265548706055,4.837852478027344,5.3477983474731445,4.657271385192871,3.998037338256836,5.0244550704956055,6.024232387542725,5.072626113891602,3.6987085342407227,4.0560455322265625,841.7710587530293,101.85153884333522,0.0851909930889423,0.012747924266543326,brass,acoustic
-256.47998046875,95.95580291748047,-42.44728469848633,16.40304183959961,-9.466418266296387,11.50200366973877,-17.883466720581055,-13.579172134399414,-16.380306243896484,2.89982271194458,-3.848162889480591,-5.456618309020996,4.801350116729736,54.61666488647461,10.606667518615723,18.411582946777344,10.302702903747559,9.904691696166992,6.200532913208008,6.147525310516357,4.039464950561523,3.7605056762695312,5.73122501373291,4.438803672790527,3.623406410217285,5.444093704223633,812.5326948894109,100.0236832568892,0.06248157429245283,0.014084012916851673,flute,acoustic
-294.91424560546875,-47.15940856933594,-24.024715423583984,12.521328926086426,-18.648935317993164,-5.652458190917969,-13.307099342346191,-0.8492715358734131,14.63161563873291,61.52985763549805,54.725730895996094,20.95457649230957,-28.730493545532227,51.65620422363281,23.445039749145508,6.216983318328857,4.991811752319336,4.50076961517334,4.904146194458008,5.068317890167236,6.672889709472656,4.437373638153076,5.693490505218506,5.372386932373047,4.342534065246582,5.564516067504883,2330.254424053754,205.27265369571617,0.19901796144859812,0.05132219829735798,flute,acoustic
-228.1223907470703,15.729049682617188,-17.880903244018555,19.81410026550293,-20.107074737548828,6.448000431060791,-16.771753311157227,1.6941766738891602,-18.396766662597656,-11.216801643371582,-19.462045669555664,1.7677444219589233,17.10666847229004,47.09864807128906,15.338891983032227,5.424781799316406,6.405248165130615,3.4678382873535156,4.395482540130615,4.888617038726807,4.540946960449219,5.8434576988220215,4.196157455444336,3.318194627761841,4.578570365905762,4.0407395362854,2275.7266886719945,194.18117152899728,0.18501508353960397,0.039678098785462544,string,acoustic
-297.35247802734375,208.48583984375,40.934043884277344,-9.420170783996582,6.250773906707764,6.882160663604736,-9.16385555267334,-17.855634689331055,-12.417819023132324,-8.542558670043945,-9.339683532714844,-14.325291633605957,-21.688432693481445,43.12211990356445,28.266019821166992,16.61728858947754,11.067691802978516,5.519549369812012,7.4435834884643555,5.332015514373779,5.846223831176758,4.046180248260498,3.778864860534668,2.7013442516326904,3.6177895069122314,4.597016334533691,366.235862366144,48.41149741701199,0.03207775297619048,0.0032044431232702325,brass,acoustic
-448.17034912109375,65.25879669189453,61.53464126586914,56.590091705322266,51.41252899169922,46.40676498413086,41.49510192871094,36.53072738647461,31.568082809448242,26.813190460205078,22.435400009155273,18.48138999938965,14.933259963989258,20.048246383666992,24.994709014892578,17.24740982055664,10.4844970703125,8.417791366577148,8.412612915039062,8.284165382385254,8.147440910339355,8.064401626586914,7.746192932128906,7.021462917327881,6.0851593017578125,5.201949596405029,71.50508655041122,76.51271749133767,0.006005355992268042,0.0007052030966535342,bass,synthetic
-333.8953857421875,149.23194885253906,100.45809936523438,54.63622283935547,26.937429428100586,13.989434242248535,7.087856292724609,1.9315448999404907,-0.4884869158267975,1.2930564880371094,5.730718612670898,9.81727123260498,11.687972068786621,31.54993438720703,34.23433303833008,19.66822052001953,9.255475997924805,4.145698547363281,5.093560218811035,5.505296230316162,5.671852111816406,5.530633449554443,4.272735595703125,2.3032827377319336,1.1485520601272583,0.8943871855735779,158.29206845421456,96.11452112674066,0.0060419100467289715,0.0004974289348141995,bass,synthetic
-138.75155639648438,6.0018181800842285,-29.82526397705078,51.37147521972656,4.784583568572998,-13.183207511901855,-19.862043380737305,23.35393524169922,-23.190353393554688,-8.130213737487793,-2.3807501792907715,-13.063018798828125,-11.47835636138916,54.28803253173828,20.06835174560547,18.5146541595459,5.163896083831787,10.64088249206543,7.823164939880371,20.756885528564453,20.346359252929688,15.513489723205566,15.051684379577637,13.720381736755371,10.016895294189453,4.871686935424805,1749.7215103413569,247.48053436225612,0.23482875631313133,0.038456463970596974,bass,synthetic
-295.2360534667969,123.79182434082031,-69.30332946777344,-1.4696964025497437,-23.172300338745117,-8.583649635314941,-18.774444580078125,-12.257843971252441,-13.06783390045166,-2.5518579483032227,-7.851633071899414,-1.0091215372085571,-10.619277954101562,119.34944915771484,13.989831924438477,13.64278793334961,6.557939529418945,12.296879768371582,8.192916870117188,7.528193473815918,5.324577808380127,8.585090637207031,3.3361315727233887,7.581205368041992,8.872564315795898,4.271835803985596,1318.259460398031,166.2270807813619,0.09381658380681818,0.024581852154172187,brass,acoustic
-241.70716857910156,181.53309631347656,25.732990264892578,4.4232683181762695,21.581573486328125,21.900545120239258,8.5925874710083,10.187124252319336,6.594767093658447,4.9686279296875,13.679132461547852,11.771016120910645,3.5741875171661377,64.01209259033203,42.77523422241211,11.786648750305176,13.150383949279785,8.257111549377441,7.41164493560791,9.5064115524292,7.110438346862793,6.28494119644165,6.14511775970459,6.205257415771484,4.24337911605835,5.372099876403809,344.84771679566296,83.40475496525745,0.014322916666666666,0.0018909158402251605,string,acoustic
-277.2569885253906,4.676864147186279,-53.69297409057617,-14.378020286560059,11.448445320129395,17.523752212524414,-10.754283905029297,1.3896452188491821,14.332803726196289,15.267102241516113,-6.21990966796875,21.682641983032227,31.084609985351562,49.165714263916016,6.36755895614624,10.845685005187988,7.239858627319336,7.40117073059082,3.575049877166748,4.922914028167725,3.702033758163452,5.774755001068115,3.036264419555664,4.673080921173096,4.27939510345459,4.228861331939697,2154.936777417034,169.27319612171098,0.2048431972287736,0.015523071517167001,flute,acoustic
-240.42018127441406,204.9787139892578,47.3262939453125,4.6490678787231445,15.611412048339844,26.947097778320312,5.45566463470459,-0.19884712994098663,-0.6376727819442749,-0.5568393468856812,12.27230167388916,6.7585906982421875,-1.8364993333816528,40.70914840698242,25.87804412841797,7.656657695770264,7.53018856048584,5.4534196853637695,5.376780033111572,5.798617839813232,5.165032863616943,4.637539386749268,5.64467716217041,3.004455804824829,3.780057907104492,3.9176838397979736,326.0240853919914,53.1605153167254,0.014997209821428572,0.00625621460733221,string,acoustic
-360.1160583496094,-10.543113708496094,-9.072997093200684,13.480420112609863,-42.39555740356445,-27.181591033935547,-29.82197380065918,9.040107727050781,25.364206314086914,17.285446166992188,16.922998428344727,23.912508010864258,-6.602845668792725,27.259258270263672,9.798837661743164,3.4111430644989014,5.406312465667725,8.073686599731445,5.774537563323975,4.156881809234619,2.322235345840454,3.56121826171875,3.8580193519592285,3.1945672035217285,2.835585117340088,2.359959125518799,1558.9023525832952,286.4546342040664,0.08480648118622448,0.008206634790489793,flute,synthetic
-348.9778747558594,75.33927154541016,-32.188358306884766,-4.225026607513428,-0.8164359331130981,4.639652729034424,-7.504512786865234,-4.605868339538574,1.9172300100326538,22.04093360900879,23.073747634887695,35.56296920776367,13.166604042053223,55.473018646240234,12.292379379272461,17.697458267211914,4.214991569519043,5.511127948760986,4.484464645385742,3.3841712474823,3.2865614891052246,3.6790785789489746,3.6914708614349365,4.8399810791015625,4.289539813995361,3.3256866931915283,1225.2870703550868,144.3984297397214,0.11703793637387387,0.027195180419999264,flute,acoustic
-405.4227294921875,68.03107452392578,26.368282318115234,10.648296356201172,-0.7466490268707275,-4.394753932952881,-7.757211208343506,-12.847983360290527,-14.069944381713867,-12.821764945983887,-14.516423225402832,-13.678905487060547,-10.756739616394043,64.97305297851562,35.42448425292969,13.08649730682373,6.898722171783447,8.77899169921875,7.104013919830322,7.960427761077881,11.70614242553711,9.709664344787598,3.5389657020568848,3.9798660278320312,3.7681992053985596,3.439462184906006,491.9074960493076,138.1573575161903,0.0283203125,0.004696608747358756,string,acoustic
-432.7580871582031,43.37727355957031,38.371578216552734,32.799076080322266,28.210580825805664,24.602319717407227,21.348146438598633,18.233610153198242,15.464662551879883,13.12834358215332,11.038060188293457,9.037781715393066,7.211421966552734,14.286828994750977,16.99748420715332,10.71642017364502,7.053623676300049,5.655898094177246,4.660314083099365,4.175152778625488,3.924226760864258,3.5294172763824463,2.850980520248413,2.1764848232269287,1.5455201864242554,1.4211421012878418,105.22252084894666,53.643259672178715,0.010687934027777778,0.0008692877145228962,bass,synthetic
-262.9295959472656,26.32347869873047,-42.282928466796875,-12.028814315795898,-44.6550407409668,-11.315649032592773,-30.7075252532959,-12.8792724609375,-19.013620376586914,-13.903973579406738,-14.148916244506836,-15.319184303283691,-11.383262634277344,50.02385330200195,31.99319076538086,10.97846794128418,6.350833415985107,5.918169021606445,4.698268890380859,4.4580512046813965,5.426950454711914,4.375216007232666,4.885073184967041,4.96702766418457,3.843994140625,5.11197566986084,1467.3079902428185,222.47860724408855,0.08888671875,0.02381360421411475,brass,acoustic
-287.3893737792969,29.307933807373047,-35.25039291381836,17.99041748046875,-35.04372024536133,-16.215028762817383,-13.11669921875,-5.753235816955566,-13.99348258972168,-8.050873756408691,-16.925363540649414,-1.9543945789337158,-7.244656085968018,61.570472717285156,13.353099822998047,12.660216331481934,4.433711528778076,6.534647464752197,4.525117874145508,4.85316801071167,4.436837673187256,4.126360893249512,4.613886833190918,4.237029075622559,4.06919527053833,3.700939655303955,1668.2937710850322,176.94385129727965,0.11946458082932693,0.024296555648101688,string,acoustic
-376.90411376953125,-36.91875457763672,-33.878684997558594,13.05794906616211,2.080169677734375,14.30530071258545,-20.699140548706055,-4.781422138214111,26.63776397705078,29.395294189453125,-32.48757553100586,-33.463863372802734,10.090171813964844,32.12215805053711,12.152809143066406,5.727642059326172,5.212900161743164,6.950741291046143,3.6103129386901855,3.921269416809082,4.405853271484375,3.4452672004699707,4.17142915725708,4.932627201080322,5.588690280914307,3.2248694896698,2033.7643104342505,60.78303938771656,0.19297640931372548,0.014939570694568166,flute,acoustic
-288.97296142578125,86.25950622558594,-97.0125961303711,-6.374785900115967,-46.863800048828125,-10.97101879119873,-15.859211921691895,-27.786924362182617,-11.894024848937988,-11.70718765258789,-1.4181122779846191,6.853604316711426,-8.272634506225586,70.70738220214844,17.526229858398438,19.87040138244629,12.225068092346191,9.908288955688477,4.536931991577148,4.3753204345703125,4.542795658111572,5.010493278503418,5.706497669219971,4.473846912384033,3.194798469543457,5.092466831207275,1164.2384381452355,110.35487743156817,0.1317714475235849,0.02298301439624682,brass,acoustic
-534.9598388671875,14.970131874084473,1.210962176322937,7.907659530639648,2.6361942291259766,1.9038405418395996,0.7562538385391235,-1.2091456651687622,-0.5770494341850281,0.761402428150177,3.211092948913574,3.93353271484375,6.856716632843018,81.36181640625,20.058700561523438,23.287343978881836,8.22311782836914,6.4822893142700195,5.7196855545043945,8.309768676757812,11.447885513305664,9.522195816040039,6.95644998550415,4.0336809158325195,5.841929912567139,5.9204301834106445,1749.9502725061177,649.9951478769258,0.03757752094072165,0.024549791596999753,bass,synthetic
-373.1549987792969,81.28546142578125,74.35884094238281,64.2695083618164,52.70073318481445,41.27605438232422,31.232177734375,23.257278442382812,17.475126266479492,13.557263374328613,10.938475608825684,9.063084602355957,7.559741020202637,5.830235481262207,7.958212375640869,7.268778324127197,6.2720842361450195,4.851603031158447,3.2349693775177,1.9624035358428955,1.3128266334533691,1.02278733253479,0.7964832782745361,0.6882700324058533,0.7377690672874451,0.7620459794998169,83.04982314726504,93.60209657372552,0.005677466299019608,0.0005158499461176545,bass,synthetic
-345.7716064453125,229.91761779785156,32.00133514404297,8.430728912353516,12.249999046325684,1.2329063415527344,-1.5400277376174927,-5.521730899810791,-4.672916889190674,-6.567446708679199,-7.111274242401123,-5.32316780090332,-6.979171276092529,92.33146667480469,42.83840560913086,28.93601417541504,8.662978172302246,5.523151874542236,9.133370399475098,4.575290203094482,4.81019401550293,4.350642681121826,4.687636852264404,4.545921802520752,3.200486183166504,5.007121562957764,397.22820099657105,65.06682726921777,0.02894005408653846,0.007477313345710056,brass,acoustic
-297.37030029296875,35.240821838378906,1.3937727212905884,26.8803768157959,5.318475723266602,8.454861640930176,3.3373327255249023,7.814817905426025,2.0092337131500244,6.961493492126465,0.11491095274686813,2.74102520942688,-1.2587586641311646,99.1009750366211,22.664260864257812,9.30401611328125,9.706926345825195,3.8709628582000732,3.1373841762542725,3.2018911838531494,4.935669422149658,3.574450731277466,2.8177425861358643,2.6220462322235107,2.4059317111968994,3.4303247928619385,940.0657155718476,35.831276234519876,0.015252582097457628,0.0013820594375760131,bass,synthetic
-273.0115051269531,147.46148681640625,-10.517145156860352,9.123868942260742,16.799415588378906,1.890207290649414,-2.480790615081787,4.043399810791016,-0.5286964774131775,-12.390364646911621,-7.662154197692871,-13.565174102783203,-5.968661785125732,31.25,15.721137046813965,12.577733039855957,5.4840593338012695,4.989387035369873,5.392897129058838,3.7216782569885254,2.959916114807129,2.5498056411743164,4.270214557647705,3.667851448059082,3.753147840499878,3.1509368419647217,367.1527157502156,19.82003731233438,0.015284682765151516,0.0015037104658987333,string,acoustic
-503.14129638671875,65.60269165039062,-9.902764320373535,6.481616973876953,11.545083045959473,13.322484970092773,-20.344257354736328,6.01769495010376,-9.397613525390625,-17.184528350830078,-6.816195964813232,27.15628433227539,25.092683792114258,65.73809051513672,6.359957695007324,10.269057273864746,8.634734153747559,6.508111000061035,5.431646823883057,12.622418403625488,2.3338146209716797,6.31018590927124,2.309502363204956,6.79955530166626,6.057615756988525,9.641946792602539,1517.7377551724471,135.21763929799704,0.19065329293224298,0.026652066344195615,bass,synthetic
-315.0506896972656,133.66685485839844,-34.46210861206055,6.968902587890625,-22.42217445373535,-7.1066460609436035,22.51597785949707,10.745719909667969,-10.041426658630371,-20.884334564208984,-42.23886489868164,-18.75113868713379,9.293059349060059,145.10691833496094,20.71581268310547,17.982786178588867,6.155176162719727,13.02550220489502,5.146646976470947,5.479799747467041,6.5309062004089355,3.9639828205108643,4.252821922302246,3.2100932598114014,4.02056360244751,3.362273931503296,1106.7219650788204,123.860298221453,0.09700520833333333,0.023337539566207186,string,acoustic
-322.6933288574219,-1.8847885131835938,-69.99989318847656,-11.029215812683105,-26.453617095947266,-7.041494369506836,-17.59518051147461,-12.143731117248535,-16.85913848876953,3.747058629989624,19.188053131103516,42.41674041748047,31.72616195678711,116.07331085205078,22.248567581176758,9.091402053833008,11.779964447021484,9.632144927978516,5.770092010498047,6.86273717880249,6.524395942687988,8.845584869384766,4.843409538269043,5.018383502960205,5.938490390777588,4.438385009765625,2266.7324964046643,310.026459546647,0.17929222470238096,0.036816850013885016,brass,acoustic
-227.6956787109375,12.962916374206543,-36.05085372924805,0.5178452134132385,-36.03239822387695,-18.713912963867188,-22.151546478271484,-12.817481994628906,-33.89883041381836,-21.82668113708496,-6.234177589416504,21.66437530517578,23.89097785949707,46.04036331176758,9.195008277893066,5.671438694000244,4.109328269958496,5.8094987869262695,5.112752437591553,4.64226770401001,3.5483014583587646,4.966383457183838,4.204868793487549,4.263683319091797,3.3483827114105225,4.757636547088623,2113.701649239488,231.8811573976897,0.14053018810679613,0.05141553945875839,string,acoustic
-156.36679077148438,46.81211471557617,-69.43721008300781,9.698318481445312,-36.7842903137207,-14.781709671020508,-28.208833694458008,-8.464421272277832,-24.41256332397461,-11.908207893371582,-27.409587860107422,-3.8046741485595703,-12.465134620666504,77.02616119384766,35.294776916503906,16.3409423828125,5.243739604949951,6.383208274841309,4.12824821472168,5.749108791351318,4.283401966094971,4.588780403137207,3.6190950870513916,4.470261096954346,3.1886463165283203,4.7444047927856445,1727.5120369295987,294.92939961446336,0.09556292543316831,0.01930738043279437,brass,acoustic
-197.77740478515625,163.14573669433594,-14.786577224731445,21.41206169128418,26.342042922973633,9.239986419677734,-2.4395875930786133,10.650941848754883,-5.5380859375,0.36855772137641907,-4.0034990310668945,0.9993900656700134,-3.420330286026001,71.79803466796875,16.991193771362305,19.945810317993164,8.37739372253418,5.780561923980713,6.140326976776123,7.340744495391846,6.765328407287598,5.21876335144043,2.7744882106781006,5.540882110595703,2.6554622650146484,4.33101224899292,574.9912153179775,96.73406630968849,0.037527231069711536,0.011182480830258032,string,acoustic
-499.97015380859375,-21.29303550720215,-4.083555698394775,19.3891658782959,9.535867691040039,-14.952415466308594,6.888020992279053,30.259920120239258,-19.119121551513672,-3.603156328201294,36.64186477661133,-23.054534912109375,5.392392635345459,33.67863845825195,14.775932312011719,7.3352179527282715,9.774682998657227,7.997064113616943,6.472896099090576,3.500885248184204,12.27210807800293,6.837095737457275,3.750936269760132,14.533995628356934,11.995088577270508,6.636477947235107,2795.349849799426,464.85116938752026,0.2164580676020408,0.05891591089506703,bass,synthetic
-277.78338623046875,188.62042236328125,31.99286460876465,9.378920555114746,25.92856216430664,26.547531127929688,4.227156162261963,0.04908497631549835,1.6994646787643433,-0.7117915153503418,7.345403671264648,3.263078212738037,3.3048603534698486,59.0096435546875,40.64945602416992,10.627470970153809,10.714128494262695,8.857308387756348,5.792660713195801,6.808719635009766,6.475492000579834,5.879687309265137,7.3345136642456055,4.0986833572387695,6.177506446838379,5.139538764953613,321.39802950558885,87.43212044556796,0.011194957386363636,0.0038100213869097436,string,acoustic
-340.3522644042969,109.61595916748047,-32.49925231933594,-36.73807144165039,-26.006317138671875,-28.48638916015625,-19.377843856811523,-11.185931205749512,5.984696865081787,30.54974365234375,44.898155212402344,33.92288589477539,-1.3886116743087769,68.35090637207031,31.97722625732422,27.198122024536133,11.041645050048828,7.629147529602051,9.827425956726074,5.849423408508301,7.44091272354126,3.391165018081665,4.236977577209473,6.283262252807617,7.206209659576416,6.508699893951416,853.8037359746145,68.06450597694094,0.07541725852272728,0.013549836497908177,brass,acoustic
-383.1000061035156,7.586573600769043,-19.556621551513672,-10.490911483764648,-20.025285720825195,-1.5068038702011108,22.237953186035156,45.52237319946289,35.81315231323242,-3.2493364810943604,-40.558876037597656,-19.169239044189453,22.661643981933594,36.12514877319336,20.901208877563477,9.691861152648926,5.6302170753479,6.169623851776123,2.539379358291626,4.5517449378967285,5.964454650878906,4.79627799987793,2.412576198577881,5.78908634185791,3.838949680328369,4.728476524353027,988.5079194249306,68.75487859123639,0.119609375,0.015050935096459356,bass,synthetic
-477.7184753417969,-25.183696746826172,-18.104795455932617,36.85187530517578,-24.65205192565918,-1.3232086896896362,19.26586151123047,-20.909988403320312,8.392258644104004,8.502948760986328,-16.778732299804688,11.258177757263184,2.8161683082580566,26.9255313873291,5.432264804840088,5.539597988128662,6.430587291717529,4.063614845275879,1.679792046546936,3.958191394805908,3.2279253005981445,1.6050560474395752,2.6264803409576416,2.7593369483947754,1.8111417293548584,1.8077574968338013,3163.338716226713,17.834780010469082,0.38602120535714285,0.030193290571247283,flute,synthetic
-215.5369415283203,85.54798889160156,-39.700469970703125,-12.555946350097656,-19.76803970336914,-7.6650071144104,-17.560470581054688,-2.040929079055786,-6.977610111236572,-2.0575058460235596,-13.120936393737793,-2.2009615898132324,-7.2724928855896,188.3938446044922,50.43483352661133,23.64691734313965,7.041621685028076,9.032707214355469,3.5978498458862305,6.2108988761901855,5.242861270904541,4.943657398223877,4.116142749786377,3.1368424892425537,5.61210298538208,1.9558299779891968,1955.417129498169,662.7740274577789,0.09826078869047619,0.03759959022941738,brass,acoustic
-276.0312805175781,20.544614791870117,-50.51122283935547,-21.315174102783203,-20.142549514770508,5.7935075759887695,5.433099269866943,13.45225715637207,-4.751739978790283,-1.1894047260284424,-17.85907745361328,19.852188110351562,-7.481504917144775,73.96729278564453,11.174583435058594,11.362630844116211,5.487115383148193,6.991323471069336,6.416110038757324,9.756183624267578,4.690943717956543,3.0670132637023926,7.888829708099365,6.668915748596191,4.734977722167969,7.448624610900879,2032.370133033347,287.0438139616523,0.1336337002840909,0.012201513635500571,flute,acoustic
-364.7300720214844,75.94485473632812,-19.984224319458008,0.6621031165122986,18.49968147277832,1.2507013082504272,-5.480847358703613,-0.9894443154335022,1.5852760076522827,7.778926849365234,17.93693733215332,34.98496627807617,44.46381378173828,22.012975692749023,13.2135009765625,13.754448890686035,4.862247467041016,6.760434150695801,4.952681541442871,5.115789890289307,5.244299411773682,3.681096315383911,3.344892740249634,3.7230725288391113,3.8685286045074463,4.532375335693359,735.2721209133831,32.83068364633847,0.06427058995327103,0.005416133509763308,flute,acoustic
-123.62379455566406,127.57279968261719,-75.90484619140625,1.7345699071884155,-32.546077728271484,-13.965387344360352,-28.088125228881836,-18.495128631591797,-14.856597900390625,-11.344535827636719,-16.701417922973633,-6.052164077758789,-9.615238189697266,71.2727279663086,25.146549224853516,12.511733055114746,7.084731101989746,4.554059028625488,5.8799662590026855,6.170195579528809,4.384772777557373,5.385899543762207,4.550541400909424,4.777450084686279,4.139908313751221,4.590429306030273,1264.314355486778,166.1744516804728,0.0821666150990099,0.013221073636857589,brass,acoustic
-405.1943054199219,-3.4683640003204346,-35.11393356323242,-0.574255645275116,-3.1448240280151367,8.155924797058105,28.747255325317383,10.718847274780273,-35.92281723022461,-19.41018295288086,32.76713562011719,22.063732147216797,17.291685104370117,23.75005340576172,7.790686130523682,12.898195266723633,8.619635581970215,3.376962900161743,4.591376304626465,7.618892669677734,5.219538688659668,6.463350296020508,2.893200635910034,4.922200679779053,3.9014878273010254,8.217058181762695,1642.9200228984312,247.0699528475049,0.17200100806451613,0.05679452699802926,bass,synthetic
-348.8592224121094,139.14974975585938,73.06376647949219,35.267940521240234,27.34575653076172,21.357433319091797,12.801397323608398,9.41877269744873,7.533550262451172,3.414637804031372,1.0794262886047363,1.3034793138504028,1.459495186805725,16.346635818481445,17.067874908447266,7.881206512451172,3.7377700805664062,2.256963014602661,1.6604512929916382,1.5207815170288086,1.0054106712341309,1.613551139831543,1.7108330726623535,0.7437854409217834,1.3233102560043335,1.2844218015670776,156.0972980013061,123.91406043753594,0.01357421875,0.0010540543527794385,flute,acoustic
-371.11846923828125,102.03375244140625,28.36341667175293,-1.72466242313385,-2.8745861053466797,-1.6025415658950806,3.2090299129486084,10.257858276367188,13.071904182434082,12.921798706054688,10.962687492370605,6.890100002288818,4.240842819213867,24.239498138427734,15.687623023986816,10.429125785827637,6.580373287200928,6.046988487243652,5.408651828765869,4.355200290679932,3.592285633087158,2.776275396347046,2.820202589035034,3.0289862155914307,1.9104565382003784,1.5749086141586304,294.9152746497391,102.2101374997051,0.012919523278061224,0.001055964560686657,flute,synthetic
-439.35345458984375,75.262451171875,60.45561218261719,46.24831771850586,36.987823486328125,31.327207565307617,26.51862144470215,21.709083557128906,17.499065399169922,14.618490219116211,12.625073432922363,10.832061767578125,8.725470542907715,37.94671630859375,43.48617935180664,23.52613639831543,10.30927562713623,6.490145683288574,5.125537395477295,5.033516883850098,6.177804946899414,7.007725238800049,6.093448162078857,4.621899604797363,3.1940548419952393,2.2178211212158203,151.55260128100372,38.71825306750751,0.009018406723484848,0.0014024030604965511,string,acoustic
-357.893798828125,29.573762893676758,-51.244686126708984,-44.131771087646484,-32.27613067626953,-33.08784484863281,-18.613140106201172,-5.094858169555664,-5.670604228973389,24.951671600341797,37.86295700073242,30.900972366333008,-7.056000232696533,35.629730224609375,13.45862102508545,11.450334548950195,7.191315650939941,5.10904598236084,6.767210483551025,3.1500015258789062,3.7059073448181152,3.2486674785614014,2.889744281768799,4.431807041168213,3.346346616744995,2.7331953048706055,1250.5909535643539,47.876807909727454,0.076669921875,0.006013983960926018,brass,acoustic
-413.2890625,-9.243619918823242,-13.606887817382812,-4.568196773529053,6.5986247062683105,19.36212921142578,12.388792991638184,-17.138835906982422,-13.427738189697266,23.786426544189453,48.44943618774414,22.68716049194336,-19.845348358154297,25.590906143188477,14.423686981201172,10.1401948928833,5.653908729553223,3.910611152648926,9.798704147338867,7.690841197967529,3.474226713180542,3.269442319869995,4.955165863037109,7.0140299797058105,5.778240203857422,3.1638333797454834,1506.981238587553,77.97908767067332,0.1549510770631068,0.01301039946109516,flute,acoustic
-424.93402099609375,78.75694274902344,-1.286414623260498,29.73285484313965,9.596537590026855,5.841365814208984,5.665144920349121,5.757090091705322,2.4883227348327637,5.273419380187988,0.24290208518505096,0.5670778751373291,1.7520616054534912,143.74649047851562,13.96894359588623,46.27128982543945,9.028668403625488,18.781572341918945,12.06845474243164,13.447331428527832,7.195065498352051,9.82298469543457,4.5180792808532715,9.240849494934082,8.632619857788086,7.888304233551025,1090.02170418466,333.8954354721257,0.039046999007936505,0.03066591469585764,string,acoustic
-416.1847229003906,28.477218627929688,-41.90157699584961,-42.18410110473633,-15.072436332702637,15.66675090789795,16.125049591064453,-0.1458417922258377,-17.1938533782959,-7.202146530151367,11.613537788391113,2.6071317195892334,-19.228681564331055,66.89315032958984,11.25894832611084,19.788707733154297,15.581228256225586,12.356548309326172,5.897876262664795,8.324317932128906,6.723048686981201,4.5178141593933105,6.541579723358154,9.914088249206543,5.864427089691162,7.214134216308594,1433.2928086090803,210.63391136446197,0.13804117838541666,0.021429965934778753,flute,acoustic
-437.7167053222656,-15.976969718933105,-35.95030975341797,-0.795875072479248,4.1763105392456055,22.36973762512207,11.064440727233887,-14.571069717407227,-16.18044662475586,19.55756187438965,41.550926208496094,17.67447280883789,-18.11617088317871,66.75179290771484,26.598840713500977,13.360618591308594,8.899221420288086,4.7680344581604,4.179699897766113,4.406320095062256,6.156711101531982,4.698941707611084,8.061336517333984,8.848045349121094,8.173718452453613,6.57452392578125,1947.8919740151518,145.233586185891,0.153271484375,0.027415981257102484,flute,acoustic
-414.84906005859375,-88.8473892211914,-56.83598327636719,10.316797256469727,-1.2846651077270508,18.38623046875,25.290573120117188,-13.33724594116211,-6.962167263031006,-18.56938362121582,18.0900936126709,9.31921672821045,-13.973855018615723,36.749549865722656,16.012210845947266,12.137118339538574,4.242915153503418,2.9875354766845703,4.467714309692383,5.230482578277588,3.3164584636688232,4.762195587158203,3.7779088020324707,3.530994415283203,2.7527525424957275,2.9646666049957275,3878.857315410771,64.26356509339605,0.4558984375,0.04910079530588492,flute,acoustic
-296.7716369628906,-28.61864471435547,-91.9780044555664,-5.227412223815918,-0.7633859515190125,32.380802154541016,5.459294319152832,-14.098577499389648,-6.818408012390137,33.27653121948242,28.970827102661133,-3.469163417816162,-13.654582023620605,28.283105850219727,11.677945137023926,12.545207977294922,4.079616546630859,7.574578285217285,7.152017593383789,5.968001842498779,5.30333948135376,4.694453239440918,4.206772327423096,4.03521203994751,5.376569747924805,3.6616315841674805,1874.8544905140436,104.99544964881571,0.16178385416666666,0.013808761036920835,brass,acoustic
-382.4161376953125,70.47398376464844,-31.213272094726562,-29.275802612304688,-27.44736671447754,-24.37005043029785,-23.00642967224121,-17.63135528564453,-17.96355438232422,-11.150128364562988,-0.6849119067192078,17.373180389404297,34.01284408569336,84.99787902832031,23.79958152770996,17.71139144897461,8.271629333496094,7.417521953582764,4.625851154327393,6.284712791442871,3.4628653526306152,4.689435005187988,4.128966331481934,6.327447891235352,4.464035511016846,5.280462265014648,916.078649251927,388.8545702992393,0.06595725574712644,0.012449486577844808,brass,acoustic
-279.43505859375,45.42925262451172,6.225620746612549,24.07418441772461,5.341577053070068,5.535861968994141,-8.8377046585083,-7.658709526062012,-16.0368595123291,-15.718330383300781,-23.31340217590332,-19.764867782592773,-24.03915023803711,33.581668853759766,8.386903762817383,8.017847061157227,5.137300968170166,3.863212823867798,2.5571343898773193,3.1403017044067383,3.6738781929016113,3.618839740753174,4.843055248260498,4.405951976776123,4.402040004730225,4.01352596282959,765.1235500919094,200.61676438402822,0.03773716517857143,0.00476530725537209,flute,synthetic
-323.2247314453125,134.94664001464844,26.01178550720215,5.587357044219971,1.2742209434509277,-6.791984558105469,-14.883879661560059,-18.493865966796875,-11.256935119628906,-4.527401447296143,-4.439126491546631,-1.5803731679916382,0.5119757056236267,44.22085952758789,20.029319763183594,15.41474437713623,3.883843183517456,4.9532341957092285,4.270092010498047,4.534183025360107,4.021849155426025,3.4569287300109863,3.1411209106445312,3.6648151874542236,5.266061305999756,4.850142955780029,571.5655722531503,153.06409973984793,0.059977213541666664,0.008604982303481334,bass,synthetic
-538.2888793945312,54.16761016845703,24.068727493286133,8.896923065185547,-2.8496763706207275,-5.816158294677734,-6.723929405212402,-6.667483329772949,-9.008706092834473,-11.90665054321289,-13.034231185913086,-10.068415641784668,-9.296170234680176,81.49575805664062,15.188695907592773,16.06088638305664,5.723297595977783,7.700369834899902,4.895232677459717,3.731032371520996,2.5267527103424072,2.9398787021636963,4.089831829071045,5.6320013999938965,5.9420905113220215,4.776508808135986,528.0478972782118,212.54167661678858,0.036568590389784945,0.006121063218562927,bass,synthetic
-387.6441955566406,16.059329986572266,-72.06488037109375,-23.870197296142578,-8.144516944885254,29.638874053955078,36.616336822509766,31.522890090942383,-11.479156494140625,-30.752275466918945,-7.8368916511535645,38.632789611816406,24.264760971069336,109.25896453857422,19.081504821777344,28.323322296142578,12.858050346374512,11.495345115661621,4.739144802093506,6.265626430511475,4.7687458992004395,8.509271621704102,4.146566867828369,2.9076974391937256,5.870777130126953,5.907708644866943,1781.4164090539775,330.6893351534486,0.1314415564903846,0.028282409472602365,brass,acoustic
-302.2889709472656,145.90985107421875,-61.974830627441406,-17.330589294433594,-25.849145889282227,-31.389802932739258,-20.498882293701172,-19.83043670654297,-21.624691009521484,-19.84637451171875,-11.682892799377441,-11.506757736206055,-11.491772651672363,42.176063537597656,21.13837432861328,14.134026527404785,8.23703670501709,6.296655654907227,5.613265037536621,5.951911449432373,4.312087535858154,4.725823402404785,4.415700912475586,4.0078654289245605,3.4643163681030273,3.8187966346740723,717.047288258747,31.68004018548645,0.06253384127475248,0.01011337852563096,brass,acoustic
-137.25767517089844,88.6053466796875,-54.154170989990234,-6.76270055770874,-33.16753387451172,-16.08469009399414,-22.21307373046875,-10.667041778564453,-15.88707160949707,-3.989748001098633,-13.686747550964355,-0.8361917734146118,-10.649774551391602,86.25799560546875,30.23089599609375,6.404127597808838,6.436953544616699,9.446024894714355,5.18023157119751,7.298376083374023,4.347881317138672,5.864287853240967,3.885768175125122,5.787195682525635,6.1083831787109375,4.7345733642578125,1714.8785515221005,299.93373210103283,0.11279744839449542,0.02037432143816257,brass,acoustic
-254.24620056152344,174.46331787109375,28.47402000427246,4.049983978271484,21.09762954711914,17.661441802978516,3.78427791595459,5.098547458648682,6.629159927368164,5.0284857749938965,12.185006141662598,10.062753677368164,6.460171222686768,44.110107421875,30.755165100097656,9.332276344299316,8.598062515258789,6.1254658699035645,5.299288272857666,6.50193977355957,4.781488418579102,6.911893367767334,5.507709980010986,6.133303165435791,4.369450569152832,4.803603172302246,364.183207633181,75.04373992436824,0.013379818925233645,0.006350940965359043,string,acoustic
-451.10809326171875,102.01162719726562,36.70660400390625,39.38833236694336,38.72696304321289,28.149070739746094,25.02056121826172,22.41870880126953,21.941312789916992,18.18273162841797,12.794881820678711,10.316187858581543,8.256551742553711,100.14300537109375,68.23477172851562,19.879915237426758,9.399166107177734,8.389411926269531,3.796995162963867,3.1944243907928467,1.866977572441101,1.6780766248703003,1.5314414501190186,3.7083375453948975,3.875032424926758,3.9509308338165283,158.85484153948585,34.9352975060863,0.0047607421875,0.0016692864173800468,bass,electronic
-371.7866516113281,146.44996643066406,91.28299713134766,43.179813385009766,13.024697303771973,-1.5582618713378906,-7.213864326477051,-8.931662559509277,-10.293656349182129,-12.398209571838379,-15.94503402709961,-19.095308303833008,-19.074718475341797,44.396968841552734,37.88633728027344,17.481950759887695,19.839229583740234,15.591500282287598,10.333003997802734,6.295778274536133,4.806711673736572,3.4144554138183594,3.1227593421936035,3.7686166763305664,3.6639604568481445,3.093634605407715,246.85564260094688,72.95959938242639,0.020365397135416668,0.0014241245811766332,string,acoustic
-377.3291931152344,28.914636611938477,-13.58675765991211,-7.332467079162598,-24.0196590423584,-16.824918746948242,-15.58725357055664,10.027132987976074,26.856042861938477,34.30712127685547,19.495590209960938,3.3342275619506836,-27.93966293334961,22.607707977294922,18.487125396728516,4.5764641761779785,5.802333831787109,4.937980651855469,5.225738525390625,3.9815971851348877,3.5054373741149902,5.014533519744873,5.448394775390625,4.2101311683654785,2.1347568035125732,4.35249662399292,815.1605957958433,79.31565674940607,0.08621515012254902,0.006849092639821456,flute,acoustic
-109.59623718261719,96.85914611816406,42.02961730957031,65.32455444335938,-7.116354942321777,15.787110328674316,-2.6269383430480957,8.380677223205566,-0.43670690059661865,16.75046730041504,4.715867042541504,2.6653060913085938,-10.21830940246582,77.80716705322266,23.362241744995117,15.606563568115234,8.61711311340332,9.340023040771484,5.106870651245117,7.492411136627197,4.971068382263184,5.249837398529053,4.183269023895264,3.938499689102173,3.4153764247894287,6.689781665802002,901.0133921448471,175.16648101805364,0.007620004507211538,0.0006072195377260901,bass,synthetic
-222.97900390625,13.974915504455566,-63.25733184814453,-15.877107620239258,-28.23444366455078,-17.06279182434082,-34.24858093261719,-2.09519362449646,-5.288149833679199,-32.36543655395508,-24.23536491394043,32.369117736816406,-16.45599937438965,55.2741813659668,10.560883522033691,10.086176872253418,5.63789176940918,7.380361080169678,4.847741603851318,6.973174095153809,4.910837650299072,4.491570472717285,5.870654106140137,5.921191692352295,4.520967960357666,4.954611778259277,2802.520654754935,175.70531246581135,0.264013197815534,0.030350781279562082,string,acoustic
-202.55398559570312,126.85504150390625,-21.88929557800293,16.38267707824707,9.894278526306152,15.9619779586792,-8.563908576965332,-5.478416442871094,-20.976125717163086,-11.437479019165039,-11.539332389831543,-5.12108039855957,-8.058671951293945,60.29466247558594,10.828868865966797,8.888284683227539,6.752595901489258,6.104386329650879,3.620962142944336,6.501625061035156,5.281840801239014,5.9528727531433105,5.490692138671875,5.324592590332031,4.640315055847168,5.122017860412598,745.6037939717302,52.68701079547351,0.0365234375,0.010584054905852153,string,acoustic
-251.32986450195312,251.52613830566406,-7.911476135253906,-32.60788345336914,-9.616395950317383,-3.619112253189087,-5.718512058258057,-12.358171463012695,-5.347668170928955,-0.3136575222015381,-5.703238487243652,-10.211980819702148,-3.211146831512451,46.26152801513672,21.895587921142578,23.28724479675293,6.4457879066467285,6.264660835266113,6.243496417999268,4.810803413391113,5.0210466384887695,6.418963432312012,4.496111869812012,4.013690948486328,5.134109020233154,3.3590970039367676,566.1813213697338,48.181426104393644,0.055013020833333336,0.007767290940364088,brass,acoustic
-227.41404724121094,-28.346031188964844,-29.277137756347656,18.496828079223633,-31.32984161376953,-8.376574516296387,-32.655025482177734,-5.1182332038879395,-15.391864776611328,12.265302658081055,40.50715255737305,33.591461181640625,-16.13859748840332,46.93427276611328,11.346874237060547,6.948590278625488,5.411032199859619,4.349222660064697,5.4501776695251465,4.952873706817627,5.129626750946045,5.936855792999268,8.006935119628906,8.49428939819336,6.968932151794434,6.877826690673828,2660.487710581615,136.56806168890688,0.2584423828125,0.03110779219949623,string,acoustic
-402.64599609375,77.57830047607422,66.757568359375,53.2382926940918,40.72751998901367,30.757116317749023,22.642757415771484,15.012216567993164,7.3731255531311035,0.418880432844162,-4.908168792724609,-8.455084800720215,-10.935751914978027,14.991026878356934,18.56859588623047,12.349184036254883,6.81001091003418,5.557972431182861,5.262784004211426,3.862790584564209,2.566387414932251,2.245102643966675,2.434586763381958,2.586719036102295,2.5161149501800537,2.2821359634399414,154.56694775435926,70.43099294567516,0.017050386679292928,0.0013891992143466863,bass,synthetic
-432.90802001953125,45.073333740234375,11.918378829956055,10.91865062713623,2.2475454807281494,-3.8094098567962646,-14.167835235595703,-15.149048805236816,-11.419798851013184,-12.955297470092773,-9.63023853302002,-10.491836547851562,-19.361047744750977,64.86187744140625,14.626394271850586,12.88509750366211,12.89283561706543,4.764742374420166,4.851767539978027,3.9984073638916016,4.262090682983398,7.112336158752441,3.4181978702545166,4.161398410797119,4.995655059814453,3.301143169403076,468.2066652911277,309.8367356135434,0.039238683956185565,0.004053353286548582,bass,electronic
-424.2366638183594,99.71769714355469,61.73008728027344,49.26784896850586,26.47085189819336,18.260282516479492,5.839656352996826,3.6095213890075684,1.543500542640686,10.713617324829102,11.301766395568848,17.49659538269043,9.120288848876953,143.47628784179688,31.388246536254883,17.2515811920166,13.42401123046875,12.613882064819336,13.449687957763672,11.991695404052734,10.15337085723877,10.403292655944824,2.526475429534912,5.356993675231934,10.621288299560547,9.450292587280273,796.4044217228454,274.11382126254847,0.024153645833333334,0.0054747533393312885,string,acoustic
-396.5350646972656,9.518853187561035,-32.1933479309082,25.291006088256836,-20.820674896240234,-0.7981656193733215,-14.22667407989502,-12.522306442260742,-15.625801086425781,1.0589861869812012,28.715303421020508,58.165828704833984,47.773197174072266,85.000244140625,30.231714248657227,14.439648628234863,9.61221694946289,12.878233909606934,4.420699119567871,6.288440704345703,4.148107051849365,9.712873458862305,2.240940809249878,4.511226654052734,11.236306190490723,7.567249298095703,1684.857219641522,188.72026729968653,0.1085844494047619,0.03046725806396198,flute,acoustic
-34.374027252197266,82.9769287109375,-18.90308380126953,25.00825309753418,-4.13607931137085,6.275512218475342,-9.885576248168945,4.480066299438477,-6.2539286613464355,2.9164767265319824,-8.077266693115234,1.021990180015564,-9.108165740966797,59.24358367919922,26.304941177368164,12.016685485839844,16.604948043823242,6.34591817855835,4.958531856536865,3.1242969036102295,5.069874286651611,3.3348939418792725,4.62249231338501,5.927286624908447,3.952692747116089,3.544278144836426,1529.058673201839,487.76949354902166,0.05914004486386139,0.03562391503299935,bass,synthetic
-290.748291015625,122.98430633544922,-84.01736450195312,-10.944487571716309,4.157082557678223,3.336855173110962,-1.6771678924560547,-9.624529838562012,-3.071040630340576,-10.832231521606445,-9.051865577697754,-5.287400722503662,2.3333027362823486,35.640159606933594,11.210668563842773,18.390398025512695,6.595444679260254,6.164024829864502,5.630831718444824,4.843835830688477,5.828582286834717,4.615199089050293,5.110489368438721,4.179532051086426,5.740009307861328,5.200174331665039,942.7009958445475,91.28625721693936,0.10359700520833333,0.024676807228017412,brass,acoustic
-402.9896240234375,83.87849426269531,71.58365631103516,63.798099517822266,50.17460250854492,41.125797271728516,31.264999389648438,23.336854934692383,14.56411361694336,8.485295295715332,2.858888626098633,-0.8442603945732117,-4.220030784606934,59.47175216674805,30.16155433654785,24.21259307861328,12.845453262329102,12.101356506347656,6.716371059417725,6.721014976501465,6.147261142730713,7.6415276527404785,7.103227138519287,7.320535659790039,7.105203151702881,6.6576080322265625,159.30508316224476,181.64259044768139,0.00957327178030303,0.002853749857831676,bass,electronic
-334.7798156738281,11.26579475402832,-24.048192977905273,-37.252323150634766,-40.0699577331543,12.674333572387695,43.440067291259766,13.141772270202637,-21.773679733276367,-1.3743906021118164,-26.29666519165039,-0.8252676129341125,40.904022216796875,36.8294563293457,3.6375484466552734,3.640805721282959,5.6651082038879395,5.222393035888672,1.9708136320114136,6.061744213104248,3.465123414993286,2.649454116821289,4.1293182373046875,4.008265018463135,2.811797857284546,4.825427532196045,2035.280538776066,200.03760452951548,0.12668407206632654,0.012083261737992053,flute,synthetic
-425.5845031738281,78.59574890136719,40.716068267822266,39.696773529052734,22.836219787597656,17.043046951293945,9.603171348571777,6.626157760620117,1.6666926145553589,1.4039685726165771,-0.9928884506225586,0.18491977453231812,-1.5576211214065552,152.3334503173828,60.5074348449707,49.714630126953125,30.011037826538086,18.235685348510742,11.364609718322754,9.625472068786621,8.47189998626709,7.353606224060059,5.578815937042236,4.88107967376709,4.444275379180908,3.960554361343384,628.5380457444096,775.3814139769013,0.03107638888888889,0.016723394984355253,bass,synthetic
-293.8008728027344,-52.10200881958008,-87.88301086425781,26.535158157348633,-28.84078025817871,-9.02476978302002,5.651800155639648,-15.157947540283203,-16.920021057128906,-3.589110851287842,-13.1310453414917,22.559783935546875,44.340171813964844,50.404029846191406,30.94999885559082,12.288483619689941,5.178415775299072,11.156099319458008,5.016201019287109,4.091715335845947,3.3792433738708496,4.536209583282471,3.525963306427002,3.6587255001068115,4.882546901702881,7.640214920043945,2539.0451344189623,179.44826855179045,0.2933053322208738,0.03966489008732105,brass,acoustic
-188.7526397705078,75.90069580078125,-53.1405143737793,-1.9059548377990723,-38.0523681640625,-19.5489559173584,-26.29730796813965,-12.030929565429688,-18.5858097076416,-7.509158611297607,-10.83940601348877,-2.5321483612060547,-9.183767318725586,100.6050033569336,18.104612350463867,5.775112152099609,6.212310314178467,6.849913597106934,4.319918155670166,7.495725631713867,2.052555799484253,5.567802906036377,2.078252077102661,4.099558353424072,3.6499409675598145,5.09963321685791,1511.745761680142,138.6259746057092,0.08711965460526316,0.0170249707013321,brass,acoustic
-332.06683349609375,47.21051788330078,-108.58728790283203,-32.731788635253906,-16.965856552124023,-14.712379455566406,-1.1860278844833374,17.343814849853516,36.08839797973633,40.77507400512695,15.045077323913574,-22.387588500976562,-23.030147552490234,74.82816314697266,7.94601583480835,39.27491760253906,5.252591609954834,11.970808029174805,6.4882307052612305,6.976517200469971,4.188229560852051,4.992034912109375,5.332564353942871,5.196046829223633,3.2320098876953125,3.8979804515838623,1489.1088519464183,93.69967852744456,0.14812911184210525,0.027647790957079456,brass,acoustic
-333.3304138183594,-10.622451782226562,-49.88690948486328,-4.180530071258545,29.651397705078125,6.669245719909668,-43.94283676147461,29.716650009155273,-3.0623085498809814,8.973699569702148,-24.378997802734375,11.055501937866211,15.349645614624023,41.08098220825195,1.970414638519287,7.1731953620910645,2.558483839035034,4.459362030029297,2.8787662982940674,5.347996234893799,4.255255699157715,4.114170074462891,2.8455095291137695,3.0009090900421143,2.688290596008301,3.8126611709594727,2579.7972406227323,113.13023012116292,0.2299754862882653,0.021763895318007914,flute,synthetic
-291.9220886230469,33.59117126464844,-57.99858093261719,18.46957778930664,-0.6197482347488403,-2.0791001319885254,-14.192349433898926,-5.294741630554199,-13.240114212036133,0.7990260720252991,-13.392165184020996,-9.175905227661133,-8.633723258972168,40.0634765625,10.04443645477295,9.340729713439941,6.385777473449707,6.429043292999268,5.12177848815918,5.958601951599121,4.4300618171691895,6.349057674407959,5.60167932510376,4.4886579513549805,5.096399784088135,4.652188301086426,1284.082397756679,120.72398946981501,0.11065848214285715,0.030770483470550145,flute,acoustic
-363.0029296875,182.55870056152344,44.42249298095703,-24.019939422607422,-17.77456283569336,-6.5085930824279785,-13.908642768859863,-16.762577056884766,-8.455498695373535,-6.467979431152344,-14.485208511352539,-16.990833282470703,-9.04102897644043,54.281898498535156,45.71281814575195,9.090673446655273,18.047880172729492,6.273817539215088,6.082025051116943,7.923120975494385,7.720276832580566,2.9001450538635254,4.338289260864258,5.691090106964111,8.514214515686035,4.035919189453125,514.321024464974,191.3684111824478,0.0366455078125,0.00613852265456064,brass,acoustic
-396.7010803222656,55.877685546875,-25.101619720458984,-23.63458251953125,-20.399972915649414,-17.07799530029297,-20.437986373901367,-18.187612533569336,-15.386359214782715,-6.743314743041992,-5.573147296905518,-4.387951374053955,-1.4798672199249268,96.53680419921875,22.121206283569336,18.73324203491211,6.57066535949707,9.476531028747559,4.924391269683838,5.301324367523193,3.6357338428497314,6.2318220138549805,4.505167007446289,6.523248672485352,3.9775400161743164,5.795573711395264,994.9994685829914,477.39673235839166,0.07196470748546512,0.026806510172762033,brass,acoustic
-172.85931396484375,156.69711303710938,-50.14336013793945,20.695823669433594,-8.006702423095703,-10.744808197021484,7.110310077667236,3.3488309383392334,-7.967986106872559,-12.4002046585083,-12.438996315002441,-7.292960166931152,-11.096372604370117,54.1391487121582,16.4458065032959,12.928459167480469,6.238762855529785,5.583222389221191,4.061915397644043,3.704838991165161,4.1997199058532715,4.650816440582275,5.170308589935303,4.022586822509766,3.8009941577911377,3.3179996013641357,908.0233340410921,71.91429068798871,0.05603608630952381,0.01025258278057374,string,acoustic
-122.41910552978516,-49.17794418334961,3.0609116554260254,3.0636420249938965,-7.63648796081543,0.799691915512085,-2.9590656757354736,-9.030784606933594,-19.92522430419922,25.260826110839844,-19.3842830657959,6.233604907989502,-4.210762023925781,66.8485107421875,8.637371063232422,2.643507242202759,5.207094669342041,3.541977643966675,3.5935041904449463,2.584090232849121,2.641165018081665,3.9026036262512207,4.123175144195557,2.9785284996032715,2.4150547981262207,3.149783134460449,4133.953955026347,66.10606171239189,0.4468395756740196,0.044721969161865965,bass,synthetic
-490.047119140625,-19.97185516357422,-9.610865592956543,14.364750862121582,17.539091110229492,-10.446476936340332,-7.248468399047852,28.63918113708496,-10.526604652404785,-16.84589195251465,29.883085250854492,-5.7032012939453125,-10.757441520690918,85.17227172851562,8.906110763549805,14.296748161315918,5.45980167388916,20.305757522583008,8.740726470947266,12.731525421142578,9.686598777770996,6.974406719207764,5.090757369995117,5.509625434875488,6.690837383270264,7.292461395263672,2736.3658354743275,494.491078184894,0.2725423177083333,0.04366266222057052,bass,synthetic
-248.1460723876953,-11.303747177124023,-37.033084869384766,-19.53397560119629,-33.37974548339844,-27.040523529052734,-22.107229232788086,-4.262477397918701,-10.539597511291504,-9.078975677490234,-26.594926834106445,-20.87897491455078,-6.147709846496582,57.921817779541016,11.403345108032227,6.668595314025879,4.742452144622803,5.33428430557251,4.864543914794922,5.637966156005859,5.74762487411499,6.4945502281188965,4.262855052947998,4.307115077972412,3.7251453399658203,3.4502382278442383,2846.537391662593,239.3192673236757,0.22756253756009615,0.054827892637208546,string,acoustic
-326.00457763671875,119.08059692382812,-42.43775177001953,-2.0128183364868164,2.091750144958496,-2.7850329875946045,-2.5737085342407227,-16.70244789123535,-12.541260719299316,-7.332098960876465,-5.731118679046631,-0.12528592348098755,-14.93160343170166,41.01558303833008,14.131217002868652,17.373872756958008,4.729981422424316,5.600337028503418,4.417390823364258,3.8619651794433594,5.391840934753418,3.7626287937164307,3.741910934448242,5.572127819061279,5.2882771492004395,4.0939130783081055,765.7571199473911,52.59911733487901,0.06574774225917432,0.009483446543341717,flute,acoustic
-246.45298767089844,-9.401434898376465,-62.20692825317383,-21.12354278564453,-31.705963134765625,-15.538623809814453,-20.689172744750977,-8.876058578491211,-19.837167739868164,-10.994277000427246,-13.011588096618652,17.285133361816406,31.995319366455078,52.70064926147461,28.49382209777832,12.011442184448242,5.250915050506592,4.355013370513916,4.371930122375488,5.425743103027344,3.541027307510376,3.85771107673645,2.762169122695923,4.93931245803833,3.5824379920959473,5.188811302185059,1887.2087144169561,183.06035889695505,0.08966360740291263,0.018526345827856738,brass,acoustic
-162.4925079345703,13.681097984313965,-50.69760513305664,6.935239315032959,-41.30992126464844,-24.014699935913086,-31.194429397583008,-12.49409008026123,-12.214024543762207,19.99406623840332,23.17988395690918,16.86123275756836,-23.484596252441406,55.02024841308594,7.272513389587402,9.407007217407227,4.144464492797852,6.895881652832031,3.5572776794433594,5.747120380401611,4.504977226257324,6.644570350646973,5.927778244018555,5.212723731994629,5.44943380355835,4.989370822906494,2061.637293414007,156.16140574610694,0.11047832782451923,0.01811924243318105,string,acoustic
-314.375,-3.843778610229492,-44.19488525390625,6.544475555419922,2.0744547843933105,13.510773658752441,-10.584216117858887,5.100633144378662,27.230287551879883,-0.2453506737947464,-42.697052001953125,21.96021270751953,25.712617874145508,131.26918029785156,23.861099243164062,16.251235961914062,6.765758991241455,17.263235092163086,6.693448066711426,8.448847770690918,4.559938430786133,9.523211479187012,8.970995903015137,7.04220724105835,11.636098861694336,8.579574584960938,2832.728424536084,330.31788767069673,0.23779296875,0.059162348021019155,string,acoustic
-471.0813293457031,-1.8155579566955566,-39.18016052246094,-1.1521174907684326,36.04582595825195,0.3452984392642975,-33.37409973144531,6.34514045715332,24.767684936523438,-3.3525891304016113,-25.19511604309082,6.591231822967529,22.665266036987305,20.349462509155273,2.5837299823760986,22.389205932617188,4.959715366363525,17.79401969909668,5.350715160369873,15.328657150268555,1.5785350799560547,6.4366044998168945,3.298936605453491,8.3040189743042,0.7960854172706604,6.94505500793457,1814.0347872559105,125.07398291221442,0.18126085069444445,0.04468523600890821,bass,synthetic
-328.1805114746094,53.67182159423828,-96.31712341308594,-5.696088790893555,-16.575822830200195,-26.115571975708008,-18.739316940307617,-20.392108917236328,-27.40292739868164,-13.708427429199219,-9.50008773803711,-17.856565475463867,-32.77228927612305,32.47124099731445,8.625347137451172,17.315221786499023,5.6517109870910645,8.079367637634277,4.8356614112854,5.284275054931641,5.821166038513184,5.121962547302246,3.545077085494995,3.2400307655334473,3.8883674144744873,3.9993884563446045,1109.154586446404,93.92744429400776,0.1019274779040404,0.020435033431006527,flute,acoustic
-380.234130859375,95.17640686035156,12.576123237609863,10.539788246154785,-9.080306053161621,-6.503981590270996,-11.434954643249512,-10.65919303894043,-14.876440048217773,-19.989656448364258,-20.676986694335938,-18.991317749023438,-16.43425750732422,75.65869903564453,20.182483673095703,18.793550491333008,5.560338497161865,15.414041519165039,8.18277359008789,12.721845626831055,6.322851657867432,5.71409797668457,7.740253925323486,5.826512813568115,3.8798813819885254,5.3624725341796875,646.9350136335081,150.11185007161868,0.034716796875,0.006019737522321591,string,acoustic
-447.5746154785156,56.2354850769043,-68.3794174194336,-8.757528305053711,-9.623708724975586,-1.9672825336456299,-9.858344078063965,-4.810753345489502,-3.5615592002868652,0.5356529355049133,-1.6586142778396606,6.720772743225098,7.572148323059082,143.8990478515625,49.48527908325195,21.467670440673828,10.111209869384766,15.333833694458008,6.551314830780029,7.47946310043335,4.803070545196533,6.531136512756348,4.5887770652771,4.819664001464844,4.589481353759766,7.873688697814941,1431.837287416484,630.0265427953434,0.11777090097402597,0.04798299914730277,brass,acoustic
-178.32347106933594,47.31591033935547,11.237712860107422,51.236366271972656,19.25322151184082,24.245441436767578,1.2942665815353394,6.9978251457214355,-5.5258073806762695,0.27390313148498535,-9.58034610748291,0.5897057056427002,-5.349844932556152,64.9708023071289,10.117264747619629,5.021481990814209,3.747750997543335,3.709463596343994,3.923549175262451,3.230766534805298,4.094902515411377,4.5427775382995605,4.6724958419799805,3.540955066680908,4.272088050842285,3.270129442214966,1908.9274560567708,353.0691279601179,0.0684063251201923,0.031038117602835993,flute,acoustic
-234.93170166015625,143.2016143798828,-19.071483612060547,33.52961349487305,13.815978050231934,12.254050254821777,-5.421422481536865,-0.22393399477005005,7.69199800491333,8.877096176147461,0.43182772397994995,0.40646272897720337,-0.4260883927345276,68.3187255859375,11.9771728515625,21.879426956176758,8.400894165039062,7.294417381286621,5.2864484786987305,6.38843297958374,4.694211959838867,3.920147657394409,4.843052864074707,5.6341552734375,4.039703369140625,5.092287540435791,659.9014423354547,87.44511228940476,0.02690566588785047,0.010050100197445169,string,acoustic
-490.88922119140625,56.86752700805664,34.474815368652344,31.77263641357422,18.068525314331055,10.693214416503906,1.9818449020385742,-3.3041064739227295,-7.258813381195068,-4.756964683532715,-6.892430305480957,-8.873713493347168,-10.887016296386719,95.78980255126953,31.972362518310547,17.120601654052734,14.938129425048828,5.492060661315918,3.1891229152679443,5.14874792098999,4.945582866668701,4.341010093688965,8.004570960998535,4.732707500457764,2.384136199951172,2.0661957263946533,392.1237641132649,232.31999654076458,0.027205557193396228,0.002526304944754709,bass,electronic
-483.4734191894531,7.00670051574707,13.239486694335938,13.964329719543457,6.698984622955322,12.374507904052734,13.284290313720703,4.211714744567871,16.845056533813477,6.965634822845459,8.68759536743164,14.866849899291992,5.26710319519043,19.267751693725586,13.573005676269531,11.876495361328125,7.338061332702637,3.9708123207092285,4.022505283355713,5.601187229156494,6.964789390563965,8.889960289001465,4.011251449584961,1.9259796142578125,5.573624610900879,4.83079719543457,45.99324229167853,80.52399433464264,0.00012330334595959597,0.000590292152003519,bass,synthetic
-228.08932495117188,162.20433044433594,-36.2097282409668,27.156858444213867,7.0725321769714355,-15.523073196411133,6.5478644371032715,12.86099910736084,-0.4160445034503937,-0.6282278299331665,-6.214264869689941,-13.212650299072266,-14.571146965026855,47.59819030761719,16.10854721069336,15.958688735961914,7.40696382522583,6.167490482330322,6.972113132476807,4.464988708496094,5.679912567138672,4.2512712478637695,4.941315174102783,3.9100897312164307,4.362837791442871,4.183742523193359,617.4977665103187,75.61697249196762,0.03413743239182692,0.010867604065674726,string,acoustic
-287.32647705078125,-22.026504516601562,-115.13797760009766,8.916624069213867,-26.683731079101562,-9.241710662841797,-13.87429141998291,-6.14157772064209,12.330923080444336,38.28673553466797,36.267234802246094,18.440561294555664,-21.976913452148438,38.23878479003906,16.348678588867188,10.493078231811523,5.606727600097656,5.110019683837891,3.238079309463501,3.9777936935424805,3.31982159614563,3.6317594051361084,4.246637344360352,5.250264644622803,3.9864909648895264,4.35518741607666,1944.4889558348336,75.65466195270349,0.16580847537878787,0.01654708777856611,brass,acoustic
-192.739990234375,111.28767395019531,-59.402626037597656,21.36616325378418,-27.09984588623047,-20.44983673095703,-19.165616989135742,-18.734989166259766,-7.924123287200928,-7.568903923034668,-12.443284034729004,-8.86452579498291,-12.723076820373535,53.58387756347656,9.85197639465332,15.299407958984375,5.188352584838867,7.356661796569824,4.75567102432251,4.442358493804932,4.044595718383789,4.108582973480225,4.598170757293701,4.302992343902588,3.8585474491119385,4.398329257965088,1036.60897632175,93.58607112523657,0.06203049879807692,0.01065345300395548,string,acoustic
-237.63638305664062,24.69657325744629,-25.76820182800293,6.078190803527832,-8.904425621032715,-6.179155349731445,-23.05190086364746,-12.504448890686035,-24.029062271118164,6.625509262084961,17.020248413085938,23.836788177490234,-4.7031731605529785,40.494178771972656,9.555463790893555,4.196704387664795,4.416842460632324,3.8045735359191895,4.670324802398682,4.411311149597168,4.10355281829834,5.448617458343506,5.452877521514893,6.331909656524658,5.814298152923584,4.3213677406311035,1851.8430497216916,136.96136799328772,0.12078795770202021,0.021537954768570563,string,acoustic
-448.37811279296875,66.04292297363281,12.147618293762207,-4.6563401222229,-20.510168075561523,-29.743318557739258,-29.883623123168945,-27.814369201660156,-27.79186248779297,-23.17963981628418,-5.340620040893555,16.945068359375,26.68073272705078,74.04174041748047,32.180137634277344,15.386800765991211,4.5151519775390625,7.242138862609863,9.902613639831543,4.50920295715332,3.8069770336151123,4.882691383361816,10.662619590759277,10.387161254882812,4.37338924407959,4.442274570465088,662.4022673554716,125.15452572635665,0.06382876536885246,0.006426979608236634,string,acoustic
-262.08172607421875,-18.37944984436035,-30.16278076171875,27.646507263183594,-12.604157447814941,6.534741401672363,-16.109458923339844,-0.520703136920929,-18.253738403320312,-5.757079124450684,-17.061939239501953,13.426714897155762,43.2078742980957,43.251773834228516,17.794769287109375,7.808234214782715,6.4559102058410645,6.979987144470215,8.309749603271484,6.244683265686035,5.0507893562316895,5.660255432128906,3.6313679218292236,3.9383597373962402,5.600390911102295,6.428036212921143,1749.6905893835594,275.2648461659351,0.09434323890186916,0.04019031584894901,flute,acoustic
-267.5511474609375,-94.10606384277344,-39.33095932006836,-9.537799835205078,-26.10013771057129,1.6576768159866333,-9.700117111206055,-9.971246719360352,-10.063695907592773,1.274027705192566,-11.224894523620605,0.26950109004974365,-25.15727996826172,63.458126068115234,27.945358276367188,12.393516540527344,5.089155197143555,4.324683666229248,2.5763299465179443,2.9928338527679443,2.413853645324707,2.238485336303711,3.141908645629883,2.7429068088531494,2.7426798343658447,4.123570919036865,2887.7829828255117,299.4775198302157,0.21748737373737373,0.035567933993788395,brass,acoustic
-211.19639587402344,190.3067169189453,19.147783279418945,13.633057594299316,26.64902114868164,15.794384956359863,-1.3833798170089722,8.948055267333984,-5.418806552886963,-0.8451094031333923,0.3469622731208801,9.868535041809082,8.413546562194824,76.12969970703125,33.774173736572266,14.886701583862305,9.815668106079102,3.777963876724243,5.493401050567627,6.877885818481445,3.531104803085327,5.639943599700928,4.369574546813965,3.935267210006714,3.876824378967285,3.7637698650360107,425.08074873320857,64.06386859120103,0.013188157126168224,0.0027754107210458227,string,acoustic
-347.57513427734375,-23.906015396118164,-24.29911994934082,6.010195255279541,-32.20603561401367,-18.153919219970703,-19.440509796142578,-3.642855405807495,27.89695930480957,53.62842559814453,31.906185150146484,-16.607120513916016,-48.306068420410156,44.40901184082031,20.264169692993164,6.996951580047607,5.475757598876953,8.965846061706543,5.17697286605835,5.800811290740967,4.16133451461792,4.270071029663086,7.57515811920166,4.923417568206787,3.9839649200439453,7.5723490715026855,1701.3199422115638,242.50887642516278,0.09983004056490384,0.01510440678273641,flute,acoustic
-419.3681640625,78.6888656616211,8.064412117004395,-5.468585014343262,-10.796921730041504,-7.319118499755859,-23.54031753540039,-26.295703887939453,-20.233304977416992,-26.11519432067871,-22.278827667236328,-22.9324893951416,-18.932491302490234,99.99446105957031,52.35726547241211,27.201623916625977,20.8955078125,18.71308135986328,5.296209335327148,16.878868103027344,13.342589378356934,5.072214126586914,10.26811408996582,5.149861812591553,6.160898208618164,4.893773078918457,458.14701423726893,156.2453521228768,0.0369140625,0.005672054571666676,string,acoustic
-130.6035614013672,93.46806335449219,-65.14480590820312,61.71797561645508,-45.24845886230469,-4.894678592681885,-25.02814483642578,-2.754206418991089,-3.795098066329956,-9.392895698547363,-3.2885239124298096,2.7195417881011963,-10.651178359985352,45.117671966552734,13.216348648071289,10.093037605285645,8.73161792755127,6.892400741577148,7.1952433586120605,4.456700325012207,4.824496269226074,5.877654552459717,3.924825429916382,3.7439520359039307,5.082761287689209,5.479770183563232,1363.436889117636,99.06886385047711,0.09388087951030928,0.02237305830755472,string,electronic
-217.8020477294922,111.16929626464844,-27.47020149230957,-3.2339437007904053,-23.056333541870117,-0.35837867856025696,-17.943912506103516,-4.803182125091553,-16.66691780090332,0.22292031347751617,-6.552505016326904,2.3683810234069824,-8.150260925292969,177.71524047851562,49.65946578979492,24.1059513092041,6.809258937835693,9.973901748657227,4.458853721618652,6.915370464324951,2.6890366077423096,6.460155963897705,4.6270270347595215,4.617976188659668,4.456886291503906,5.235147476196289,1648.6286280790148,610.3319310324579,0.07491629464285714,0.026376043722434638,brass,acoustic
-355.392578125,-53.48346710205078,-29.459962844848633,7.478641510009766,1.0275728702545166,7.3467607498168945,23.570999145507812,45.31813049316406,26.180782318115234,-14.29942798614502,-16.233116149902344,31.282974243164062,20.46243667602539,44.78654479980469,18.309072494506836,5.806543827056885,6.081674098968506,7.740556240081787,4.408515930175781,10.244839668273926,8.344202041625977,5.731709003448486,4.882987022399902,4.284726142883301,3.121915817260742,4.208329677581787,2817.1111952519373,242.4161798350156,0.23917489681603774,0.020982534874951667,flute,acoustic
-463.46636962890625,27.778427124023438,2.1331050395965576,23.078399658203125,26.128211975097656,14.748832702636719,5.376324653625488,19.208677291870117,13.381367683410645,0.6846851110458374,11.527647972106934,21.641830444335938,3.5945422649383545,82.77058410644531,15.613903999328613,29.546369552612305,7.950822830200195,7.393659591674805,3.117260694503784,8.52314567565918,4.24337100982666,3.9715769290924072,6.655433654785156,3.8096914291381836,10.688469886779785,4.671427249908447,1191.6283181967901,732.6410685426991,0.099853515625,0.10573613955658194,flute,acoustic
-323.69677734375,144.41314697265625,-50.39374923706055,-20.187685012817383,-11.300100326538086,-12.34118938446045,-7.104025840759277,-6.727133750915527,-7.164458751678467,-3.8662168979644775,-7.975983619689941,-8.31969165802002,-5.22062349319458,46.872615814208984,14.540325164794922,24.23734474182129,5.340153217315674,4.45601224899292,4.276710510253906,4.117820739746094,3.7587954998016357,3.984670877456665,2.5278360843658447,3.3614299297332764,3.1962924003601074,2.938098669052124,711.8133573020638,73.86323694332211,0.056147509282178217,0.005854738139212588,brass,acoustic
-293.7732238769531,-36.845638275146484,-51.23838806152344,-8.786611557006836,-33.65925979614258,-6.800198078155518,28.51776695251465,55.38644027709961,27.704742431640625,4.365566730499268,-35.9796028137207,-9.81745719909668,25.65778923034668,40.54037094116211,15.449342727661133,7.48250675201416,6.612124443054199,3.038760185241699,2.969432830810547,5.652622699737549,7.987171173095703,3.4668164253234863,4.17476749420166,4.284057140350342,5.067314624786377,5.517075061798096,1924.6826781623672,163.7688958198623,0.11780133928571429,0.016564459339025315,flute,acoustic
-210.5515594482422,105.42256164550781,-40.263397216796875,32.69038009643555,1.9279261827468872,-8.874905586242676,-2.3715264797210693,8.809809684753418,0.25659021735191345,-3.2954490184783936,-11.609418869018555,-8.562015533447266,-7.799513339996338,51.26195526123047,12.994744300842285,12.506929397583008,8.06041145324707,5.161109447479248,4.520904541015625,4.992642402648926,5.60280179977417,4.6349077224731445,6.574037551879883,4.573991298675537,4.853480815887451,4.824192047119141,1001.2494343129964,121.37611373521997,0.07113095238095238,0.0233395903402962,string,acoustic
-353.9110107421875,113.36170196533203,88.33052825927734,60.95064926147461,36.84119415283203,21.69871711730957,13.99769401550293,10.955516815185547,8.729530334472656,6.816136360168457,4.900838375091553,3.9505186080932617,3.307365655899048,40.11677169799805,27.98246192932129,19.46211051940918,8.811615943908691,8.497784614562988,9.739368438720703,8.629547119140625,6.11009407043457,4.214582443237305,3.038160800933838,2.642183542251587,2.471195697784424,2.32708477973938,125.10363607366027,105.20287687490551,0.008575994318181818,0.0006763493236768788,bass,synthetic
-159.89584350585938,73.37735748291016,-76.36769104003906,4.291392803192139,-51.18972396850586,-18.750965118408203,-35.870506286621094,-11.700450897216797,-24.434185028076172,-19.425363540649414,-15.00627326965332,-3.8495466709136963,-0.3766656517982483,70.41313934326172,5.9477128982543945,18.785417556762695,5.14644718170166,11.453856468200684,5.745298862457275,8.070818901062012,4.2508015632629395,4.1901984214782715,3.455698013305664,3.7606825828552246,3.4273386001586914,3.6795363426208496,1454.9552996084285,172.30613857694152,0.0972759540264423,0.01830691028725917,string,acoustic
-218.17724609375,74.27072143554688,1.9609872102737427,23.05503273010254,-4.488434314727783,20.916446685791016,-7.776601314544678,1.8544436693191528,-8.15180778503418,-4.325541019439697,-6.380275726318359,-5.110681056976318,1.2284654378890991,79.52462768554688,12.685320854187012,13.489282608032227,8.078208923339844,8.44768238067627,5.658890247344971,8.366646766662598,4.342350482940674,7.515453815460205,6.088932991027832,5.512867450714111,6.122023105621338,6.518757343292236,1021.4081525711647,192.32971859540007,0.05517126012731482,0.016292918681872635,string,acoustic
-286.23712158203125,126.2060546875,-41.1171760559082,-6.013736724853516,-22.696346282958984,-22.57126808166504,-22.60570526123047,-17.224117279052734,-15.495388984680176,-13.084840774536133,-7.879981994628906,-8.234123229980469,-7.672602653503418,82.11834716796875,19.173673629760742,19.93080711364746,6.74821662902832,15.516688346862793,5.537057876586914,7.356125831604004,4.637108325958252,3.4109954833984375,4.38325834274292,3.0556280612945557,2.9640207290649414,3.108247756958008,926.3444124479369,91.55687492360245,0.0591796875,0.012256345701257389,brass,acoustic
-446.0408630371094,127.9410629272461,39.32207107543945,1.697975516319275,-7.523855209350586,-9.778679847717285,-14.712223052978516,-15.292513847351074,-10.683158874511719,-8.031704902648926,-10.362875938415527,-13.316319465637207,-15.990020751953125,81.97724151611328,41.81483459472656,30.671276092529297,18.445472717285156,7.162941932678223,4.76289701461792,8.817254066467285,7.8825860023498535,5.0459418296813965,5.479004859924316,3.7507643699645996,3.8923590183258057,3.993908643722534,469.2979288181362,120.64742199469234,0.032786051432291664,0.0037132785618310808,string,acoustic
-167.90516662597656,138.46426391601562,-74.95525360107422,10.854747772216797,-33.23048782348633,-25.635583877563477,-21.554960250854492,-24.036376953125,-15.784557342529297,-9.583257675170898,-13.815844535827637,-16.52366828918457,-19.531919479370117,86.26526641845703,14.014044761657715,28.25718116760254,4.137391567230225,8.748629570007324,4.459230899810791,4.876192092895508,4.849366664886475,4.565415859222412,3.744691848754883,4.379298686981201,3.4287827014923096,3.836487293243408,1081.5651955223645,139.2473235079135,0.07740162037037036,0.016559553528250986,string,acoustic
-301.51885986328125,42.148563385009766,-46.851470947265625,12.265070915222168,-7.8784966468811035,-11.42866039276123,-24.53812026977539,-14.53510570526123,-16.504980087280273,-2.7731826305389404,19.497455596923828,42.139156341552734,19.925247192382812,35.89463806152344,4.713118553161621,9.176647186279297,6.8640618324279785,4.998144626617432,4.261691093444824,6.237262725830078,4.355498313903809,3.3603153228759766,3.560214042663574,4.861883163452148,5.171648979187012,4.050395965576172,1335.8349579772555,201.7464058190958,0.10416818779205607,0.036536265406630776,flute,acoustic
-446.84686279296875,95.93799591064453,35.876216888427734,16.524324417114258,4.031094074249268,2.730389356613159,0.39593276381492615,11.550801277160645,4.257774829864502,-0.04638959839940071,-0.513798177242279,-0.9554898142814636,-14.24084758758545,76.90877532958984,25.344770431518555,13.02985668182373,9.09103012084961,6.057147026062012,5.047685623168945,11.67127513885498,6.86314058303833,6.353765487670898,4.522893905639648,3.922614336013794,6.174567222595215,3.825470447540283,388.73616589630694,336.42285316148167,0.02398618717783505,0.007302627961066867,bass,electronic
-3.6466493606567383,139.4185333251953,-66.78349304199219,69.39693450927734,-24.0491943359375,18.113561630249023,-11.629730224609375,-4.113752841949463,-19.038610458374023,-2.690023183822632,-0.5266778469085693,-8.240457534790039,-9.63747787475586,77.2783432006836,15.77872371673584,25.690031051635742,9.545426368713379,13.550559043884277,6.080442428588867,9.616536140441895,6.810412883758545,8.508596420288086,6.418906211853027,5.985392093658447,7.629086017608643,8.364790916442871,1344.93679730664,227.88418458346942,0.0706591796875,0.015618024413377103,bass,synthetic
-164.28994750976562,170.86895751953125,-41.20912551879883,17.992977142333984,-3.5010666847229004,-12.936171531677246,1.0365798473358154,5.789172649383545,-10.03493595123291,-8.243939399719238,-15.137285232543945,-7.143983364105225,-14.874551773071289,107.28114318847656,32.08183288574219,23.514604568481445,6.280473709106445,9.280391693115234,9.160642623901367,5.285980224609375,4.9304914474487305,5.0938262939453125,4.187246799468994,4.493391036987305,3.8647196292877197,4.446486949920654,812.3498449520218,154.63329774340363,0.05404525619369369,0.014820884284672039,string,acoustic
-311.54608154296875,48.23374557495117,-41.817081451416016,-13.584187507629395,-11.864766120910645,-7.304557800292969,-2.7694790363311768,17.129690170288086,31.770774841308594,26.28026580810547,-4.209714889526367,-18.515962600708008,-15.817968368530273,34.03814697265625,10.621309280395508,10.830533981323242,5.9275665283203125,5.909961223602295,4.5286359786987305,4.685382843017578,4.079125881195068,3.6722586154937744,4.234052658081055,4.3336029052734375,3.9854185581207275,3.791827440261841,1092.5987241828468,63.95155304346563,0.0963774181547619,0.00786532923737596,flute,acoustic
-275.06793212890625,64.67906951904297,-164.92630004882812,48.77074432373047,-23.025856018066406,-26.905780792236328,4.599537372589111,-15.541215896606445,-19.798707962036133,6.262357234954834,-6.310978412628174,-14.687483787536621,2.4042696952819824,55.847286224365234,14.868850708007812,17.595333099365234,13.570907592773438,18.364238739013672,6.958040237426758,5.354855060577393,5.684492111206055,3.7366294860839844,3.3478569984436035,4.252527713775635,4.931085109710693,2.460637331008911,1768.8035577255844,95.26915729807757,0.23509803185096154,0.032649748219120076,brass,acoustic
-245.25372314453125,13.860891342163086,-35.04912185668945,0.9048900604248047,-2.0648279190063477,18.834484100341797,-17.091711044311523,-25.061874389648438,0.30221083760261536,29.41559410095215,-28.325048446655273,-12.900513648986816,28.032052993774414,63.89667892456055,7.516753196716309,4.720372200012207,4.009631156921387,3.8229517936706543,3.5097274780273438,3.6483380794525146,3.8023061752319336,4.647119045257568,4.607595443725586,4.921748161315918,4.434298038482666,4.852360725402832,2838.0459550890814,165.16452771201025,0.2731271904205608,0.04281583257778164,string,acoustic
-382.4261474609375,-72.44908142089844,-73.4523696899414,-4.616508960723877,-3.989300489425659,22.4855899810791,12.705484390258789,-3.846226692199707,-32.73738098144531,0.7816098928451538,25.112838745117188,22.741628646850586,-24.351661682128906,45.05807113647461,13.133769989013672,12.090115547180176,6.832850933074951,5.128615856170654,6.035971164703369,5.498384475708008,4.171219348907471,4.4355854988098145,4.25663948059082,3.8246304988861084,5.830410003662109,4.807624340057373,2697.1528976082195,94.22672393832282,0.1452099609375,0.01107352441296354,brass,acoustic
-307.962646484375,143.77981567382812,-19.32186508178711,19.474306106567383,-22.80241584777832,-24.590747833251953,-7.511361122131348,-2.9590067863464355,-14.000718116760254,-12.056425094604492,7.6723198890686035,22.51814842224121,4.975483417510986,103.8153305053711,13.855077743530273,19.444581985473633,8.666993141174316,12.156916618347168,4.567564964294434,5.824215888977051,4.221786975860596,5.3123345375061035,5.163830757141113,6.373872756958008,2.647263526916504,7.591360092163086,990.8380641201194,95.78037861572577,0.06875465029761904,0.010379491370745725,string,acoustic
-365.9038391113281,81.98523712158203,-21.940410614013672,-13.6258544921875,-8.2099027633667,-20.982715606689453,-14.375079154968262,-12.850553512573242,-20.42072868347168,-12.622937202453613,-19.696577072143555,-5.830096244812012,17.360157012939453,32.39431381225586,10.882678985595703,13.716431617736816,5.788817405700684,5.198195934295654,5.6553144454956055,3.6379146575927734,4.438518047332764,5.2456254959106445,4.719712257385254,5.734438419342041,3.377213954925537,4.6330695152282715,817.6997451032975,79.04661002423344,0.06249534970238095,0.011194623509074178,flute,acoustic
-437.6697082519531,21.743391036987305,-57.828636169433594,-18.854917526245117,-7.805604457855225,-10.240388870239258,-13.853157043457031,-0.8561145067214966,16.387989044189453,36.4739990234375,38.24601364135742,17.503480911254883,-17.06610870361328,84.49275970458984,20.243207931518555,13.490056037902832,5.533971309661865,11.365357398986816,4.316185474395752,5.284489631652832,4.373769283294678,4.116596698760986,4.904272079467773,3.972254514694214,3.899160385131836,5.664610862731934,1260.1290455597068,434.71555010594165,0.09220076195987655,0.023730643655834143,brass,acoustic
-191.51815795898438,82.79020690917969,-6.226519584655762,14.296690940856934,-0.4392368197441101,12.024691581726074,1.3790862560272217,14.167218208312988,1.9384499788284302,4.07969331741333,-5.346216678619385,6.03333854675293,-1.7736033201217651,181.74606323242188,7.660526275634766,6.534175872802734,5.2170515060424805,3.454050302505493,3.7715816497802734,2.288233757019043,5.823789596557617,4.886088848114014,3.9907405376434326,2.640287399291992,2.3170759677886963,2.8615708351135254,1833.3747380150853,77.84666726438041,0.041814630681818184,0.013627847266267564,bass,synthetic
-262.98297119140625,59.58503723144531,-31.83699607849121,19.970394134521484,-26.841690063476562,-8.879218101501465,-13.674055099487305,-16.136032104492188,-20.849536895751953,-23.838979721069336,-25.703176498413086,-23.63851547241211,-20.232667922973633,27.751230239868164,11.870004653930664,12.217363357543945,5.227591037750244,8.594646453857422,4.050891876220703,3.2730138301849365,4.131391525268555,3.9036591053009033,3.268648862838745,2.1582648754119873,3.8143935203552246,3.2385778427124023,644.0525313755193,72.87210686381371,0.036411830357142856,0.0029896929396954295,flute,acoustic
-356.0636901855469,124.4113540649414,82.71646118164062,45.52830123901367,24.342620849609375,17.142419815063477,16.819904327392578,15.544588088989258,10.869834899902344,5.887090682983398,3.4782440662384033,3.557309865951538,4.027973175048828,24.214412689208984,20.236244201660156,12.619884490966797,8.504888534545898,4.802075386047363,4.076490879058838,3.3522138595581055,3.071240186691284,2.842087507247925,2.058168888092041,1.9261542558670044,1.6703585386276245,1.5122445821762085,112.19686360974447,43.3226307387434,0.0047731983418367345,0.0018879256931493876,flute,synthetic
-284.5552062988281,140.94154357910156,-63.23145294189453,6.470823764801025,-23.23158836364746,-10.829109191894531,-11.187782287597656,-3.066030979156494,-6.685732841491699,-1.4512335062026978,-7.883072853088379,0.2821090519428253,-7.594573020935059,112.48077392578125,13.532366752624512,12.912091255187988,8.638195991516113,13.07279109954834,8.003423690795898,10.828397750854492,4.399646759033203,5.575669288635254,5.594751834869385,8.516142845153809,5.304985046386719,5.82181453704834,1199.8531768967066,119.49976991331974,0.0930757068452381,0.020468178128803565,brass,acoustic
-362.572509765625,-5.560980796813965,-50.60585403442383,25.452360153198242,41.82583999633789,13.57583999633789,-23.101783752441406,18.659528732299805,1.7176557779312134,-9.037408828735352,5.0459113121032715,31.832674026489258,-22.57836151123047,28.551034927368164,8.862885475158691,10.176798820495605,3.2553207874298096,5.063043594360352,5.156149864196777,5.130235195159912,3.7196760177612305,4.773433208465576,3.7177178859710693,4.041752338409424,5.761618614196777,4.921263694763184,2217.371091267997,69.69767210912929,0.2434247952063107,0.018885184481969974,flute,acoustic
-457.7507629394531,141.9127655029297,65.79442596435547,14.268548011779785,-1.9164438247680664,-13.910659790039062,-32.82120895385742,-38.87819290161133,-23.8466854095459,-7.017332553863525,-4.927923202514648,-10.882018089294434,-11.77920150756836,58.94231033325195,53.70600891113281,5.556674003601074,15.99767780303955,4.590316295623779,7.3118896484375,6.151978969573975,11.331703186035156,5.237725257873535,8.23291301727295,4.098235130310059,3.385511875152588,3.448539972305298,375.8739956469706,17.36728118136678,0.046956380208333336,0.013282436741684406,bass,synthetic
-478.3082580566406,48.17205810546875,20.996112823486328,6.657690048217773,-2.4914183616638184,-10.8727388381958,-17.268808364868164,-23.491291046142578,-28.628110885620117,-27.85280990600586,-20.88055992126465,-13.747676849365234,-11.280966758728027,39.57020950317383,29.305986404418945,5.809475421905518,4.710902214050293,5.147071838378906,5.266800880432129,4.338470935821533,6.12492036819458,9.649592399597168,9.54390811920166,4.076454162597656,3.509847640991211,3.2079617977142334,447.35463985375225,45.416581671437434,0.04542054521276596,0.003648390139957023,string,acoustic
-208.87588500976562,38.93670654296875,-46.90382385253906,17.2606258392334,-42.624549865722656,-17.020708084106445,-15.699007034301758,-13.34653091430664,-19.856613159179688,-22.210405349731445,-25.478866577148438,-6.195957183837891,-5.318982124328613,50.50353240966797,11.963583946228027,8.689409255981445,5.413961887359619,6.708853721618652,3.8238024711608887,4.553309917449951,4.561040878295898,4.019639015197754,3.90759539604187,4.085409164428711,3.852924346923828,4.3152995109558105,1722.1788939234661,175.1476694947476,0.10746495863970588,0.027269286841289285,string,acoustic
-172.54852294921875,107.7521743774414,-33.4514045715332,23.187294006347656,13.63528823852539,7.883814811706543,-0.6947202682495117,-11.423619270324707,-11.402544975280762,-7.880465507507324,-5.927631378173828,1.3298299312591553,-4.373903751373291,30.909711837768555,13.057765007019043,6.815913200378418,7.040615558624268,4.749317646026611,4.900282859802246,3.453850269317627,3.0914790630340576,4.688841819763184,3.1879374980926514,3.1679837703704834,3.1298065185546875,3.703406810760498,792.8894738588958,132.54134783387298,0.024721125966494846,0.007545655100966082,flute,acoustic
-203.6502685546875,129.23687744140625,-39.281044006347656,13.112295150756836,-16.26793098449707,-11.811835289001465,-4.688651084899902,0.4177676737308502,-2.028071403503418,-6.126960754394531,-13.886451721191406,-6.69770622253418,-11.483935356140137,62.691097259521484,15.667884826660156,16.743494033813477,5.63880729675293,8.287976264953613,5.70482873916626,5.422413349151611,4.508744716644287,3.665769577026367,5.233252048492432,4.99075174331665,4.403155326843262,4.622605800628662,809.2994494800591,99.87498230868705,0.05360038325471698,0.015892797618970795,string,acoustic
-391.5514831542969,10.463708877563477,-33.81178665161133,-0.836346447467804,23.232568740844727,21.971586227416992,-5.968972682952881,-12.906611442565918,8.844443321228027,25.673067092895508,-3.8897979259490967,-11.39830493927002,19.073625564575195,81.63262939453125,11.914206504821777,21.099849700927734,9.739953994750977,8.687097549438477,9.38672924041748,9.322796821594238,6.0995774269104,8.470584869384766,4.962647438049316,5.292725086212158,4.602672100067139,7.004805088043213,1785.755662766239,275.16398749986627,0.17659505208333334,0.024943266178312416,flute,acoustic
-194.15830993652344,143.13156127929688,-25.910564422607422,16.89422607421875,9.778709411621094,20.353225708007812,3.0103113651275635,14.037334442138672,-11.499547958374023,0.5123416185379028,-14.123699188232422,-8.266311645507812,-6.834240913391113,30.11898422241211,12.96463680267334,7.958540916442871,8.402323722839355,4.575188636779785,4.349803924560547,6.0011820793151855,3.761077642440796,3.544414758682251,4.205036163330078,4.557833194732666,3.1872684955596924,3.1734156608581543,582.8584126759537,127.07591379165092,0.018917123067010308,0.0073352105391480535,flute,acoustic
-288.14605712890625,-16.110774993896484,-66.39086151123047,-29.4405460357666,-32.17582321166992,-17.172212600708008,-15.597780227661133,3.3377044200897217,14.142550468444824,24.751113891601562,1.4453498125076294,-9.661133766174316,-18.38742446899414,142.0287322998047,67.93556213378906,32.01513671875,12.030893325805664,13.365103721618652,10.789904594421387,13.70166301727295,21.266218185424805,20.82448959350586,19.897184371948242,14.53492546081543,16.20578384399414,10.610372543334961,2625.2605829716076,873.6491332561233,0.18952287946428573,0.08242885369301862,brass,acoustic
-408.2247619628906,-49.44954299926758,19.03046989440918,21.977785110473633,-12.693822860717773,9.61523151397705,-12.49290657043457,1.7695242166519165,-3.189260959625244,-3.5160861015319824,-8.718151092529297,2.5402045249938965,-3.9502649307250977,110.75322723388672,42.74502944946289,8.68159008026123,2.995894432067871,9.35234546661377,3.926682949066162,2.699711561203003,2.9005625247955322,9.110891342163086,7.081132411956787,3.762718677520752,2.113611936569214,1.6614627838134766,1806.3280353040193,393.52935382539204,0.05333472079918033,0.008844649257890162,bass,synthetic
-190.12432861328125,47.63349151611328,9.746480941772461,51.05952453613281,17.856182098388672,23.716747283935547,2.5100436210632324,7.030910491943359,-7.173827648162842,-0.6687270402908325,-9.217283248901367,1.7805490493774414,-5.1541748046875,86.19285583496094,20.97216796875,8.340923309326172,3.789252758026123,4.073935031890869,5.051847457885742,3.7307887077331543,5.11706018447876,2.924302339553833,3.8361074924468994,3.5003316402435303,3.094175338745117,3.149517297744751,1984.7011812965686,445.253677784192,0.0778719815340909,0.040819777904893974,flute,acoustic
-276.272216796875,142.5503692626953,12.861197471618652,1.0412529706954956,2.2944395542144775,-9.838689804077148,-2.306668519973755,2.978665828704834,4.920821189880371,11.586554527282715,9.945019721984863,7.670294284820557,6.963926315307617,34.98433303833008,17.087472915649414,13.249006271362305,4.946404457092285,4.212350368499756,5.902126789093018,4.800145626068115,4.0635151863098145,2.503664970397949,2.1382150650024414,2.705517530441284,3.5839931964874268,2.4269471168518066,402.67374846194673,100.91500250603413,0.014743104272959183,0.003997763487302549,flute,synthetic
-242.02359008789062,16.135793685913086,-89.33226776123047,2.9640004634857178,-25.051870346069336,1.4521050453186035,-15.533318519592285,-9.13645076751709,-19.253257751464844,-2.724238395690918,-9.471442222595215,5.3111114501953125,-7.857166767120361,58.78474807739258,24.739931106567383,12.028609275817871,6.442296504974365,9.392207145690918,5.019472122192383,7.887560844421387,5.2841033935546875,5.750150203704834,4.88173246383667,4.601137638092041,4.841734409332275,5.153615474700928,1631.102973221248,149.03226907884374,0.15719461886682243,0.021188021408533243,brass,acoustic
-457.2689514160156,108.77674102783203,-5.623237609863281,3.903261184692383,8.2532958984375,-2.026746988296509,-8.883463859558105,5.788087368011475,-6.028007507324219,-20.200986862182617,-24.653303146362305,-10.444690704345703,4.64886474609375,145.21824645996094,68.00862884521484,25.764463424682617,19.912212371826172,11.050418853759766,8.630509376525879,4.773809909820557,10.018614768981934,6.179836750030518,15.397015571594238,13.799911499023438,10.407962799072266,10.778058052062988,1001.9182170380013,397.8881650256216,0.13395182291666666,0.07271438879466785,bass,synthetic
-330.3151550292969,-3.538994550704956,-35.14540481567383,1.4586488008499146,-18.752017974853516,8.755037307739258,11.81849479675293,21.15119171142578,-10.855820655822754,-31.211673736572266,-4.855538368225098,40.58705139160156,28.439035415649414,117.69476318359375,24.808176040649414,18.701181411743164,2.585324764251709,17.10325050354004,10.939785957336426,16.35042381286621,6.7657599449157715,3.019326686859131,5.344035625457764,9.615309715270996,11.233760833740234,6.933659076690674,2342.827089827523,330.0137333153372,0.154931640625,0.02803351038704146,string,acoustic
-420.4867248535156,-22.624521255493164,-22.525360107421875,12.971229553222656,15.787038803100586,-1.5942509174346924,-31.529850006103516,21.248435974121094,20.628520965576172,-20.733293533325195,-24.03962516784668,39.40919876098633,-8.796546936035156,44.88938903808594,4.0710554122924805,10.704535484313965,3.095201253890991,7.414119720458984,2.768075942993164,6.065435409545898,3.0889790058135986,4.9194746017456055,4.16389274597168,3.8111040592193604,5.999815940856934,2.8853187561035156,2196.4069044576236,70.93869405671354,0.22716537786989796,0.026655954683498944,flute,synthetic
-145.10525512695312,73.18548583984375,-65.43866729736328,16.471309661865234,-42.03042221069336,-12.799700736999512,-26.26333999633789,-8.628650665283203,-25.697608947753906,-9.7720365524292,-12.127542495727539,-6.3305277824401855,-3.7506251335144043,62.38051223754883,8.285646438598633,12.568672180175781,5.315802574157715,8.9705810546875,5.5474443435668945,7.91798734664917,4.437636375427246,4.710707664489746,4.77893590927124,4.712657928466797,4.146883487701416,4.464394569396973,1596.5201952840039,137.69396820771362,0.11210084192961164,0.019833672496019538,string,acoustic
-227.46424865722656,-1.9473882913589478,-48.904022216796875,-15.601339340209961,-33.45966339111328,-12.911532402038574,1.2694334983825684,1.4294313192367554,-39.10683822631836,-27.18052864074707,8.632071495056152,31.484806060791016,-12.374822616577148,50.97343063354492,12.997532844543457,7.082705020904541,5.237094402313232,5.792567253112793,5.989867687225342,4.957812309265137,4.24360466003418,5.19087028503418,4.230769157409668,4.177504539489746,4.215799808502197,3.233416795730591,2852.496131982968,167.988959116726,0.23407634253640777,0.03934562713949553,string,acoustic
-371.120361328125,-1.983627200126648,-104.36331176757812,13.557879447937012,7.9227213859558105,29.11101722717285,40.38529586791992,28.03084945678711,-0.9423680901527405,-14.487454414367676,2.664354085922241,33.438419342041016,13.50936222076416,31.86803436279297,15.13210678100586,13.716331481933594,10.530635833740234,6.805461406707764,5.086587429046631,5.551726818084717,5.561420917510986,4.692575454711914,6.432857513427734,6.255046367645264,5.090299129486084,4.20455265045166,1849.8116421395707,143.33343175581211,0.20293063561893204,0.04158630187483353,brass,acoustic
-383.418701171875,199.8721923828125,83.59150695800781,20.940752029418945,10.942045211791992,5.207503318786621,-9.977176666259766,-15.396903991699219,-7.132115364074707,-0.2716774642467499,-2.2455198764801025,-12.451089859008789,-18.959699630737305,31.015005111694336,23.41866111755371,10.374117851257324,9.047934532165527,6.697223663330078,3.613612174987793,4.5072431564331055,4.177831172943115,3.3106725215911865,4.181087493896484,4.833014965057373,3.6850318908691406,3.676231861114502,262.0795474300843,25.14652732562858,0.025086053527227724,0.004950438395260984,brass,acoustic
-246.26759338378906,2.836560010910034,-28.553966522216797,-8.722721099853516,-36.80672836303711,-23.945789337158203,-22.434846878051758,-20.352664947509766,-36.60282516479492,-30.39853858947754,-24.492565155029297,14.11302661895752,19.870357513427734,46.509403228759766,9.35544490814209,6.28455114364624,3.6056931018829346,5.059385299682617,5.218944549560547,4.576474666595459,4.328370571136475,5.344613552093506,3.8648648262023926,4.578125,3.7064831256866455,5.4810380935668945,2119.2005484196725,163.31382252375005,0.13490310224514562,0.028066651350847103,string,acoustic
-416.21685791015625,90.94085693359375,32.61531066894531,23.25406265258789,10.254631042480469,1.3088468313217163,-8.99771785736084,-15.798666954040527,-16.65009307861328,-14.113007545471191,-9.526516914367676,-6.922933101654053,-6.304508686065674,118.39239501953125,69.24959564208984,27.51422691345215,10.965184211730957,7.062834739685059,9.035676002502441,10.667536735534668,11.684051513671875,8.904623031616211,4.606551170349121,2.945725202560425,4.996799945831299,5.723665714263916,374.4083296891999,125.74984273859641,0.030129825367647058,0.0052689801984751395,bass,synthetic
-425.0909729003906,54.10187530517578,6.399738311767578,-0.3850677013397217,0.9370691180229187,-3.1834194660186768,-6.01784086227417,-5.361845016479492,-6.710010051727295,-1.0551878213882446,19.492862701416016,48.69816589355469,62.13888168334961,77.0015869140625,15.060944557189941,11.13351058959961,4.766485691070557,5.265971660614014,4.043303489685059,2.7358994483947754,3.512474775314331,4.654897212982178,3.87563419342041,2.476680278778076,6.951561450958252,13.836931228637695,652.8661370359192,409.03555344151175,0.06795579559948979,0.016540786192224575,bass,synthetic
-169.73536682128906,42.420127868652344,13.362442016601562,49.42167663574219,17.7025203704834,23.99877166748047,1.5391250848770142,7.03936767578125,-7.203941345214844,0.48761916160583496,-8.888809204101562,1.0639714002609253,-5.998444080352783,40.9982795715332,9.83676815032959,4.305642604827881,3.777164936065674,2.9896092414855957,3.269578456878662,3.2011878490448,4.995660305023193,4.934514999389648,3.512418031692505,3.4590938091278076,2.8487637042999268,3.2042157649993896,2472.2575488866737,182.18719497084425,0.17686244419642858,0.031906873071252125,flute,acoustic
-277.27972412109375,162.85247802734375,30.633411407470703,9.310303688049316,19.676965713500977,2.5242953300476074,-6.337394714355469,2.4723403453826904,1.1386277675628662,-0.2765973210334778,6.50996208190918,8.108417510986328,6.759052276611328,43.900543212890625,25.000699996948242,16.088747024536133,9.74842643737793,6.943731307983398,3.34480619430542,5.206353187561035,3.257434368133545,3.4957122802734375,2.9212985038757324,2.0793864727020264,3.092787504196167,3.660032272338867,266.47421852581544,107.91590749092332,0.010066485164141414,0.004581907208469914,flute,synthetic
-204.73983764648438,13.218633651733398,-27.957427978515625,-14.615947723388672,-40.11777877807617,-26.53448486328125,-28.939939498901367,-22.952041625976562,-31.425586700439453,-13.431524276733398,7.518311500549316,23.936878204345703,-0.9711865186691284,48.19328689575195,9.65636157989502,6.255180358886719,5.018831253051758,5.7936882972717285,4.29974889755249,4.242199897766113,3.501492977142334,5.7691545486450195,4.093140125274658,4.201725959777832,3.4348630905151367,3.653395652770996,2371.672206065057,224.33054761844508,0.14350728155339806,0.04477950961232987,string,acoustic
-255.9926300048828,201.7555389404297,51.82243728637695,8.323741912841797,17.877315521240234,21.391464233398438,5.310469150543213,5.911793231964111,2.4052231311798096,-2.5291476249694824,9.695586204528809,11.451253890991211,3.231832981109619,58.31945037841797,43.041465759277344,8.15274429321289,9.297276496887207,6.568798542022705,6.041184902191162,6.036590576171875,5.5950469970703125,6.138383388519287,6.413302421569824,4.189489364624023,4.600910663604736,4.644622802734375,307.71686362094624,96.73741231292944,0.014808238636363637,0.004301366600818453,string,acoustic
-42.27692794799805,109.2022476196289,8.38148307800293,36.11793518066406,1.3372195959091187,22.030799865722656,-0.1367485672235489,13.416230201721191,-1.7122865915298462,9.32859992980957,-2.2110140323638916,6.952016353607178,-3.187018871307373,51.980560302734375,7.55763053894043,8.076711654663086,5.170696258544922,7.006662845611572,6.4812517166137695,4.915858745574951,5.375468730926514,4.922835826873779,5.345337390899658,5.681403160095215,5.008569717407227,4.7639689445495605,1201.5580911107722,143.01280123467106,0.01977060355392157,0.007824382376866989,bass,synthetic
-215.55616760253906,53.06562805175781,-41.72457504272461,37.449440002441406,-19.202611923217773,-10.109883308410645,-10.708060264587402,-4.330322742462158,-17.70459747314453,-0.4635149836540222,-9.80277156829834,-15.697152137756348,-14.356990814208984,51.00811004638672,11.352028846740723,7.029532432556152,4.283518314361572,5.567962646484375,4.629583835601807,4.400373935699463,4.076303482055664,3.3349602222442627,5.347513675689697,3.815483570098877,3.3311429023742676,4.728976249694824,1634.5157465896868,153.17541528522935,0.10391383495145631,0.03868945595064317,string,acoustic
-149.2162322998047,-6.888157844543457,-9.544068336486816,13.362781524658203,-27.824810028076172,-13.201492309570312,-32.90208053588867,-5.37660551071167,2.7474868297576904,11.99665641784668,1.9331554174423218,18.1449031829834,14.277609825134277,121.60848999023438,28.387062072753906,13.238940238952637,9.491426467895508,7.200897693634033,13.065801620483398,14.166566848754883,6.7817230224609375,9.534733772277832,9.245540618896484,14.514476776123047,16.034343719482422,16.8560848236084,1656.4235579679914,180.67429380823756,0.07274404198232323,0.005004106144689038,bass,synthetic
-355.8417663574219,54.99125671386719,0.8667157292366028,-9.707414627075195,-41.19508361816406,-57.77763748168945,-39.40138244628906,22.514999389648438,39.6971435546875,14.640155792236328,25.404268264770508,39.86591339111328,-12.283720970153809,51.06924057006836,38.17740249633789,8.585622787475586,4.928195476531982,8.409687995910645,10.879417419433594,5.531963348388672,7.817151069641113,6.6805620193481445,5.441713333129883,4.087879657745361,7.149622917175293,2.2000699043273926,975.927388207392,53.21271376083682,0.08117794296116505,0.006299784787627209,bass,synthetic
-269.5663757324219,212.9621124267578,-32.103031158447266,-24.133028030395508,-5.524535655975342,1.8279260396957397,-8.425395965576172,-18.861207962036133,-5.30601692199707,15.346800804138184,6.762615203857422,-10.057153701782227,-11.940367698669434,85.79821014404297,24.915868759155273,28.772457122802734,20.631092071533203,12.189711570739746,7.212355613708496,5.385260581970215,9.934735298156738,7.314390659332275,11.381965637207031,7.450628757476807,8.395896911621094,5.692158222198486,704.3603121749273,125.84296007058256,0.056784784226190474,0.016690082061075712,brass,acoustic
-350.84051513671875,19.885568618774414,-53.264854431152344,-9.894530296325684,30.19975471496582,36.121620178222656,-11.344327926635742,0.9155893325805664,16.773611068725586,7.37921667098999,-19.624967575073242,1.8197293281555176,26.884357452392578,24.70167350769043,8.683281898498535,10.940618515014648,5.30202054977417,7.179189682006836,8.857019424438477,4.03602409362793,3.2990190982818604,5.415714740753174,3.7868595123291016,3.8797717094421387,3.446176767349243,4.133830547332764,1871.8319339467962,133.53810415255074,0.20450533353365385,0.0161287022930919,flute,acoustic
-276.2148742675781,46.598297119140625,7.274322032928467,29.00988006591797,16.38914680480957,19.95191764831543,11.168806076049805,18.234050750732422,10.862651824951172,15.365583419799805,6.139459133148193,9.723472595214844,3.531964063644409,32.0267219543457,7.760495185852051,7.919386386871338,5.977761268615723,5.5478973388671875,4.833680629730225,4.165931701660156,4.427621841430664,4.10102653503418,3.940694570541382,2.6983864307403564,2.5067765712738037,3.2258591651916504,714.0288591161767,360.5203842969869,0.015784438775510203,0.005579823282134632,flute,synthetic
-261.590087890625,-3.1510143280029297,-81.59750366210938,-17.382688522338867,-41.07588195800781,-13.517486572265625,-29.2279109954834,-9.321246147155762,-20.363126754760742,-10.807477951049805,-23.440053939819336,-6.909994125366211,-14.796303749084473,48.64360809326172,24.8211727142334,8.473390579223633,5.327134132385254,5.959046363830566,2.9506676197052,4.078827381134033,2.94749116897583,3.3928589820861816,2.1081717014312744,2.6242823600769043,2.271674394607544,2.249528646469116,1731.503443503833,101.50381718925193,0.1262060546875,0.01747084436844631,brass,acoustic
-340.86376953125,148.314208984375,-71.12262725830078,-39.20246124267578,-20.193279266357422,-21.57762336730957,-2.094550132751465,-9.431952476501465,-14.81094741821289,-7.145537376403809,-1.0691636800765991,1.30741286277771,1.3155070543289185,45.056602478027344,18.821868896484375,19.739490509033203,5.498180866241455,5.432520866394043,6.563702583312988,4.583414077758789,4.291654109954834,4.6172075271606445,4.062928199768066,3.122735023498535,4.091823577880859,3.7220542430877686,848.1075196496319,48.490905723814656,0.08308762770432693,0.016547497095260065,brass,acoustic
-369.59112548828125,-6.951650619506836,-40.51295852661133,-35.79585647583008,19.83802604675293,39.47119140625,-18.002134323120117,-30.124576568603516,18.871530532836914,0.255424827337265,24.331851959228516,-27.815120697021484,-11.947614669799805,34.391292572021484,1.9026752710342407,4.985167503356934,4.18393087387085,3.2507879734039307,4.798715114593506,2.908859968185425,3.7045161724090576,2.7650482654571533,4.291378974914551,3.5262246131896973,3.0639514923095703,3.006923198699951,2419.3211877819863,177.15219180670118,0.17674271101804123,0.013426330066607439,flute,synthetic
-398.326171875,100.4730453491211,59.57015609741211,37.8342170715332,30.510141372680664,21.041044235229492,12.501259803771973,10.35828971862793,9.909263610839844,7.112573623657227,3.6949961185455322,2.1146631240844727,1.5755603313446045,43.949947357177734,37.29660415649414,10.13659381866455,9.10704517364502,4.032895088195801,2.68765926361084,3.7887136936187744,1.8959139585494995,3.8299832344055176,3.3455722332000732,2.355529308319092,2.366262435913086,2.648184061050415,243.755414987772,150.02000101785185,0.0112890625,0.001681957042313358,string,acoustic
-208.18048095703125,41.99370574951172,-48.3687629699707,20.213254928588867,-38.09110641479492,-18.114410400390625,-19.458269119262695,-10.375686645507812,-15.488428115844727,-19.559799194335938,-20.846172332763672,-7.747416019439697,-12.003705024719238,58.5888786315918,12.224222183227539,10.239120483398438,5.0517048835754395,6.520686626434326,2.941131114959717,3.9110119342803955,4.08356237411499,3.9810171127319336,3.19511079788208,3.429272174835205,4.004778861999512,3.825422525405884,1743.1697652277971,147.18857248199834,0.11024726941747573,0.025075669303923444,string,acoustic
-375.9109802246094,-44.14341735839844,-29.03748321533203,25.80237579345703,1.0499787330627441,8.964055061340332,11.797425270080566,33.67579650878906,-16.160131454467773,-49.36691665649414,11.673555374145508,32.944976806640625,-24.55552101135254,31.903438568115234,10.60157299041748,5.123541355133057,4.698121070861816,4.062046527862549,5.048980712890625,5.068462371826172,4.349543571472168,4.933467388153076,5.713016033172607,3.714141607284546,5.81898307800293,4.177831649780273,2439.8816995851357,62.45700727171909,0.25734792172330095,0.019163156004677214,flute,acoustic
-180.1617889404297,84.61935424804688,-47.42359161376953,28.969247817993164,9.577887535095215,13.066214561462402,-16.981630325317383,-8.802674293518066,-9.298517227172852,-0.9745219349861145,-7.064472198486328,-2.787374973297119,-4.025372505187988,28.784486770629883,10.358600616455078,10.774808883666992,6.216003894805908,5.859644889831543,3.805360794067383,3.440542221069336,4.80596399307251,5.145352363586426,3.9293315410614014,3.5142648220062256,2.5184123516082764,2.5458993911743164,817.1907783363459,134.11045932794863,0.03585595199742268,0.007168668519509291,flute,acoustic
-380.30633544921875,-0.5044124126434326,-49.397804260253906,-5.190898418426514,1.116380214691162,4.297791004180908,22.693105697631836,8.413810729980469,-19.863935470581055,-30.088748931884766,-1.8172814846038818,47.13892364501953,34.91271209716797,28.21489143371582,8.879536628723145,10.595088005065918,6.465925693511963,4.186333179473877,4.3809895515441895,5.355867862701416,3.9666531085968018,4.151152610778809,5.209737300872803,3.397244453430176,8.569143295288086,6.0819783210754395,1564.8177839812627,201.74494300749222,0.13020833333333334,0.00885896953179147,flute,acoustic
-271.36907958984375,62.2645149230957,-73.54747772216797,-6.027610778808594,-30.151464462280273,-10.248773574829102,-21.084692001342773,-9.855857849121094,-19.121469497680664,-6.958827018737793,-11.803650856018066,-1.4170849323272705,-8.731008529663086,52.41637420654297,15.296921730041504,15.717263221740723,6.848591327667236,8.69096565246582,5.008304119110107,5.907075881958008,4.379989147186279,5.849969863891602,4.898748397827148,5.339422225952148,4.111778736114502,3.5575575828552246,1254.2157652568367,113.75486928205578,0.1126685952240566,0.018510153102369642,brass,acoustic
-453.195068359375,45.97489929199219,28.693984985351562,27.29332160949707,15.975740432739258,7.340693473815918,-3.314352512359619,-7.742505073547363,-13.532958984375,-12.80466365814209,-19.0859375,-18.834611892700195,-19.953468322753906,92.74115753173828,17.813331604003906,10.233512878417969,15.685861587524414,8.767714500427246,9.09221076965332,6.017449378967285,2.7776169776916504,3.7532637119293213,8.36795711517334,3.644404411315918,6.077603816986084,3.823481559753418,505.83578749490425,289.29732322872115,0.034200465425531915,0.0033753418667491946,bass,electronic
-411.5621032714844,-17.965038299560547,-39.23991012573242,3.838165521621704,-29.260297775268555,-15.609461784362793,-22.99464988708496,-16.198684692382812,-33.695831298828125,-17.94178581237793,1.2213612794876099,35.21111297607422,46.483489990234375,98.76815795898438,44.36627960205078,11.771345138549805,13.631664276123047,13.710687637329102,5.976165771484375,5.547213554382324,5.330082893371582,13.324694633483887,7.039894104003906,5.111488342285156,9.08743953704834,10.435004234313965,1795.1648835914264,317.63862854501093,0.11055501302083333,0.03798353115915736,flute,acoustic
-371.6072998046875,17.645065307617188,-34.614654541015625,-22.122159957885742,-27.322145462036133,-3.9310648441314697,30.958555221557617,39.777320861816406,4.440585613250732,-25.892196655273438,-43.76980209350586,-12.28736686706543,40.251792907714844,31.13890266418457,9.97069263458252,8.252652168273926,10.458894729614258,5.473653316497803,2.6673667430877686,4.920683860778809,6.083137035369873,3.188720941543579,4.143792629241943,6.33141565322876,3.4640257358551025,6.152776718139648,1148.804154045771,55.03166719869045,0.11359016262755102,0.013167231480790536,flute,synthetic
-390.59149169921875,-7.694868564605713,-37.30612564086914,-2.4273011684417725,3.065406084060669,27.955991744995117,8.304932594299316,-34.08238220214844,-16.662031173706055,24.670053482055664,34.474578857421875,-23.39260482788086,-27.98025131225586,37.1866569519043,5.279743194580078,12.210620880126953,7.335163116455078,3.6306824684143066,6.400225639343262,2.833232879638672,5.805410861968994,3.6525416374206543,3.379352569580078,5.161381721496582,4.394358158111572,3.776658773422241,1605.4719412328802,61.203340736744984,0.16061961894132654,0.018826259850339373,flute,synthetic
-598.8806762695312,-85.92542266845703,9.80927848815918,-9.283647537231445,-8.341973304748535,-14.636007308959961,-8.355134963989258,2.679130792617798,19.66050910949707,31.732196807861328,7.433620929718018,-26.385334014892578,-32.86741638183594,35.879093170166016,19.758047103881836,10.774271965026855,9.433478355407715,6.209999084472656,5.922768592834473,3.383742094039917,2.252880334854126,4.138734817504883,4.231632709503174,3.1720125675201416,4.877687454223633,3.3160479068756104,4147.5608634308655,624.2376033167643,0.6788639808768657,0.13818232440748113,bass,synthetic
-288.8848876953125,-43.337318420410156,-16.708328247070312,5.155771255493164,-23.676013946533203,0.21451391279697418,-18.288330078125,-10.203030586242676,-23.978607177734375,-6.961952209472656,-12.51157283782959,-5.158821105957031,-23.7779483795166,64.62982177734375,40.22689437866211,27.296489715576172,15.652695655822754,8.10853385925293,5.432534217834473,5.535439968109131,4.649717330932617,4.007085800170898,5.637252330780029,5.872576713562012,5.308719635009766,5.004609107971191,1846.0818894190222,482.6180598363445,0.13852965716019416,0.03331473396117703,bass,synthetic
-198.112060546875,201.0938720703125,10.176694869995117,13.33104419708252,29.85857582092285,9.861172676086426,-1.4670833349227905,3.9659104347229004,-7.858207702636719,-1.7101746797561646,-2.430143117904663,-4.600033760070801,-2.167217969894409,49.92216110229492,20.929244995117188,12.649635314941406,8.255436897277832,4.279078006744385,7.8828511238098145,4.886496067047119,3.430814743041992,3.0904312133789062,4.503373146057129,4.13438081741333,4.8553361892700195,2.9548001289367676,449.1059455464153,43.16846191210779,0.02448657951732673,0.008224181474608872,string,acoustic
-328.8734130859375,213.0929718017578,33.22425079345703,-3.329479455947876,6.530152797698975,-3.4841272830963135,-10.79214096069336,-10.398028373718262,-11.10062313079834,-12.709305763244629,-12.06259536743164,-10.689170837402344,-8.43556022644043,76.82231140136719,41.32304763793945,26.294326782226562,8.009058952331543,4.41542387008667,8.98168659210205,6.113344669342041,5.381283283233643,4.150169849395752,4.059616565704346,3.8272838592529297,3.468808889389038,2.689584970474243,469.15743833425444,135.42902809591052,0.03451260653409091,0.007456758811274423,brass,acoustic
-285.41033935546875,-20.712078094482422,-8.860798835754395,3.1214871406555176,-52.97472381591797,-20.197040557861328,-17.080263137817383,34.01301193237305,18.76939582824707,14.891149520874023,7.340121746063232,0.30208349227905273,-42.42384338378906,35.12411117553711,7.799187660217285,2.499173402786255,4.2725677490234375,6.085061073303223,3.7744576930999756,3.134976387023926,3.8668816089630127,3.946949005126953,2.96414852142334,2.48703932762146,3.096855640411377,3.505976676940918,1906.2443508788654,243.5502105259708,0.09111427774234694,0.007224131389006669,flute,synthetic
-111.0488052368164,46.59568786621094,11.109663963317871,51.75656509399414,18.541423797607422,24.34832191467285,2.0592329502105713,7.436258316040039,-7.923244476318359,1.2646101713180542,-7.887344837188721,1.704635500907898,-5.557077884674072,37.858863830566406,6.100801467895508,4.543786525726318,3.822126865386963,3.6887459754943848,4.729402542114258,3.299696683883667,3.929445743560791,3.0666587352752686,3.071746587753296,3.5816166400909424,3.013805627822876,3.340178966522217,2213.9664784189886,192.70451470155086,0.11589704241071429,0.028684631099723995,flute,acoustic
-301.27764892578125,185.61587524414062,-17.839336395263672,-1.182680368423462,-2.6023478507995605,-0.2688590884208679,-3.9454307556152344,-5.304350852966309,-4.321674823760986,9.15512752532959,9.296523094177246,-7.550963401794434,-11.224838256835938,97.83271789550781,17.174915313720703,33.75294494628906,10.147160530090332,8.2551851272583,5.494402885437012,8.880263328552246,6.181337833404541,5.73958158493042,5.700745105743408,9.159195899963379,8.630069732666016,7.185018062591553,658.4870157272973,158.35600977515446,0.050649789663461536,0.01924358454432981,brass,acoustic
-358.8666076660156,143.08563232421875,2.2303922176361084,-34.235530853271484,-29.03171157836914,-15.078620910644531,-4.625812530517578,-9.645963668823242,-7.668970584869385,-6.753255367279053,-11.893741607666016,-10.847977638244629,-7.769900321960449,30.13751220703125,17.436172485351562,13.063721656799316,10.0473051071167,7.152088165283203,5.942558765411377,4.2635321617126465,4.82035493850708,4.778640270233154,4.494421005249023,4.990678310394287,3.996452808380127,3.721492290496826,631.0262334219077,67.73805865051865,0.06779423466435185,0.016457479650223147,brass,acoustic
-289.0947265625,76.63983154296875,-98.86034393310547,-12.035863876342773,-24.168676376342773,-33.55915069580078,-1.1213600635528564,-27.62754249572754,-21.36466407775879,-8.919756889343262,-20.70624542236328,-10.972355842590332,7.2559943199157715,37.94937515258789,10.577672958374023,23.109264373779297,5.731127738952637,6.281319618225098,6.229465007781982,4.442508697509766,4.460238933563232,3.711951971054077,3.465493679046631,2.8797800540924072,2.9180967807769775,5.431983470916748,1049.4129242498057,93.99097956824806,0.06181443339646465,0.010483250183427573,brass,acoustic
-286.3651123046875,103.99279022216797,-44.23169708251953,14.586471557617188,11.215872764587402,4.944315433502197,-13.385207176208496,-13.267557144165039,-16.296630859375,-5.174302577972412,-0.7560323476791382,-1.8212600946426392,-1.169399619102478,64.36042022705078,17.777379989624023,24.687227249145508,9.901288986206055,10.228906631469727,7.031662464141846,7.54638147354126,5.2071733474731445,5.257669448852539,6.294796943664551,6.642423629760742,3.428603410720825,5.316392421722412,707.9314650450408,111.5572738562791,0.05123302424065421,0.010873658849921976,flute,acoustic
-414.934814453125,104.36228942871094,74.58873748779297,86.99312591552734,62.20193862915039,24.883310317993164,4.292145729064941,3.1842715740203857,-8.086674690246582,-23.720895767211914,-17.5379695892334,-5.26309871673584,-12.218425750732422,90.63959503173828,23.57243537902832,32.72964859008789,30.412153244018555,20.07387924194336,13.901482582092285,17.61631202697754,7.697556972503662,7.208139896392822,17.106618881225586,3.9449846744537354,16.583829879760742,3.272887945175171,260.5449018655488,195.437072226796,0.021993582589285715,0.005380240103467059,bass,synthetic
-196.5996856689453,224.61871337890625,-57.90304946899414,42.0870361328125,9.673029899597168,5.414691925048828,5.604336261749268,7.57019567489624,10.404640197753906,8.047680854797363,2.444578170776367,-1.3302991390228271,-1.3422921895980835,91.71939086914062,60.607383728027344,62.02113342285156,50.737056732177734,29.610061645507812,16.365983963012695,8.27603530883789,9.180709838867188,7.762804985046387,6.8073883056640625,7.1100873947143555,4.560044765472412,3.693709373474121,973.1797673116679,396.00256010796636,0.04248550257731959,0.011601863603151772,bass,synthetic
-538.012939453125,-33.71512222290039,5.781125545501709,10.322888374328613,6.061413288116455,0.5968878269195557,-16.520883560180664,23.719846725463867,2.3928537368774414,-26.861391067504883,18.82753562927246,10.921868324279785,-27.009851455688477,28.32323455810547,12.353407859802246,3.3252344131469727,11.977192878723145,8.5480375289917,4.986696720123291,4.081401824951172,10.876323699951172,2.633296489715576,5.618330001831055,4.204926490783691,8.171796798706055,9.507948875427246,4148.15718761094,73.44580373378874,0.4903501530283505,0.06436469676656055,bass,synthetic
-378.47418212890625,138.2168426513672,96.74378204345703,56.45840835571289,25.213600158691406,4.0918498039245605,-7.022685527801514,-11.558475494384766,-14.138869285583496,-15.360516548156738,-14.982551574707031,-13.721929550170898,-11.268823623657227,41.83244323730469,39.4552116394043,19.35137176513672,15.426046371459961,15.154698371887207,12.269707679748535,8.137129783630371,5.966885566711426,4.279388904571533,4.391617774963379,4.159641265869141,3.338897705078125,3.7482287883758545,215.91442495212357,66.94457445080018,0.019213668699186993,0.00133101473561169,string,acoustic
-465.6436767578125,156.07861328125,24.784507751464844,25.519508361816406,-0.10575409233570099,-6.995551586151123,-2.919229745864868,9.600062370300293,14.695099830627441,12.56987190246582,15.162946701049805,10.661149978637695,-0.31869930028915405,181.50875854492188,113.9393081665039,25.102737426757812,14.649941444396973,4.991014003753662,5.591897487640381,3.5981171131134033,5.5737128257751465,10.579276084899902,14.444826126098633,11.68681812286377,6.958975315093994,2.963229179382324,821.3203374040429,887.9669323681219,0.0181884765625,0.0023257518168039123,bass,synthetic
-493.6895751953125,163.30096435546875,114.06449127197266,64.19222259521484,31.157766342163086,12.762425422668457,-0.9325324296951294,-12.401863098144531,-16.299659729003906,-10.726155281066895,-3.106010913848877,-3.0010271072387695,-11.66295051574707,50.173744201660156,53.927310943603516,19.813457489013672,13.303912162780762,13.129596710205078,7.149583339691162,7.38698673248291,6.098639488220215,7.512458324432373,2.612581491470337,7.045868396759033,8.20064926147461,1.3828705549240112,236.4823101311114,7.589600134174805,0.028483072916666668,0.009762911949523972,bass,synthetic
-296.3497619628906,98.1117935180664,-48.18876266479492,10.004591941833496,-21.14617156982422,-15.128583908081055,-15.977023124694824,-18.509374618530273,-14.68034839630127,-12.094359397888184,-9.682135581970215,-11.241507530212402,-14.930102348327637,104.6506576538086,79.43577575683594,62.7243537902832,42.031646728515625,30.306007385253906,14.736900329589844,8.89553451538086,7.67291259765625,7.453212738037109,5.993311882019043,6.028656959533691,4.81229829788208,6.6638922691345215,1161.7403403802148,593.7624882729094,0.14430976159793815,0.08589681992475247,bass,synthetic
-282.80999755859375,270.628662109375,18.412261962890625,-25.463294982910156,3.581486225128174,-7.67537260055542,-14.862321853637695,-10.722137451171875,-6.579719543457031,-10.547927856445312,-20.096363067626953,-15.933734893798828,-13.678194999694824,38.62649154663086,26.190160751342773,9.922109603881836,6.568359851837158,5.416327953338623,3.0634875297546387,2.1784069538116455,3.6361899375915527,3.8190109729766846,3.2817294597625732,3.5205116271972656,3.8734219074249268,3.522373914718628,418.5101038305487,12.616900037340033,0.03316928372524752,0.004352841641585365,brass,acoustic
-341.14093017578125,89.83723449707031,-43.07904815673828,-19.590330123901367,-36.33087921142578,-32.10789108276367,-40.66840362548828,-33.232337951660156,-17.644479751586914,10.807717323303223,14.674300193786621,-8.297192573547363,-25.686296463012695,134.3004150390625,26.14333152770996,26.734643936157227,4.267608642578125,14.844717979431152,5.982736110687256,11.480098724365234,8.711756706237793,11.410624504089355,8.81750774383545,7.015542030334473,5.7846999168396,6.7929229736328125,1134.909578734143,149.687881161149,0.08444010416666667,0.022330681714599728,string,acoustic
-257.49884033203125,6.424622058868408,-21.005659103393555,8.150663375854492,-16.60712432861328,-8.405250549316406,-24.705303192138672,-0.7125217318534851,7.8506245613098145,23.577896118164062,-11.694901466369629,-29.9152774810791,-29.216920852661133,47.42237091064453,6.702685832977295,4.238290786743164,3.4833731651306152,4.385751724243164,3.9799811840057373,3.416398048400879,4.002707004547119,4.135357856750488,3.0372700691223145,4.319611549377441,4.472779273986816,4.124305725097656,2616.5134306866776,119.7690021351701,0.231279296875,0.02529902158209828,string,acoustic
-210.94863891601562,27.012121200561523,-33.8806037902832,-6.9772186279296875,-17.38211441040039,-13.164070129394531,-13.706110954284668,-5.026684284210205,-5.260074138641357,-14.372100830078125,-24.061782836914062,-22.76234245300293,-10.521024703979492,34.60968017578125,17.91614532470703,8.091164588928223,3.7287113666534424,4.165539264678955,5.401129245758057,4.038723945617676,3.2252728939056396,3.1522185802459717,3.537184238433838,3.606746196746826,3.0584163665771484,3.1118199825286865,1275.42006444162,115.21613306491763,0.08941587467783506,0.013178700284574003,flute,acoustic
-286.2911376953125,104.05054473876953,-44.2336540222168,14.582535743713379,11.220987319946289,4.9428277015686035,-13.391763687133789,-13.27144718170166,-16.30318260192871,-5.181074619293213,-0.7596220970153809,-1.8282952308654785,-1.1754378080368042,64.21477508544922,17.713191986083984,24.682024002075195,9.91237735748291,10.222901344299316,7.035567283630371,7.545698642730713,5.210722923278809,5.26112699508667,6.302019119262695,6.644599437713623,3.4302661418914795,5.3251214027404785,707.810753306189,111.6474346456941,0.051160010221962614,0.0109095846764956,flute,acoustic
-376.3578796386719,154.36383056640625,108.4981460571289,69.12179565429688,43.10573196411133,29.633209228515625,23.051939010620117,17.395465850830078,12.728670120239258,10.0695219039917,8.876832962036133,8.074228286743164,6.906055450439453,43.31748962402344,31.0961856842041,21.90877342224121,10.999792098999023,6.139153003692627,5.335347652435303,3.454075813293457,3.498441457748413,3.144662380218506,2.0514423847198486,1.8022677898406982,2.2054927349090576,2.6985015869140625,114.25417374037298,58.94747658133325,0.010277841605392158,0.0014315583786998298,bass,synthetic
-309.8909606933594,206.73655700683594,35.34125518798828,3.903292179107666,0.6958858966827393,-1.149003505706787,-1.1120060682296753,-14.882805824279785,-9.336182594299316,2.2569165229797363,-2.3289642333984375,-11.347640991210938,-9.489310264587402,39.84420394897461,22.4254093170166,14.987884521484375,7.1265692710876465,6.845762252807617,3.2883107662200928,4.318188190460205,5.185866832733154,6.136445999145508,6.235597610473633,5.053398132324219,6.586589336395264,5.444169044494629,394.4212729196796,19.44100491824356,0.04128324068509615,0.0050923525380243894,brass,acoustic
-212.56983947753906,72.45370483398438,-63.04617691040039,8.008792877197266,-33.45683288574219,-16.54004669189453,-27.007291793823242,-13.998505592346191,-19.64618492126465,-14.707292556762695,-16.560609817504883,-12.591407775878906,-8.794663429260254,63.300621032714844,29.490488052368164,13.885162353515625,6.012870788574219,6.545087814331055,5.107564926147461,5.582643032073975,5.1160149574279785,4.712249755859375,4.860469818115234,4.153300762176514,5.319644451141357,4.587474346160889,1416.2399737386047,261.35787930842804,0.0833349609375,0.02382422793679499,brass,acoustic
-502.9152526855469,46.6918830871582,32.37374496459961,46.84223937988281,41.625526428222656,31.64929962158203,34.89890670776367,35.35464096069336,25.624122619628906,38.351016998291016,40.71689224243164,17.999805450439453,16.823585510253906,23.86225128173828,17.020526885986328,3.8511509895324707,6.428771018981934,5.326773166656494,4.399415016174316,5.749507427215576,3.9525644779205322,4.818089485168457,6.114311695098877,4.917061805725098,3.308608055114746,3.4122209548950195,143.54601677741093,18.083822065199676,0.007837412308673469,0.0018314664569152467,bass,synthetic
-449.01898193359375,81.28245544433594,68.36947631835938,62.49995040893555,49.270538330078125,39.72624588012695,29.980287551879883,22.157543182373047,14.826525688171387,9.434735298156738,4.460335731506348,1.7812038660049438,-1.6774938106536865,66.62327575683594,36.94197463989258,28.844858169555664,16.476600646972656,12.518771171569824,8.466679573059082,8.736608505249023,8.26384449005127,9.504717826843262,10.00629711151123,9.525257110595703,8.278682708740234,7.7426676750183105,246.1244808686679,215.85743986536275,0.010443239795918368,0.005419626803367049,bass,electronic
-259.4883117675781,45.624759674072266,-70.2852554321289,2.0401413440704346,-0.6187202334403992,-10.999552726745605,-30.26749610900879,-1.9574459791183472,4.488369941711426,-14.210268020629883,-11.33495807647705,30.542964935302734,0.4165719747543335,114.98770141601562,14.444183349609375,6.661256790161133,10.207026481628418,6.892382621765137,10.401920318603516,8.080039024353027,5.825520038604736,4.895468235015869,3.542297840118408,6.304422378540039,3.761556386947632,5.523597717285156,2288.6921070769495,155.24471551561584,0.21852022058823528,0.044964974693438665,string,acoustic
-373.4823303222656,187.09246826171875,68.50748443603516,32.00678253173828,16.54481315612793,10.124481201171875,8.917695045471191,7.42714786529541,6.945695400238037,6.460838317871094,6.704688549041748,5.736498832702637,5.210206031799316,105.42890167236328,55.44899368286133,46.36437225341797,24.072547912597656,13.201377868652344,6.206851482391357,5.013860702514648,4.454822540283203,2.4993598461151123,3.384725570678711,2.121572732925415,2.802675485610962,1.5142974853515625,292.8432693618411,207.33487258730304,0.019368489583333332,0.003713292495621691,bass,synthetic
-499.8021545410156,59.39492416381836,42.910308837890625,28.694202423095703,16.662351608276367,3.6264255046844482,-9.311132431030273,-21.950197219848633,-35.57621383666992,-47.202545166015625,-51.00762176513672,-44.19825744628906,-29.808460235595703,15.488799095153809,21.251619338989258,18.871715545654297,14.663562774658203,10.196949005126953,7.029724597930908,5.340750217437744,5.07861328125,6.317188739776611,8.129658699035645,8.978758811950684,8.074738502502441,5.829566955566406,322.8181202667073,43.66477681233768,0.0381262081185567,0.003777443857217777,bass,synthetic
-257.8234558105469,7.418990612030029,-106.01309967041016,-12.886947631835938,-40.13249588012695,-10.044936180114746,-33.8537712097168,-10.740533828735352,-25.213632583618164,-2.6028263568878174,-20.330856323242188,-9.587139129638672,-4.6302714347839355,61.16573715209961,21.2410831451416,10.310304641723633,3.882974863052368,7.559777736663818,2.834702730178833,5.14600944519043,2.0452725887298584,4.039605617523193,1.9135684967041016,4.229320049285889,2.286118984222412,3.224508762359619,1618.0941286800833,95.35795417211233,0.1476253094059406,0.01876120119155627,brass,acoustic
-286.4828186035156,137.29428100585938,-50.539302825927734,-23.119508743286133,-22.772968292236328,-17.377315521240234,-14.881757736206055,-11.92593765258789,-9.320489883422852,-0.4824475049972534,-6.523365497589111,-1.9501458406448364,-7.200427055358887,58.118221282958984,15.904499053955078,22.121292114257812,7.171802043914795,5.352161884307861,5.474931716918945,7.494693279266357,4.382571220397949,3.860588788986206,2.740326404571533,6.17620325088501,4.161867618560791,3.5024659633636475,752.6838556998222,75.44309710372123,0.0753955078125,0.008780403449362765,brass,acoustic
-689.6314697265625,16.900957107543945,10.974960327148438,12.405235290527344,12.357481002807617,10.243025779724121,9.934330940246582,10.894393920898438,10.630752563476562,9.690464973449707,9.813302993774414,11.496076583862305,9.723735809326172,75.70694732666016,27.18001365661621,6.245706081390381,5.827628135681152,5.545271873474121,5.167788982391357,6.138891696929932,2.2994112968444824,3.3645029067993164,5.9344377517700195,5.579343318939209,4.204959392547607,5.632174015045166,177.27023268233552,156.0574878484031,0.004838423295454545,0.017124979510522657,bass,synthetic
-225.25242614746094,16.69180679321289,-40.032867431640625,23.987058639526367,-20.23531723022461,-2.41457462310791,-18.715845108032227,-10.39687442779541,-17.390913009643555,-13.636191368103027,-21.721384048461914,2.0786964893341064,15.318354606628418,68.49781036376953,16.92604637145996,6.355966091156006,5.418294429779053,6.947886943817139,4.436176300048828,7.980082988739014,4.642032146453857,5.874675750732422,3.9619903564453125,5.457125663757324,5.571048736572266,6.055150985717773,2232.492404107551,157.9627890331373,0.20649817230504589,0.026512915875490223,string,acoustic
-210.36622619628906,-56.8118896484375,-37.308563232421875,-24.15325355529785,-27.607919692993164,7.5977783203125,33.9677734375,56.68915557861328,48.84020233154297,13.3320951461792,-19.046857833862305,-19.38901710510254,3.170269250869751,34.21526336669922,22.92694664001465,7.026862621307373,3.4460296630859375,4.916182518005371,6.174231052398682,6.358182430267334,6.779832363128662,5.653713703155518,6.865756988525391,5.942896366119385,3.837179660797119,6.318313121795654,2250.2757754778313,187.77895925872005,0.10436395202020202,0.008006027668185974,flute,acoustic
-306.0473937988281,85.54560852050781,-33.546470642089844,9.387614250183105,1.6166737079620361,-5.600718021392822,-9.646570205688477,-5.750877380371094,-10.614173889160156,1.043121337890625,-5.8531317710876465,3.4698262214660645,-6.7361159324646,140.0785369873047,18.03404998779297,38.64657211303711,6.7443952560424805,15.131677627563477,10.208282470703125,10.19540786743164,9.191020965576172,14.696619033813477,4.505577564239502,6.128952503204346,3.637434244155884,5.617862224578857,1218.1680218143722,250.62625431866113,0.06375558035714286,0.02631981155151992,string,acoustic
-291.9555969238281,27.32735824584961,-61.61098861694336,3.2706334590911865,2.3694474697113037,-3.0300514698028564,-12.274691581726074,-9.090274810791016,-7.698299884796143,17.003646850585938,30.319366455078125,60.86248779296875,31.728607177734375,57.68741226196289,13.63733196258545,8.981192588806152,6.971283912658691,5.4730987548828125,6.435025691986084,5.939069747924805,3.204340934753418,5.158015727996826,4.83134126663208,8.1702241897583,6.728742599487305,4.777004718780518,1535.9167717252135,155.00902445921224,0.14632626488095238,0.02146983739815988,flute,acoustic
-285.4477233886719,-60.831138610839844,-43.48163986206055,-42.50831985473633,-19.239151000976562,-12.852897644042969,-18.730262756347656,-8.514798164367676,-26.13023567199707,-3.318956136703491,-19.319026947021484,22.492658615112305,31.930917739868164,52.06229782104492,23.962764739990234,9.941529273986816,6.537206172943115,4.677440166473389,5.005778789520264,3.121500253677368,4.538722515106201,3.719852924346924,2.722130298614502,4.149588108062744,2.9891951084136963,4.858362674713135,2988.613696195367,333.71414659520696,0.1586962407178218,0.02439108748879501,brass,acoustic
-119.66291809082031,-49.6610107421875,-6.747347831726074,2.156561851501465,-4.284509658813477,-4.616824150085449,-13.239921569824219,6.046733856201172,7.344291687011719,7.6961350440979,-24.538652420043945,-7.429160118103027,10.246993064880371,61.58849334716797,4.016665458679199,3.4328420162200928,1.9407992362976074,1.2466713190078735,1.1228392124176025,0.8579894304275513,1.332396388053894,3.811851739883423,1.1996691226959229,1.634142279624939,1.3846325874328613,0.8264209032058716,3772.338971984981,28.673054503577454,0.539844698118932,0.045836128999475756,bass,synthetic
-288.9512634277344,16.573240280151367,-91.34591674804688,-0.9787642359733582,-30.292137145996094,-5.923678874969482,-21.380979537963867,-6.1255059242248535,-17.600351333618164,-5.546270847320557,-16.243371963500977,1.8563933372497559,12.06169319152832,43.95527267456055,20.805498123168945,11.919854164123535,5.48178243637085,9.141286849975586,5.181139945983887,6.0244879722595215,5.750316619873047,5.355764865875244,5.15609884262085,4.92850923538208,4.79005241394043,4.074532985687256,1545.417553471952,202.531338079481,0.12843639445754718,0.03672541429023809,brass,acoustic
-364.3643798828125,139.64540100097656,57.89216995239258,54.43313980102539,32.293941497802734,5.101134777069092,2.5683274269104004,-2.319093942642212,-16.750843048095703,-13.621294975280762,-4.767142295837402,-7.667618751525879,-0.5256420373916626,59.818904876708984,15.959558486938477,26.368663787841797,17.901676177978516,13.622522354125977,10.479893684387207,6.617006778717041,5.232585906982422,10.146641731262207,5.751141548156738,9.912425994873047,7.236023902893066,3.2988898754119873,241.77044273060133,80.586769835826,0.024112032860824743,0.004303507268258866,bass,electronic
-262.3110656738281,134.03265380859375,-17.71491813659668,-4.952016353607178,-10.358667373657227,-0.8115847110748291,12.6555814743042,6.5690202713012695,8.756852149963379,3.455768585205078,0.31811267137527466,3.5900206565856934,2.5882480144500732,46.021568298339844,21.411916732788086,14.10549259185791,6.651519775390625,6.225466728210449,4.369210243225098,3.6939899921417236,4.185755729675293,2.5291216373443604,2.923541784286499,1.601566195487976,2.4298017024993896,2.1105496883392334,515.8015937297984,149.58828396023296,0.01816998106060606,0.006957896700942234,flute,synthetic
-246.14837646484375,-26.67668342590332,-42.247257232666016,9.257158279418945,-19.689205169677734,-1.851936936378479,-18.599178314208984,-2.8818132877349854,-16.904151916503906,-4.951960563659668,-18.52176856994629,13.555350303649902,32.090511322021484,48.29865646362305,16.82902717590332,6.609264850616455,6.012869834899902,5.231015682220459,5.6626787185668945,4.886693954467773,5.7756266593933105,5.78165864944458,5.091203212738037,3.6232824325561523,5.192176818847656,4.715094089508057,1934.0726163781426,158.54223952911778,0.12525822566105768,0.030678433997851442,flute,acoustic
-175.1547088623047,93.5821762084961,-47.682647705078125,15.570785522460938,-13.635029792785645,-9.077444076538086,-8.081818580627441,-4.438157081604004,-11.763346672058105,-12.833662033081055,-14.238853454589844,-7.52973747253418,-15.421340942382812,61.61845397949219,10.583745956420898,13.12269401550293,5.0237860679626465,5.114831447601318,3.7249248027801514,4.00445032119751,4.429172039031982,3.760690689086914,3.739403009414673,3.8151350021362305,4.129164695739746,3.5621018409729004,1237.4967836611365,128.81038986956779,0.07259728773584906,0.021558530593888882,string,acoustic
-345.0434875488281,156.25613403320312,-84.04833221435547,-24.932632446289062,-33.71949005126953,-8.589524269104004,-15.708113670349121,-5.14886999130249,-12.41877269744873,-5.390810966491699,-10.894707679748535,-3.885040760040283,-7.972660064697266,127.9838638305664,70.51628875732422,25.781150817871094,10.218491554260254,5.988223075866699,8.559198379516602,1.7522526979446411,3.3861007690429688,3.0888051986694336,1.891160249710083,2.5117225646972656,1.8156458139419556,1.6641379594802856,1304.103901826067,796.2192131883294,0.07246239505597014,0.04708451545739755,bass,synthetic
-210.536865234375,14.524161338806152,-36.2340087890625,2.5987024307250977,-44.36489486694336,-16.851783752441406,-29.08074951171875,-19.377824783325195,-27.418319702148438,-28.55144500732422,-24.287643432617188,-13.288719177246094,-9.399934768676758,47.21799087524414,9.192146301269531,7.933908939361572,3.863318920135498,5.898787975311279,3.9644980430603027,4.856897830963135,3.8375227451324463,4.645113468170166,4.789342880249023,4.384606838226318,3.2241201400756836,3.443007707595825,1867.975739217069,204.97334497208402,0.09521484375,0.03384341505322453,string,acoustic
-467.6687316894531,55.606903076171875,38.232948303222656,38.231529235839844,33.15827941894531,30.53143882751465,27.294979095458984,26.497943878173828,21.61018180847168,19.17487144470215,17.954265594482422,14.932734489440918,11.805167198181152,108.7762451171875,42.283931732177734,28.302837371826172,12.727730751037598,13.438127517700195,11.914878845214844,12.135261535644531,7.385420799255371,11.195459365844727,9.845267295837402,6.464850902557373,6.902945518493652,7.992108345031738,171.0854103869021,508.89622334311525,0.011404854910714286,0.04285980454762593,bass,synthetic
-333.7994079589844,80.69182586669922,-49.77019500732422,10.565396308898926,4.149536609649658,-22.503772735595703,-8.621574401855469,-20.58001708984375,-24.292381286621094,-15.762219429016113,-12.605281829833984,-18.696638107299805,-30.777515411376953,32.823036193847656,10.33956527709961,19.450044631958008,5.253399848937988,4.999845027923584,6.058111667633057,4.542142868041992,3.897345542907715,5.799583435058594,3.72562837600708,3.7139620780944824,4.741988182067871,4.804830551147461,666.6371127965992,74.53555497190216,0.0350732421875,0.006845367031581149,flute,acoustic
-385.8173522949219,72.77024841308594,22.808584213256836,10.394614219665527,8.573586463928223,1.110494613647461,-0.41213348507881165,-0.6057573556900024,0.915433406829834,7.711056709289551,6.09061861038208,-7.905942440032959,-25.63469886779785,26.001413345336914,27.821434020996094,14.191995620727539,8.002532005310059,3.5826687812805176,1.9559277296066284,1.5298888683319092,1.6391782760620117,1.4910173416137695,1.8786519765853882,2.584033250808716,2.700458288192749,3.344771146774292,330.12337402628276,12.709116716176734,0.02715412621359223,0.0019199349847837202,bass,synthetic
-229.94309997558594,50.985782623291016,-18.487262725830078,-12.16663646697998,1.7880340814590454,19.711929321289062,-1.2903403043746948,2.35707950592041,1.6451823711395264,5.532612323760986,2.1127829551696777,5.466280937194824,-3.397319793701172,48.52432632446289,14.101901054382324,6.35284423828125,9.273696899414062,4.316677570343018,4.477987289428711,3.085469961166382,4.100495338439941,4.160560607910156,4.159097671508789,3.266129493713379,2.593700647354126,2.8297204971313477,2264.6612534086553,370.87327092936357,0.06952218911082474,0.07038469986669639,bass,synthetic
-437.84259033203125,39.18600845336914,24.417282104492188,18.0144100189209,11.380395889282227,8.608047485351562,4.170707702636719,2.6896471977233887,1.4535521268844604,2.3404252529144287,1.7092821598052979,0.30874261260032654,-0.1656072586774826,76.85416412353516,30.142484664916992,18.376501083374023,7.790410041809082,9.703320503234863,6.751676082611084,7.370559215545654,5.334610939025879,6.443263053894043,3.755513906478882,4.164053916931152,6.0467915534973145,6.28765869140625,115.2252147305024,275.9518155170171,0.0044650048324742266,0.012559835957827595,bass,synthetic
-424.0210876464844,29.85106086730957,-70.02359771728516,-9.8384428024292,-8.289621353149414,-2.010037660598755,-4.1555280685424805,-4.294033527374268,-7.2303147315979,-5.301125526428223,-8.916338920593262,-1.5127453804016113,12.758929252624512,103.53457641601562,26.32830810546875,13.119677543640137,6.488771438598633,10.374022483825684,3.7746410369873047,6.90151309967041,3.6939024925231934,6.152817726135254,3.6226279735565186,5.813068866729736,3.224856376647949,8.069673538208008,1522.712904506817,461.6340099942136,0.14181357935855263,0.041010066869636055,brass,acoustic
-475.3057861328125,70.45442199707031,49.38031005859375,40.26513671875,36.56787109375,33.6214485168457,26.554222106933594,23.11020278930664,19.59010124206543,15.868481636047363,11.930036544799805,9.907333374023438,7.3924713134765625,83.78726959228516,57.473785400390625,21.332775115966797,17.80132293701172,13.023849487304688,8.13512134552002,11.312429428100586,8.137730598449707,7.2367939949035645,7.2621870040893555,8.844776153564453,7.421107769012451,8.397543907165527,232.32283740672108,112.15779943506479,0.009590871710526316,0.0040282873176191135,string,acoustic
-294.3310852050781,182.7230682373047,30.618911743164062,3.3028311729431152,22.31907081604004,20.519960403442383,2.4928276538848877,1.5584040880203247,4.23543119430542,5.3112945556640625,13.224065780639648,8.730220794677734,7.263599872589111,62.009849548339844,46.060691833496094,10.504058837890625,12.999382972717285,10.40223503112793,7.974746227264404,9.754799842834473,8.712577819824219,7.708836078643799,7.110332012176514,5.828482627868652,5.862560749053955,5.49042272567749,309.3176043808295,109.08382488295622,0.010328020368303572,0.0041535744241866035,string,acoustic
-232.8761444091797,104.73248291015625,-44.15204620361328,-2.922883987426758,-31.281681060791016,-22.14015769958496,-26.03668785095215,-15.383578300476074,-15.55906867980957,-7.395076751708984,-9.741612434387207,-3.7422680854797363,-9.013012886047363,105.54954528808594,22.54672622680664,13.943218231201172,8.027586936950684,9.444543838500977,4.815936088562012,4.793182849884033,3.0665180683135986,7.27171516418457,4.708079814910889,6.514431953430176,3.551912784576416,8.02038860321045,1291.6745022558514,177.6089139409318,0.07659040178571429,0.01884928602107777,brass,acoustic
-339.4795227050781,-30.205184936523438,-0.6054520606994629,-17.579322814941406,-54.107486724853516,-15.460356712341309,12.013603210449219,42.07195281982422,7.726192951202393,2.253213882446289,-4.704004287719727,-33.84825897216797,-23.272428512573242,32.365753173828125,9.457337379455566,1.884986400604248,4.306310653686523,5.972490310668945,2.902984857559204,2.8140993118286133,4.157088279724121,3.570096015930176,2.040773630142212,3.4117190837860107,3.86802339553833,3.1608433723449707,1910.8625388766234,257.7971304171405,0.1031020806760204,0.008812380502049435,flute,synthetic
-167.8682403564453,65.62454223632812,-60.1964111328125,22.424360275268555,-33.987037658691406,-15.827768325805664,-28.056720733642578,-8.642638206481934,-11.092473030090332,-5.311810493469238,-19.59023666381836,-14.706233024597168,-29.888378143310547,60.03034210205078,10.74427318572998,9.074366569519043,4.614233493804932,5.966965675354004,3.8575127124786377,5.805072784423828,3.8642160892486572,4.654670238494873,4.66239070892334,4.367047309875488,3.961071014404297,4.8871541023254395,1676.4386454479136,127.18898878529134,0.13682673527644232,0.02633603914893534,string,acoustic
-420.7075500488281,58.7196159362793,44.023780822753906,31.128028869628906,21.100793838500977,14.372878074645996,10.264245986938477,7.088569164276123,3.136169195175171,-2.5477957725524902,-7.666482448577881,-10.526605606079102,-12.454599380493164,27.25040054321289,27.250490188598633,12.64323902130127,4.701826572418213,3.155143976211548,3.0124154090881348,3.0110065937042236,2.793059825897217,2.5748093128204346,4.158298969268799,5.474520683288574,2.9690775871276855,1.4970051050186157,218.44993793884007,76.39893147258647,0.02282049005681818,0.0017025386672482221,string,acoustic
-458.7672119140625,53.485130310058594,31.264394760131836,25.131113052368164,15.1106595993042,6.416384696960449,-1.856300950050354,-4.032375335693359,-3.7170517444610596,-5.260191440582275,-8.561732292175293,-9.195842742919922,-12.164131164550781,89.39676666259766,37.8515739440918,16.249025344848633,7.639880657196045,4.896600723266602,8.634323120117188,13.096561431884766,8.604207038879395,6.794548511505127,6.325723648071289,2.9688053131103516,4.2271881103515625,3.2051093578338623,286.4622952634077,181.1619258926615,0.02349704649390244,0.0033798077977975974,bass,synthetic
-201.7418975830078,17.489036560058594,-56.77177429199219,-3.165055751800537,-46.38976287841797,-24.868274688720703,-29.079374313354492,-17.968318939208984,-36.10165023803711,-19.025115966796875,-3.965622663497925,34.17573165893555,29.163780212402344,57.59263229370117,7.103984355926514,10.40629768371582,4.0324788093566895,5.944126129150391,3.7959673404693604,4.964787483215332,4.311649322509766,6.1108622550964355,4.6169114112854,5.003105163574219,4.292555332183838,4.542623996734619,1874.864537452575,150.7092222401027,0.12129759557038836,0.024234637658376367,string,acoustic
-443.32208251953125,58.64664077758789,42.44425582885742,29.9051513671875,22.426279067993164,16.694711685180664,11.8564453125,7.6308112144470215,3.4625887870788574,-0.41603797674179077,-3.906135082244873,-7.2075653076171875,-9.940975189208984,42.184173583984375,45.03144836425781,20.743980407714844,9.357309341430664,6.805006504058838,4.484991550445557,1.9262038469314575,0.8135921359062195,2.035245418548584,2.7910797595977783,3.2790207862854004,4.1369709968566895,4.833412170410156,228.04270863591566,187.7252410786881,0.01711309523809524,0.002800815229055625,bass,synthetic
-354.8580017089844,229.6951446533203,10.054427146911621,-41.926719665527344,-16.519329071044922,-10.989763259887695,-12.4319486618042,-11.197563171386719,-9.223272323608398,-5.715621471405029,-2.434227228164673,-1.4809609651565552,-5.3033671379089355,74.48097229003906,38.779083251953125,23.031883239746094,10.53455638885498,7.20397424697876,11.576732635498047,6.602531909942627,5.417809963226318,5.358290195465088,5.2733964920043945,4.2123332023620605,4.297786235809326,6.061863899230957,621.5159853391928,52.437242056660565,0.05674677309782609,0.009479019192525159,brass,acoustic
-242.047607421875,-64.66661071777344,-44.886348724365234,3.4405598640441895,6.201289176940918,0.3384573459625244,-24.199398040771484,0.018030881881713867,7.947326183319092,-8.766732215881348,-13.67087173461914,15.965414047241211,-2.0979294776916504,104.81110382080078,30.259674072265625,30.432268142700195,22.678802490234375,25.20108985900879,18.240713119506836,20.20598030090332,12.120671272277832,15.701533317565918,18.118633270263672,11.317222595214844,12.831847190856934,7.26810884475708,3681.807205054604,302.2774110174055,0.298675537109375,0.07348586554397532,brass,acoustic
-357.5993957519531,117.77091979980469,81.63451385498047,48.28598403930664,28.68612289428711,21.44536018371582,19.43838882446289,16.08472442626953,10.757259368896484,6.74605131149292,5.748100280761719,6.464653968811035,6.596205234527588,22.94778823852539,20.11454963684082,10.865546226501465,8.105491638183594,5.812989711761475,4.265716552734375,3.0005626678466797,2.6550333499908447,2.3432791233062744,2.051287889480591,2.3914918899536133,2.7336671352386475,2.8046791553497314,107.88635537035229,63.09240490303393,0.00490772480867347,0.0016731949258822088,flute,synthetic
-300.3550720214844,14.160772323608398,-32.67597961425781,13.775287628173828,-27.22806167602539,-6.247981548309326,-12.509571075439453,2.276076316833496,2.5451748371124268,28.363271713256836,27.910564422607422,3.125789165496826,-28.07107162475586,122.24835205078125,22.839632034301758,9.46890640258789,13.806981086730957,12.71408748626709,7.460458755493164,7.923374652862549,8.072373390197754,10.505955696105957,6.789823532104492,8.470545768737793,6.536314010620117,5.88081693649292,2381.048454041696,336.99785870952934,0.20087890625,0.04276139599340376,string,acoustic
-427.2069396972656,117.205810546875,61.8934440612793,39.270263671875,31.353342056274414,19.638561248779297,8.158876419067383,2.0765175819396973,2.292900800704956,2.8324975967407227,0.518855094909668,-1.4090607166290283,-1.4766829013824463,66.99932098388672,51.69027328491211,18.10028076171875,11.827293395996094,4.184326171875,4.025229454040527,5.047241687774658,5.288835048675537,3.229621648788452,4.480944633483887,2.892014980316162,2.7418179512023926,2.9918770790100098,263.86528030565995,104.88591982993289,0.0130126953125,0.002536126419899529,string,acoustic
-233.1642608642578,14.672481536865234,-37.12181091308594,29.554054260253906,-15.43588638305664,-6.2425642013549805,-17.769113540649414,-10.347641944885254,-19.927066802978516,-4.772122383117676,-17.751708984375,-6.307456016540527,-13.748947143554688,40.57957458496094,13.430411338806152,11.5200777053833,4.507819652557373,5.5659918785095215,3.8221213817596436,4.61176872253418,4.575486660003662,5.644521713256836,4.330315113067627,4.347686767578125,4.240546703338623,4.653724670410156,1776.6544469206847,168.36799481363914,0.09590133818069307,0.03330556987974836,string,acoustic
-299.16888427734375,69.24114227294922,-123.7798080444336,4.3061347007751465,-29.220809936523438,-33.28321075439453,2.0688886642456055,-21.765050888061523,-23.146047592163086,-11.109049797058105,-5.962218761444092,12.195475578308105,39.98072052001953,42.80181121826172,13.065193176269531,22.41969108581543,8.296055793762207,6.311222553253174,4.6838555335998535,3.4843828678131104,5.070102691650391,3.326505661010742,3.7660586833953857,3.7059078216552734,4.100472450256348,5.003750324249268,1407.6948972869902,102.28357012644865,0.1379369870580808,0.03448896851366965,brass,acoustic
-92.60098266601562,-9.373250961303711,-89.59671783447266,-2.9028570652008057,-34.885643005371094,-37.10027313232422,-30.697460174560547,0.2067175656557083,-27.86536407470703,-14.333033561706543,-31.662382125854492,-14.212970733642578,-11.2404146194458,59.33454895019531,17.41508674621582,12.085966110229492,3.2465527057647705,6.595965385437012,4.275062561035156,4.032859802246094,4.733208179473877,4.259637355804443,2.9877707958221436,4.361393928527832,3.806210517883301,3.732269525527954,2170.3255269357137,208.17045680566082,0.12154296875,0.021649828995168055,flute,acoustic
-249.1865234375,72.49066925048828,-37.28523635864258,27.815793991088867,-9.257725715637207,4.347799301147461,0.23303675651550293,-13.598011016845703,-28.296598434448242,-43.42801284790039,-31.17193031311035,-4.31568717956543,19.678260803222656,47.07501983642578,12.500788688659668,7.8884596824646,7.234999179840088,3.4084622859954834,3.092932939529419,2.8322553634643555,4.199736595153809,4.579116344451904,5.4853715896606445,4.293143272399902,2.332500696182251,4.444557189941406,1257.0394064792777,250.37375762314934,0.054298867984693876,0.015123848752687892,flute,synthetic
-232.17843627929688,171.1641387939453,-3.8321309089660645,26.05317497253418,7.784176826477051,-9.900532722473145,-1.9418153762817383,3.6145880222320557,-1.6172267198562622,-3.207726001739502,-5.414674282073975,-4.898704528808594,-0.8574585318565369,79.41338348388672,38.82929992675781,18.153425216674805,5.989518165588379,7.494867324829102,10.153059959411621,6.702224254608154,5.337551593780518,5.113357067108154,4.659348964691162,5.196096420288086,4.617186546325684,4.156387805938721,460.36947131955907,105.98711076788116,0.023873465401785716,0.013183651417255067,string,acoustic
-218.74713134765625,158.6353302001953,-18.583911895751953,27.7459774017334,15.0415678024292,1.5387904644012451,2.805144786834717,13.892890930175781,-4.987987041473389,5.445151329040527,4.800361633300781,2.578223943710327,-5.911933898925781,125.82196044921875,38.00413513183594,29.421384811401367,9.955245971679688,10.29157829284668,11.168475151062012,8.44533634185791,4.9729323387146,6.9008588790893555,5.421939849853516,4.132654666900635,3.6901614665985107,6.011123180389404,648.4908074740183,215.63504861525266,0.039187700320512824,0.014449711738604983,string,acoustic
-338.23345947265625,74.17073822021484,-24.37879753112793,21.77390480041504,10.551005363464355,-4.660793781280518,-10.373828887939453,-5.061880588531494,-4.0091471672058105,-2.3762171268463135,-11.470483779907227,-18.717248916625977,0.20140092074871063,24.397069931030273,7.373254776000977,10.117438316345215,6.017701625823975,6.315842628479004,5.081088542938232,4.747435569763184,4.936244964599609,4.778106212615967,3.5877432823181152,4.3217244148254395,5.957747936248779,3.40492582321167,769.4581399106368,62.3855088295478,0.05255423240291262,0.007093833832869162,flute,acoustic
-156.03335571289062,-24.2058048248291,-64.68880462646484,-1.7113174200057983,-37.3792610168457,-12.2586088180542,-18.835725784301758,-7.256807804107666,-30.397916793823242,-1.5888804197311401,-19.477479934692383,-7.348161220550537,-14.965251922607422,68.39531707763672,33.78131866455078,13.168517112731934,5.468228340148926,6.156827926635742,3.3952698707580566,3.625927448272705,3.0348684787750244,3.91705584526062,2.3930675983428955,3.5657052993774414,2.0328619480133057,2.628347158432007,2149.766330751905,295.2617719067765,0.14748046875,0.025689155469579658,brass,acoustic
-388.21527099609375,103.1193618774414,62.61162567138672,41.7048454284668,24.639976501464844,16.477205276489258,10.316564559936523,7.85709285736084,5.203547477722168,2.177568197250366,-1.2987027168273926,-2.0732855796813965,-2.0723626613616943,69.16426849365234,36.61673355102539,14.687642097473145,9.95918083190918,9.592825889587402,6.225991249084473,4.348049163818359,3.5279901027679443,3.7662758827209473,3.0001258850097656,3.1264150142669678,3.6997461318969727,5.412624835968018,335.3737550552655,205.5924781341815,0.017740885416666668,0.0039419330641700485,string,acoustic
-560.8033447265625,51.5967903137207,22.826276779174805,-11.746329307556152,-38.33916473388672,-47.03639221191406,-35.588340759277344,-9.801876068115234,19.274709701538086,39.97796630859375,44.594337463378906,32.162437438964844,8.503690719604492,27.566368103027344,34.784645080566406,24.909488677978516,15.493868827819824,11.116425514221191,9.937185287475586,8.136052131652832,4.90266752243042,4.296473503112793,7.280675411224365,8.219674110412598,6.003274440765381,1.9660409688949585,608.749595478377,99.29974062778321,0.07466218909438775,0.01233157266219239,bass,synthetic
-449.6331787109375,143.63450622558594,93.75566101074219,49.1749267578125,19.001344680786133,0.6603065133094788,-8.24360466003418,-12.320550918579102,-14.434707641601562,-14.163619995117188,-12.713872909545898,-11.214405059814453,-8.658547401428223,58.91355895996094,53.561336517333984,19.178667068481445,22.262046813964844,18.851606369018555,12.34422492980957,6.0076584815979,3.5567877292633057,2.761935234069824,3.4585964679718018,4.533276557922363,6.726405620574951,6.998455047607422,271.7236456666957,89.31137972964625,0.021883877840909092,0.003808298845265647,string,acoustic
-312.1461181640625,44.885711669921875,-93.44003295898438,-28.57376480102539,-29.36972427368164,-18.508108139038086,-5.244693756103516,-0.2739885747432709,13.626204490661621,31.309951782226562,27.282522201538086,9.454468727111816,-21.25203514099121,41.963104248046875,10.9977445602417,13.819635391235352,5.335102558135986,5.3357319831848145,4.715153217315674,5.605156421661377,4.800615310668945,4.719337463378906,4.3761396408081055,5.565768241882324,4.71414041519165,3.7652487754821777,1161.5870615865376,47.76875881811173,0.08253946109693877,0.007763430070594984,brass,acoustic
-282.79278564453125,46.219539642333984,-138.0278778076172,24.527618408203125,-40.773460388183594,-26.93872833251953,-1.2694008350372314,-23.739713668823242,-24.538482666015625,-11.52834415435791,1.133571743965149,18.159988403320312,38.10333251953125,41.58701705932617,14.818554878234863,17.494457244873047,8.476530075073242,6.790149211883545,5.376096248626709,4.035862922668457,4.6756062507629395,2.7355854511260986,4.264728546142578,4.314672470092773,5.768486022949219,5.372231960296631,1792.5565358419424,92.56856788610538,0.1606198705808081,0.024251786063571493,brass,acoustic
-218.97979736328125,8.498327255249023,-43.13804626464844,0.4864256978034973,-37.5680046081543,-17.87444496154785,-21.208637237548828,-11.209665298461914,-32.72456741333008,-20.391651153564453,-5.386536121368408,22.512554168701172,24.22882652282715,43.59506607055664,9.427260398864746,5.967352867126465,4.080963611602783,5.605589389801025,5.094076156616211,4.8259053230285645,3.6607778072357178,4.6615214347839355,4.217041015625,4.358282566070557,3.2630858421325684,4.716320514678955,2156.3522024608933,221.4601156058166,0.14951459099264705,0.05321586336824365,string,acoustic
-372.0045166015625,153.87734985351562,7.736234188079834,-0.26173532009124756,-3.1912894248962402,-6.790802955627441,-11.129311561584473,-4.609724521636963,-6.1497626304626465,-2.0362701416015625,-5.091037273406982,1.4482768774032593,-2.9158108234405518,131.49118041992188,19.69097900390625,31.743860244750977,17.719770431518555,7.891037940979004,6.259893417358398,5.178502082824707,4.995828151702881,8.947025299072266,3.8135416507720947,9.860627174377441,3.9481148719787598,6.431275844573975,756.6532544317955,286.17780151209683,0.056717354910714286,0.014021079376005571,brass,acoustic
37.058773040771484,122.23748016357422,7.312943935394287,40.4700927734375,-1.6280173063278198,26.104196548461914,-3.448513984680176,18.990331649780273,-3.6752469539642334,15.306584358215332,-2.9460208415985107,12.335698127746582,-2.66561222076416,57.069366455078125,9.803054809570312,10.388626098632812,8.305299758911133,8.667745590209961,7.049715995788574,5.8383026123046875,6.629190444946289,4.042286396026611,4.765805721282959,2.7380902767181396,3.3834846019744873,1.935193657875061,1036.9131094997904,52.666504795402915,0.0086767578125,0.00221386417208661,bass,synthetic
-344.5425109863281,28.718534469604492,-36.615421295166016,14.356902122497559,-22.53151512145996,-12.648314476013184,-21.596187591552734,-14.641034126281738,-18.91588592529297,-14.368943214416504,-22.85552978515625,-21.45709228515625,-18.1538143157959,57.51376724243164,40.26167297363281,15.268880844116211,19.424131393432617,9.563508987426758,6.700755596160889,4.7569355964660645,5.2528204917907715,5.102863311767578,3.6303060054779053,3.1516642570495605,3.9636244773864746,2.5841729640960693,1287.2489873111676,398.68353164565144,0.05146663560779816,0.0034406877653951084,bass,synthetic
-216.5591278076172,140.7984619140625,-11.818119049072266,23.332307815551758,21.37420082092285,25.452585220336914,3.2154359817504883,7.32972526550293,-5.160032749176025,-4.34705114364624,3.0936930179595947,13.333474159240723,3.6324853897094727,98.59941864013672,35.65618896484375,19.002643585205078,6.848076343536377,6.8143110275268555,5.885400295257568,8.5704345703125,6.037325382232666,9.80906867980957,8.405652046203613,7.142311096191406,5.53292989730835,5.2101850509643555,553.5393895515438,153.62166504516506,0.015399966032608696,0.00780806359593716,string,acoustic
-233.86485290527344,-63.69685745239258,-65.55143737792969,-10.09689998626709,-8.091545104980469,5.461818695068359,-19.902217864990234,1.5357071161270142,13.17059326171875,6.401618003845215,-15.485837936401367,16.098743438720703,5.301105499267578,107.68436431884766,38.43989562988281,24.0916748046875,15.853639602661133,19.072616577148438,13.660216331481934,16.409574508666992,9.613191604614258,19.385530471801758,8.878142356872559,14.687487602233887,15.764491081237793,7.225430965423584,3406.8679338784327,319.7153835984869,0.2715418198529412,0.06244250229988564,brass,acoustic
-400.2439880371094,153.69741821289062,71.7870101928711,41.12713623046875,28.184215545654297,17.496463775634766,9.951265335083008,2.651564359664917,1.5919584035873413,2.4275407791137695,-5.590436935424805,-18.976335525512695,-28.418975830078125,58.87355422973633,31.236703872680664,24.438589096069336,10.707275390625,5.784811973571777,8.349878311157227,6.185532093048096,3.8061575889587402,4.156988143920898,5.56514310836792,3.4917218685150146,3.2385122776031494,7.890682220458984,231.3587756626772,206.31294812501886,0.01605287532216495,0.006527773640044879,bass,electronic
-244.26824951171875,16.831127166748047,-13.595333099365234,-23.94636344909668,-46.081947326660156,-22.417097091674805,17.3002872467041,37.59749221801758,2.177218198776245,-0.7230867743492126,4.651051044464111,-33.07745361328125,-15.359691619873047,45.746826171875,4.007516860961914,1.918524980545044,3.7857162952423096,4.519460201263428,2.96109676361084,1.7740000486373901,3.594083070755005,4.250938892364502,2.0168285369873047,3.4688708782196045,3.940669536590576,3.2059526443481445,2261.832219807197,262.1561677686501,0.12048588966836735,0.018411355051797668,flute,synthetic
-490.8493957519531,71.03411102294922,59.28620147705078,49.22212219238281,42.68215560913086,38.09921646118164,35.106666564941406,33.43608474731445,31.210126876831055,26.23345947265625,18.497522354125977,10.951767921447754,6.7467732429504395,36.65614318847656,36.651798248291016,13.902400016784668,11.325834274291992,9.84641170501709,10.117268562316895,10.52963924407959,7.746461868286133,5.260794639587402,4.537870407104492,6.020626068115234,9.617194175720215,7.240860939025879,37.727138921694404,126.85525772504272,0.0003825708762886598,0.0006877763048990646,bass,synthetic
-354.4649658203125,104.1849365234375,67.24703979492188,37.99417495727539,16.129119873046875,5.86790132522583,2.7529940605163574,1.3502328395843506,-1.88579523563385,-6.158182621002197,-9.962491989135742,-11.945913314819336,-12.586705207824707,25.115936279296875,18.05866050720215,12.654844284057617,7.491552829742432,4.087162971496582,3.092334032058716,2.2148385047912598,1.975296974182129,2.147962808609009,2.5772030353546143,3.1402945518493652,3.5344197750091553,3.5897600650787354,249.44808360995887,71.66535040640358,0.01599868463010204,0.005444782115605139,flute,synthetic
-477.5016784667969,67.59184265136719,26.24163055419922,4.357860565185547,-14.016157150268555,-17.71615219116211,-21.438858032226562,-19.216144561767578,-16.697654724121094,-10.08603286743164,-11.194244384765625,-16.10545539855957,-21.688093185424805,166.05572509765625,49.875911712646484,42.9404411315918,21.988550186157227,26.813396453857422,20.539634704589844,19.954206466674805,16.752470016479492,19.81071662902832,30.53863525390625,25.43929672241211,13.513096809387207,7.652827262878418,629.5120069835159,626.0697472475249,0.03664822048611111,0.010764940272020282,bass,synthetic
-203.96102905273438,47.74449920654297,-11.698984146118164,26.888755798339844,-2.258173704147339,1.7388250827789307,-16.335866928100586,4.992826461791992,-15.637632369995117,-7.325608253479004,-10.918233871459961,-2.447141170501709,-13.91441822052002,55.4015998840332,18.197092056274414,9.346145629882812,5.788822650909424,4.263906002044678,4.565115451812744,5.707714080810547,2.846095085144043,5.341150760650635,4.346394062042236,5.026445388793945,3.2654929161071777,4.825409412384033,1558.3097511384797,158.88611254213245,0.07975725446428572,0.025825269460543133,string,acoustic
-177.81817626953125,32.79743194580078,-53.12724304199219,17.327478408813477,-42.48512649536133,-10.221063613891602,-25.722108840942383,-0.9842996597290039,-12.475908279418945,-14.554642677307129,-15.784140586853027,-0.4879761338233948,-2.5540566444396973,80.53913116455078,12.137998580932617,19.138532638549805,4.56295108795166,12.759735107421875,4.722362995147705,7.11122465133667,3.845473527908325,4.366696834564209,3.427483081817627,3.97926926612854,3.787365674972534,4.980565547943115,1637.652895166158,266.31644596315505,0.10992777122641509,0.025863785405646513,string,acoustic
-224.56716918945312,156.880126953125,-94.20646667480469,-14.245850563049316,-13.133796691894531,-21.916748046875,-13.677632331848145,-4.793759822845459,-5.7012248039245605,-3.85610032081604,-13.337533950805664,-9.207948684692383,-3.7775752544403076,48.151859283447266,14.857320785522461,23.08966827392578,7.982244968414307,5.753941059112549,6.233341693878174,5.829726219177246,5.369750022888184,3.834866762161255,2.5651724338531494,3.898743152618408,2.7149498462677,3.1711909770965576,949.1334220928829,51.82045069396028,0.08887705176767677,0.012312220359149402,brass,acoustic
-307.3458251953125,67.99835205078125,-144.9723358154297,22.735368728637695,-21.40416717529297,-29.775596618652344,15.364080429077148,-25.90860366821289,-13.703418731689453,3.7107746601104736,-13.772533416748047,-7.725467205047607,-7.683904647827148,46.96460723876953,17.162216186523438,25.321964263916016,10.34947681427002,12.109225273132324,8.474709510803223,4.721510410308838,7.119113922119141,3.616544008255005,5.218183517456055,4.014488697052002,4.576463222503662,3.2498767375946045,1521.171362085027,99.48514375187193,0.17575280643203883,0.02951365248240692,brass,acoustic
-433.2236328125,-25.558490753173828,-79.97111511230469,-27.483884811401367,-14.092336654663086,10.859644889831543,23.28352928161621,21.736328125,-21.223920822143555,-33.28203582763672,-2.613699197769165,32.374027252197266,6.955644607543945,43.397823333740234,10.221654891967773,11.29625129699707,5.171926975250244,4.917063236236572,3.4961066246032715,4.253443241119385,3.9770660400390625,5.436853885650635,3.837489128112793,3.409719467163086,2.9897773265838623,3.857027053833008,2128.7644473414475,184.55624261270867,0.15882457386363635,0.025141163158343256,brass,acoustic
-352.6129455566406,127.09171295166016,67.57037353515625,34.08808898925781,27.09678077697754,21.432659149169922,12.524184226989746,6.839242935180664,4.029494285583496,2.043755292892456,-0.1946338564157486,-3.477384090423584,-5.510085582733154,23.300722122192383,24.23395347595215,9.70384693145752,3.1591906547546387,1.8532074689865112,1.2850613594055176,2.2299628257751465,1.448867917060852,2.965801239013672,3.0935914516448975,1.3231558799743652,1.883392333984375,2.592738628387451,156.02545931453696,45.344669611009415,0.015226790048543689,0.001231788585241546,flute,acoustic
-396.9515075683594,-3.097904682159424,-15.027754783630371,-11.248597145080566,-29.954965591430664,-20.729902267456055,-14.584684371948242,22.846025466918945,56.328529357910156,66.00061798095703,22.300756454467773,-34.750755310058594,-42.08135223388672,66.23284149169922,32.37958908081055,9.771111488342285,4.432076930999756,6.071987628936768,6.116797924041748,8.114394187927246,10.149785041809082,11.948939323425293,16.665172576904297,16.6569881439209,12.573860168457031,9.109148979187012,1780.183460609243,569.050246580827,0.09043067392676768,0.009585916474590808,bass,synthetic
-302.773681640625,93.88497161865234,-55.036895751953125,-25.580873489379883,-28.855731964111328,-25.039630889892578,-24.114315032958984,-20.585559844970703,-15.964105606079102,-8.627169609069824,-12.698902130126953,-17.404678344726562,-2.942497730255127,44.35255813598633,12.066780090332031,22.26426887512207,7.248645305633545,5.323485374450684,4.8279948234558105,4.7876386642456055,4.476284503936768,3.0456278324127197,3.9789507389068604,3.442582130432129,3.5631582736968994,3.519604444503784,802.0384627382485,86.04511529839122,0.05184966738861386,0.0036724649063786326,brass,acoustic
-248.718994140625,168.361572265625,-9.286112785339355,21.658153533935547,26.92321014404297,12.300009727478027,1.7398463487625122,-3.8872079849243164,8.042423248291016,6.809203624725342,3.694424867630005,1.2599111795425415,2.26688289642334,57.103248596191406,24.751794815063477,21.373876571655273,9.423515319824219,4.690122604370117,5.603550434112549,5.7421464920043945,5.767660617828369,3.983896017074585,3.6007730960845947,4.2918291091918945,3.8006093502044678,4.978308200836182,459.0326532298214,64.81315669274623,0.015257626488095238,0.006609566668217967,string,acoustic
-207.33953857421875,97.98388671875,-0.6203951239585876,27.324161529541016,8.195164680480957,21.651683807373047,2.841850757598877,5.537508487701416,-6.7061448097229,5.609807968139648,9.108969688415527,4.5557780265808105,-5.252894401550293,73.99087524414062,14.31340503692627,14.697641372680664,7.742974281311035,9.051565170288086,4.500205039978027,6.0481696128845215,5.075220108032227,6.145289421081543,6.2666192054748535,5.258652210235596,4.431777477264404,3.757878303527832,696.4317799099641,168.50604768530545,0.016947798295454546,0.002651919709756091,string,acoustic
-309.7544860839844,-60.8952522277832,-83.30349731445312,-19.129953384399414,-27.898359298706055,11.853306770324707,27.777938842773438,27.804237365722656,-16.128435134887695,-22.569171905517578,-4.085023880004883,36.98707580566406,2.523574113845825,46.79929733276367,19.079530715942383,7.309840679168701,5.120748043060303,5.779698848724365,6.733190536499023,9.567275047302246,6.653247356414795,4.438981056213379,6.750380516052246,5.129622936248779,5.151978015899658,4.314215183258057,2522.7080174405537,197.40491078851068,0.1681689453125,0.0314975163979317,brass,acoustic
-338.2371826171875,150.8155059814453,104.43983459472656,59.01685333251953,29.818918228149414,15.66251277923584,8.845097541809082,4.150842189788818,1.389072299003601,1.9364694356918335,5.0178375244140625,8.122859001159668,9.327326774597168,33.70180130004883,37.575347900390625,22.05257797241211,10.267647743225098,4.662868976593018,5.796685695648193,6.029592514038086,6.007824420928955,5.762172698974609,4.6912617683410645,3.1205978393554688,1.8841427564620972,0.9756143093109131,139.41489981538828,49.679260695770125,0.005380135995370371,0.00043052864066541575,bass,synthetic
-192.32815551757812,97.69075775146484,-17.235387802124023,26.892005920410156,16.790508270263672,24.62723731994629,-3.481471061706543,2.743993043899536,-7.791989326477051,5.289051055908203,10.049842834472656,21.27457046508789,20.770492553710938,91.8334732055664,15.857892036437988,19.002050399780273,4.8051042556762695,6.244615077972412,4.275287628173828,6.467043876647949,3.8941893577575684,5.604588985443115,4.554625511169434,4.140733242034912,6.199293613433838,6.747276782989502,869.5894782604101,187.40857873084136,0.030625351914414414,0.012585570644623742,string,acoustic
-400.0783386230469,62.14921951293945,32.51129150390625,19.11109733581543,6.8156585693359375,-2.775834798812866,-9.040267944335938,-10.995344161987305,-11.919029235839844,-13.42763900756836,-15.207252502441406,-15.488316535949707,-16.103151321411133,38.88142776489258,21.39027976989746,9.3834867477417,10.344322204589844,4.836476802825928,3.673341751098633,3.1636297702789307,3.798464775085449,3.760643720626831,4.275589942932129,3.405898332595825,3.0781075954437256,2.755678415298462,311.3835346043905,297.1887808498595,0.02971971649484536,0.00518345398542679,bass,electronic
-389.1974792480469,172.85818481445312,72.88014221191406,10.712735176086426,-13.336668968200684,-17.46485137939453,-17.848270416259766,-20.984233856201172,-17.584503173828125,-13.414268493652344,-12.740973472595215,-8.750667572021484,-6.2162275314331055,32.577919006347656,26.9025821685791,7.572417736053467,9.568117141723633,8.98792552947998,6.234130382537842,5.288224697113037,6.53130578994751,4.152673721313477,3.299926280975342,3.4545795917510986,4.002809524536133,5.119479656219482,350.86789907819946,53.2658264627694,0.03659806161556604,0.008080094260135841,brass,acoustic
-276.408935546875,266.41510009765625,37.12532424926758,-55.4212760925293,-22.394641876220703,11.805940628051758,4.065154075622559,-7.993788242340088,-4.343011379241943,-7.828643321990967,-16.656166076660156,-11.648821830749512,-2.703476667404175,46.048274993896484,33.222206115722656,17.88530731201172,19.129716873168945,8.240581512451172,6.86812162399292,6.443429470062256,8.832049369812012,5.537277698516846,5.73761510848999,3.9416792392730713,3.846686601638794,5.260195732116699,514.0745121123917,64.86319552769217,0.04255328262061404,0.011733416467816164,brass,acoustic
-270.2168884277344,114.46318054199219,2.3858420848846436,29.466989517211914,1.5148169994354248,1.3442208766937256,0.968130886554718,2.0367815494537354,3.1516473293304443,0.19678130745887756,-3.7717397212982178,-9.395751953125,-9.33756160736084,100.6700668334961,35.20740509033203,50.29935836791992,26.215723037719727,17.21906280517578,14.535138130187988,9.896941184997559,6.9513044357299805,8.640753746032715,8.045899391174316,4.208865165710449,5.734344005584717,6.2452569007873535,814.4458571568772,493.6220381905683,0.05185546875,0.03214369475065534,bass,synthetic
-359.6906433105469,144.10098266601562,85.05265808105469,33.75564193725586,11.057023048400879,8.276135444641113,8.479318618774414,5.718105316162109,3.136058807373047,2.8581786155700684,3.5572938919067383,3.762180805206299,3.1286556720733643,21.276081085205078,24.074325561523438,12.476574897766113,5.121441841125488,2.6905341148376465,2.6865735054016113,1.267971396446228,1.1959192752838135,0.9384166598320007,1.4610354900360107,0.7560690641403198,1.5553500652313232,1.2644789218902588,153.1430767669386,17.089479212930403,0.010597696109693877,0.001615247701182785,bass,synthetic
-294.3878173828125,-118.37035369873047,-43.87628173828125,-23.175796508789062,-21.717941284179688,-9.221199035644531,-21.46186637878418,-5.561226844787598,3.7028257846832275,30.674840927124023,25.74931526184082,12.892833709716797,-25.786413192749023,50.58165740966797,21.195491790771484,5.540369033813477,3.199916124343872,3.7363157272338867,2.8597800731658936,2.7963192462921143,2.8117003440856934,2.8158364295959473,4.0495405197143555,4.949428558349609,3.334137201309204,2.9809935092926025,3794.0398264405703,229.7293171423132,0.25690498737373735,0.05671269078180242,brass,acoustic
-287.3775329589844,-6.458026885986328,-16.557165145874023,-3.0205113887786865,-23.11098861694336,-20.01085090637207,-15.621047973632812,5.414673328399658,8.679072380065918,9.096957206726074,-20.102127075195312,-26.892744064331055,-3.187389850616455,78.58773040771484,18.131698608398438,9.411508560180664,8.802645683288574,7.878218650817871,7.2589192390441895,8.483159065246582,5.631155490875244,6.413586616516113,3.1030428409576416,5.574420928955078,5.390799045562744,5.40470552444458,2822.723835258677,438.6685325368492,0.24087960379464285,0.06694505279093145,string,acoustic
-164.1251983642578,-28.39249038696289,-0.8323569297790527,31.41997528076172,-20.190217971801758,17.286544799804688,-9.776942253112793,5.215181827545166,-2.8458476066589355,-3.5017426013946533,-7.318994998931885,-5.806179523468018,-7.930994987487793,61.30510330200195,30.710107803344727,9.646867752075195,5.786154270172119,6.219127178192139,4.349213600158691,4.459375381469727,3.7282028198242188,3.277327060699463,3.886122226715088,3.336151123046875,3.8467323780059814,3.4903550148010254,1860.2021848767436,168.6559863146981,0.05138469192216981,0.01580356579849166,bass,synthetic
-232.74427795410156,79.15262603759766,-18.88265609741211,15.678194999694824,-11.454312324523926,-15.638301849365234,-7.9394659996032715,-6.90152645111084,-14.095088005065918,-12.242112159729004,-20.601789474487305,-9.467924118041992,-19.11814308166504,46.203678131103516,12.116211891174316,11.623403549194336,6.3419508934021,6.935657024383545,5.860953330993652,5.500648021697998,4.100898742675781,4.403122425079346,4.292020797729492,5.211863994598389,3.534929037094116,4.901278972625732,847.7449160931928,112.52947526232596,0.04688895089285714,0.016536392946567124,string,acoustic
-422.77276611328125,59.548370361328125,38.4440803527832,28.949443817138672,25.202787399291992,19.99359130859375,15.986047744750977,13.15931224822998,10.281702041625977,8.368873596191406,6.971501350402832,5.507452011108398,4.365992069244385,61.68603515625,56.30219650268555,16.84611701965332,10.3588285446167,6.556368350982666,4.728321552276611,4.280301094055176,3.229719877243042,3.5128066539764404,3.0748684406280518,2.3631768226623535,2.1950931549072266,1.8371000289916992,206.47190552265002,226.53186898499845,0.0123046875,0.001962866332250174,bass,synthetic
-469.3841552734375,-17.66570281982422,-8.72778606414795,10.122627258300781,13.98085880279541,-30.55904769897461,16.775203704833984,9.355207443237305,-14.02907657623291,-6.684502601623535,24.1542911529541,-13.365280151367188,-12.286194801330566,14.710926055908203,3.940363883972168,5.750473499298096,5.390280723571777,2.0934088230133057,6.235090732574463,2.5851941108703613,3.3188705444335938,3.186164379119873,1.8824515342712402,3.1513590812683105,1.862747073173523,1.6568902730941772,2794.1939319320586,155.31720679520453,0.2893863600127551,0.022785479553945602,flute,synthetic
-437.4727783203125,42.800880432128906,8.162515640258789,13.413588523864746,16.378934860229492,7.321728706359863,2.949864625930786,3.5827560424804688,4.464483261108398,1.978040337562561,1.0097440481185913,8.11357593536377,20.067646026611328,41.891151428222656,19.27798080444336,19.415733337402344,5.816496849060059,2.8568458557128906,8.479072570800781,9.587679862976074,8.290919303894043,6.263111114501953,7.7826337814331055,9.149974822998047,3.6219654083251953,9.600852966308594,614.8061840804379,197.15051516690787,0.028108016304347828,0.02981501104466694,flute,acoustic
-275.98406982421875,15.760442733764648,25.194490432739258,55.272193908691406,9.742347717285156,16.940406799316406,-3.6015684604644775,7.0592193603515625,-9.949203491210938,2.2980711460113525,-20.302249908447266,-10.435100555419922,-18.827394485473633,46.196956634521484,32.72012710571289,24.71837615966797,13.076704025268555,6.868927478790283,6.7029924392700195,3.417062282562256,2.9609885215759277,2.468459367752075,2.8397700786590576,3.576223611831665,2.0199484825134277,2.3318917751312256,1183.7293087553787,333.6809212551647,0.049577809343434344,0.01421088559918034,bass,synthetic
-294.1240234375,88.50885009765625,-58.26186752319336,-3.1818501949310303,-24.53302764892578,-8.136597633361816,-17.222314834594727,-6.359126091003418,-7.5727338790893555,-0.3109946548938751,-5.584612846374512,-2.1630425453186035,-4.596590995788574,119.70063018798828,13.95080852508545,13.307653427124023,8.450959205627441,15.047325134277344,8.64431381225586,11.324853897094727,3.1748600006103516,8.110198020935059,4.021005630493164,9.470845222473145,3.953286647796631,6.95586633682251,1367.502225426542,155.45451649010178,0.09901494565217392,0.01981941615472307,brass,acoustic
-240.2611541748047,58.995521545410156,-13.864964485168457,24.44904899597168,2.3777518272399902,11.013608932495117,-9.53164291381836,-3.148658037185669,-7.116197109222412,1.2327677011489868,-12.811705589294434,-4.960290431976318,-12.11235237121582,47.43040084838867,17.0738525390625,8.439739227294922,6.608894348144531,5.931328773498535,4.647437572479248,4.167693614959717,3.6995298862457275,3.6540422439575195,4.284057140350342,5.346797466278076,4.437151908874512,4.936744689941406,1237.3680612301039,181.93283412246063,0.05252708579009434,0.020943315763738802,string,acoustic
-263.0610656738281,276.468994140625,-5.611583709716797,-4.843884468078613,15.928566932678223,8.65248966217041,1.296862006187439,-7.4454755783081055,1.0978832244873047,-12.1149263381958,-17.005237579345703,0.803260326385498,-1.253942608833313,55.71299362182617,25.194311141967773,25.34303855895996,14.734086990356445,6.86643123626709,10.55334186553955,6.971158504486084,5.043242931365967,5.1664652824401855,4.61128044128418,6.5908203125,3.8891286849975586,2.8319003582000732,456.00235619433204,65.92948179585463,0.03163192295792079,0.004030925810832337,brass,acoustic
-376.0091247558594,93.5052719116211,54.31635665893555,29.45336151123047,12.706086158752441,4.448914527893066,-3.0907468795776367,-9.03128433227539,-13.776032447814941,-15.325002670288086,-14.214040756225586,-10.830419540405273,-6.67953634262085,30.273386001586914,17.58462905883789,13.146502494812012,7.063442707061768,4.552021026611328,1.8017399311065674,2.226527690887451,2.652570962905884,3.308356761932373,3.3327832221984863,3.019681930541992,2.861363649368286,2.169635534286499,274.36490317892367,54.94772366445573,0.021295041454081634,0.002388652642804857,flute,synthetic
-315.1457824707031,33.23326873779297,-76.921142578125,-1.6939862966537476,-11.468717575073242,-28.41996955871582,-28.950008392333984,-15.247920036315918,-13.480753898620605,-15.74683952331543,-21.686874389648438,-17.673368453979492,-0.840551495552063,32.62709045410156,6.325880527496338,14.85234546661377,4.395806789398193,4.920283794403076,5.755276679992676,5.302633285522461,3.0338356494903564,4.387791156768799,3.576763868331909,5.070448398590088,3.762962579727173,3.6895360946655273,1112.8720833123512,67.16688844260564,0.0977384359529703,0.01961507736307056,flute,acoustic
-388.104736328125,-27.067337036132812,-70.80500030517578,4.029026031494141,24.870859146118164,33.46059036254883,12.561556816101074,-13.065964698791504,-30.18149757385254,20.352169036865234,40.25642013549805,6.507824420928955,-17.50997543334961,20.02606201171875,12.597193717956543,10.428900718688965,5.066476345062256,4.905413627624512,4.047536849975586,4.270153045654297,4.639143943786621,4.409606456756592,3.686607837677002,4.147078037261963,3.702965021133423,2.846050262451172,1957.8945566354662,165.7452563762191,0.1829459313118812,0.031230362031048668,brass,acoustic
-483.00946044921875,148.7682342529297,74.46902465820312,45.9676399230957,27.777551651000977,11.790581703186035,0.24709482491016388,-3.5123584270477295,-3.513617515563965,-3.806750774383545,-2.924337863922119,-2.516441822052002,-3.746213674545288,104.23665618896484,61.47552490234375,30.733381271362305,23.19025230407715,12.546812057495117,9.580488204956055,8.894576072692871,6.235651016235352,3.9560134410858154,3.9343886375427246,2.73992919921875,2.386492967605591,3.8583078384399414,275.95728854541693,72.52755722791761,0.017398231907894735,0.00820974674719603,brass,acoustic
-358.82891845703125,8.269479751586914,-22.53889274597168,24.258962631225586,-21.364898681640625,-1.0715092420578003,-17.27304458618164,-18.655567169189453,-27.65772247314453,1.5625978708267212,22.728984832763672,51.4700927734375,44.40559387207031,38.658592224121094,21.739608764648438,8.250725746154785,8.477815628051758,5.718528747558594,5.902177810668945,5.97381067276001,4.011074066162109,7.294134616851807,3.86578369140625,4.1362175941467285,6.341554641723633,6.982968807220459,1635.9246657779624,195.9305739128739,0.10424120181074767,0.027142823350111266,flute,acoustic
-264.2928466796875,116.04560089111328,-49.78134536743164,-15.027745246887207,-45.37812805175781,-7.175137042999268,-10.00295352935791,-11.218472480773926,-34.059173583984375,-47.73712158203125,-26.045671463012695,3.3685576915740967,-21.23893928527832,135.83822631835938,10.19920825958252,20.993865966796875,5.668575286865234,10.775177001953125,4.556979656219482,12.351118087768555,5.881173133850098,5.040826797485352,2.8361949920654297,3.7529032230377197,4.718519687652588,3.5551917552948,1302.7948828755816,65.32872565735292,0.11393229166666667,0.027954071948143578,string,acoustic
-254.10499572753906,-12.781359672546387,-88.36307525634766,2.8653812408447266,-25.083559036254883,-6.392285346984863,-19.100841522216797,-6.693521499633789,-17.521730422973633,3.656407117843628,-12.638323783874512,-3.4185941219329834,-16.26973533630371,49.89280319213867,28.908626556396484,11.93052864074707,7.378787994384766,4.9886698722839355,3.5918993949890137,3.7763988971710205,5.054800033569336,3.4568569660186768,4.662460803985596,4.515431880950928,4.704235076904297,3.2883756160736084,1945.650360494874,166.91259480021125,0.1564404296875,0.022836418154627395,brass,acoustic
-361.6271667480469,57.67267608642578,-103.89447021484375,-32.54151153564453,-18.951976776123047,-14.838398933410645,-3.3004310131073,14.002018928527832,32.34600830078125,38.614471435546875,11.030627250671387,-18.69626808166504,-19.196645736694336,90.34558868408203,10.973372459411621,35.815269470214844,6.312523365020752,16.08243751525879,5.700356483459473,8.06128978729248,6.44765043258667,7.468388080596924,4.995512962341309,3.6006782054901123,3.995347499847412,3.5366311073303223,1426.822027132469,142.10961793107958,0.1302734375,0.029562838981894716,brass,acoustic
-231.12313842773438,13.56180191040039,-79.66720581054688,9.643091201782227,-22.191463470458984,9.98914623260498,-15.687287330627441,-10.489325523376465,-14.651025772094727,-3.625234842300415,-11.378561019897461,3.4618682861328125,-17.27988052368164,56.25038146972656,22.33009147644043,9.672394752502441,7.05123233795166,6.669168949127197,6.087140083312988,6.81829833984375,4.180029392242432,4.5316643714904785,3.847848892211914,5.546416759490967,5.3073272705078125,5.683531761169434,1610.759242395459,99.23377668353503,0.15787447415865385,0.028914192544602334,brass,acoustic
-305.5666809082031,-57.198143005371094,-20.21608543395996,17.11081886291504,-14.690912246704102,20.154294967651367,36.07172775268555,-9.184548377990723,-15.720332145690918,3.377804756164551,23.63300895690918,42.26642990112305,-7.808126926422119,45.982276916503906,8.900940895080566,4.960291862487793,6.000236511230469,4.129349231719971,3.6040995121002197,4.195599555969238,3.3064351081848145,6.761613368988037,3.45286226272583,6.758737087249756,4.62755823135376,2.952846050262451,3519.924914745667,64.7213042352518,0.40960634101941745,0.03149669857625567,flute,acoustic
-227.69570922851562,12.963027954101562,-36.05074691772461,0.5180045962333679,-36.032432556152344,-18.713823318481445,-22.15154266357422,-12.817392349243164,-33.898887634277344,-21.82676887512207,-6.234330177307129,21.66435432434082,23.890888214111328,46.040340423583984,9.194937705993652,5.671436309814453,4.109309673309326,5.809584140777588,5.112634181976318,4.642244815826416,3.5481462478637695,4.966427326202393,4.204826831817627,4.2637038230896,3.3483593463897705,4.757509708404541,2113.701369113747,231.88126072381738,0.14053018810679613,0.05141553945875839,string,acoustic
-237.5446319580078,40.915714263916016,-51.885040283203125,-32.52532958984375,-32.8548583984375,-22.184167861938477,-26.555068969726562,-12.578112602233887,-20.511390686035156,-7.5113372802734375,-13.226540565490723,-7.235016822814941,-15.450823783874512,105.06578826904297,87.50555419921875,21.05840492248535,9.42995834350586,9.940293312072754,5.110044002532959,5.036376476287842,3.671135425567627,4.4684319496154785,5.3378448486328125,4.384047508239746,5.325702667236328,2.6233620643615723,1774.6987058705222,661.0307882860777,0.10947779605263158,0.0366485228101636,brass,acoustic
-248.32444763183594,78.46420288085938,-46.69627380371094,0.7964175939559937,-31.35407829284668,-15.331068992614746,-24.178619384765625,-13.146933555603027,-16.62831687927246,-7.999998092651367,-11.937716484069824,-4.484743595123291,-9.348812103271484,109.34732818603516,21.199302673339844,7.893150329589844,5.661960601806641,7.412702560424805,3.8197221755981445,7.275452613830566,2.517016649246216,6.383606433868408,4.048409461975098,4.2595624923706055,3.6881489753723145,6.5267333984375,1454.015229186673,138.4815055218514,0.08187588778409091,0.01728115973362722,brass,acoustic
-380.80389404296875,17.698148727416992,-18.628271102905273,25.10774803161621,-2.3921260833740234,-19.31068992614746,-18.863887786865234,-35.195106506347656,-33.411163330078125,-10.666230201721191,5.735132217407227,7.836776256561279,-0.9581853747367859,23.773744583129883,11.072054862976074,9.282896995544434,5.779097080230713,3.3859927654266357,4.740562915802002,5.135106086730957,5.45196533203125,4.790637016296387,2.3969035148620605,2.2916502952575684,2.4374330043792725,2.50529408454895,951.5814254330179,163.06969392006172,0.05417928890306122,0.004237213885695999,flute,synthetic
-304.9377746582031,147.40196228027344,25.994821548461914,8.105379104614258,7.4474382400512695,-7.5942912101745605,-4.880249977111816,2.8080475330352783,1.7581216096878052,6.300302982330322,10.060894012451172,9.259292602539062,9.528443336486816,37.664764404296875,17.099031448364258,16.93634605407715,6.558873653411865,5.756861209869385,4.58056640625,4.662487030029297,3.230466604232788,2.653951644897461,2.251253843307495,2.825772285461426,2.519444227218628,3.070568323135376,316.59621965227336,118.99064451122743,0.012311662946428572,0.00537075402595606,flute,synthetic
-281.5340576171875,183.76522827148438,-41.50559997558594,-19.818485260009766,-13.51435661315918,-27.62932586669922,-7.549966812133789,-13.249016761779785,-10.427241325378418,0.1746075600385666,-5.476120471954346,-6.986790180206299,-11.128623008728027,52.08042526245117,20.459096908569336,25.8848876953125,6.018681526184082,4.224564552307129,7.533167362213135,3.4306161403656006,5.103794574737549,4.6220221519470215,4.378329753875732,4.791196823120117,4.191268444061279,4.381429672241211,626.5852455702974,50.83810756538874,0.0625949435763889,0.01406951514775799,brass,acoustic
-394.13055419921875,-11.5049409866333,-34.9697265625,-0.164461150765419,14.000279426574707,27.16048240661621,-20.26368522644043,-29.639005661010742,14.788418769836426,33.868743896484375,-4.0939507484436035,-43.921504974365234,16.904727935791016,34.81745910644531,3.440901041030884,11.157317161560059,4.977889537811279,5.210659980773926,5.985973834991455,2.977332353591919,5.762864589691162,3.218777894973755,4.517638683319092,2.3340511322021484,6.293533802032471,4.102503776550293,1749.8655258119873,61.65734734163634,0.1803302375637755,0.020989209517219547,flute,synthetic
-407.696044921875,104.24618530273438,16.744014739990234,25.596847534179688,23.033029556274414,11.957934379577637,13.04848575592041,13.854379653930664,7.446251392364502,4.86260461807251,0.13307765126228333,-1.5853428840637207,-1.1502482891082764,137.83477783203125,59.955265045166016,37.239479064941406,10.018967628479004,8.958250045776367,14.5396728515625,8.535819053649902,4.7631072998046875,8.46159839630127,7.05563497543335,9.746603012084961,8.84837818145752,7.120056629180908,516.3938949735116,152.64840687709628,0.01678363347457627,0.006905865326603946,string,acoustic
-407.5011291503906,15.895512580871582,-22.955541610717773,-20.773910522460938,-12.543744087219238,11.01704216003418,34.40462112426758,31.11952018737793,-4.5648579597473145,-34.35591125488281,-20.82976531982422,21.428489685058594,33.55060577392578,35.20500564575195,12.135351181030273,7.985836029052734,7.525998115539551,4.072508811950684,4.400933742523193,4.847626209259033,8.27088451385498,4.061479091644287,6.8046112060546875,3.9879791736602783,8.592202186584473,5.947319984436035,1043.3259756528994,84.33059564175443,0.1220974392361111,0.0082350533949675,bass,synthetic
-344.7250061035156,86.98216247558594,-82.89311981201172,-7.856673717498779,2.230276107788086,2.721116065979004,-6.2517991065979,-11.099555015563965,-6.111550331115723,-6.84614372253418,-13.629852294921875,-8.770827293395996,-6.069356918334961,38.95258331298828,13.64931869506836,18.81890106201172,10.8902587890625,6.7201924324035645,5.925050735473633,4.677065849304199,5.001140117645264,4.445014476776123,3.815164089202881,4.9517130851745605,4.180259704589844,6.242217063903809,1080.2208667022142,120.89796347493233,0.11098865327380952,0.036727562481494946,brass,acoustic
-350.2309265136719,153.0833740234375,-3.929577112197876,5.979501724243164,28.259965896606445,-2.7881581783294678,-10.703283309936523,1.9224531650543213,7.321005344390869,8.533308982849121,3.505373954772949,-0.761202871799469,2.5569310188293457,40.53229522705078,19.490856170654297,19.92026138305664,5.352274417877197,6.656512260437012,7.144636154174805,6.83407735824585,3.290242910385132,3.4676151275634766,3.8511316776275635,3.7935900688171387,4.324185371398926,4.5706634521484375,548.3788603605605,51.12358320295606,0.05801669034090909,0.012173815216690424,flute,acoustic
-398.2276916503906,-12.806912422180176,-30.54804039001465,-3.1287057399749756,8.887923240661621,27.322113037109375,-5.636545181274414,-33.73077392578125,1.7456640005111694,29.24203872680664,19.529762268066406,-40.61232376098633,-5.013556480407715,43.66162109375,5.262081623077393,12.966887474060059,6.751925945281982,4.148369312286377,6.141759395599365,2.1044487953186035,7.10084867477417,3.0224533081054688,4.226016521453857,3.544861078262329,6.6569437980651855,3.1109681129455566,1755.8123573070711,65.84271838587907,0.17013113839285715,0.0201377888634926,flute,synthetic
-183.66888427734375,-2.9679527282714844,-58.8905143737793,-15.527668952941895,-44.360843658447266,-18.18451499938965,-34.96360778808594,-16.55693244934082,-26.49872398376465,-13.974534034729004,-17.12737274169922,-5.6405463218688965,-11.761470794677734,63.2095947265625,31.575815200805664,10.764660835266113,4.943714618682861,8.342044830322266,5.559478282928467,5.693241596221924,3.9236652851104736,5.748403549194336,4.317151069641113,5.004495620727539,3.422802686691284,6.305374622344971,1791.6187847277138,243.85285786224702,0.10228283570544554,0.026829886102943245,brass,acoustic
-77.81901550292969,-25.976530075073242,1.0234545469284058,8.834184646606445,-19.88982391357422,-3.2410078048706055,-14.669175148010254,-0.6386608481407166,-10.204082489013672,-3.7653887271881104,-13.384076118469238,-6.2737627029418945,-16.038597106933594,48.69953155517578,18.577354431152344,2.5435428619384766,2.7269253730773926,2.869880199432373,2.6282880306243896,2.960651397705078,2.529106616973877,2.395843744277954,2.4705824851989746,3.13128399848938,3.197636365890503,3.5723581314086914,2121.0117506624642,51.48860404457215,0.07789847777061856,0.010636197200830439,bass,synthetic
-255.42559814453125,35.42521667480469,-50.22815704345703,20.180118560791016,-9.08033561706543,-9.346396446228027,-13.682405471801758,7.304983615875244,2.79972243309021,11.881258010864258,-10.385011672973633,-4.453444957733154,-17.706815719604492,52.25564956665039,18.107982635498047,12.059470176696777,8.493063926696777,6.858914375305176,4.035329341888428,6.911696434020996,4.708052635192871,4.961934566497803,6.22907829284668,6.39801025390625,7.212438106536865,8.765715599060059,1173.3190810038711,106.3672318177393,0.0953392172759434,0.014924684493236192,flute,acoustic
-395.19891357421875,78.01898956298828,21.42914390563965,12.095000267028809,0.6738638877868652,-0.8106081485748291,-1.3620179891586304,-6.597195148468018,-11.082599639892578,-15.322602272033691,-17.399789810180664,-17.014636993408203,-20.4338321685791,85.81780242919922,20.57691192626953,27.485157012939453,9.356378555297852,9.248085021972656,3.9724130630493164,4.361115455627441,4.125712871551514,3.8668296337127686,3.9789557456970215,2.539224863052368,5.667807102203369,2.4838576316833496,472.2519761534908,188.0606506001103,0.02429978390957447,0.0024136402432624157,string,acoustic
-335.10418701171875,79.40541076660156,2.4022915363311768,19.641563415527344,-5.900030136108398,-8.388520240783691,-11.080944061279297,-14.427026748657227,-16.17466926574707,-12.86683464050293,-8.070094108581543,-2.065937042236328,-6.174785614013672,18.88629150390625,19.875707626342773,9.05476188659668,4.668221473693848,3.0957672595977783,2.6047794818878174,3.955937623977661,5.147313117980957,6.123355388641357,7.180004596710205,3.265504837036133,3.736405849456787,3.692932367324829,529.8554298812205,18.55112829089541,0.04554966517857143,0.003661943289175972,flute,acoustic
-310.2497253417969,282.8365173339844,90.12850189208984,-33.43382263183594,-42.29914093017578,-10.746101379394531,1.35671067237854,0.9739813804626465,5.6077561378479,9.194862365722656,6.152005672454834,3.5507681369781494,4.382685661315918,35.313011169433594,34.21189880371094,11.58316421508789,18.474159240722656,14.731486320495605,5.7862725257873535,5.432645797729492,9.227058410644531,10.977453231811523,9.020563125610352,5.296674728393555,4.0137763023376465,4.266696453094482,468.90875406319134,76.26252744928264,0.0522863643685567,0.011269395960300676,bass,synthetic
-382.20587158203125,139.65768432617188,29.772363662719727,27.789291381835938,24.79592514038086,11.991875648498535,10.828130722045898,11.292543411254883,4.109983444213867,2.2452502250671387,0.8203392624855042,-1.7525606155395508,-1.6401290893554688,112.80836486816406,49.32849884033203,32.42818069458008,13.13106632232666,7.458919525146484,9.243118286132812,5.764077186584473,2.9566810131073,4.862523078918457,3.815762758255005,2.5359268188476562,3.331928014755249,2.847590923309326,405.218903813424,124.02513172937022,0.01665736607142857,0.0055584110870804,string,acoustic
-262.2696838378906,45.87929153442383,4.247588157653809,27.40237808227539,14.040596008300781,24.4211368560791,16.8974666595459,23.005950927734375,14.165929794311523,21.22989273071289,14.219383239746094,16.325681686401367,12.295732498168945,34.46358871459961,7.200100898742676,6.261990547180176,5.469621658325195,5.720667362213135,5.436787128448486,5.849397659301758,5.1058759689331055,4.680196285247803,5.2080397605896,3.917473793029785,5.45889949798584,4.6382670402526855,780.0772184785553,471.1720164455269,0.009521484375,0.010484597199845382,flute,synthetic
-237.9339599609375,53.460487365722656,-57.57053756713867,-0.4155125617980957,-25.27411460876465,-11.196477890014648,-17.251882553100586,-4.430406093597412,-13.864751815795898,-3.8945586681365967,-13.016880989074707,-0.7526618242263794,-10.550801277160645,118.00386810302734,17.09025001525879,3.8588714599609375,10.324173927307129,4.231841564178467,6.915078639984131,7.772109031677246,5.271841049194336,4.646022796630859,5.578958511352539,4.34647274017334,2.7187907695770264,5.350371837615967,2129.3579460001665,238.4176479123387,0.1381103515625,0.029970397251590643,brass,acoustic
-96.45391082763672,3.4986722469329834,-89.27299499511719,-16.283281326293945,-32.619232177734375,-16.420888900756836,-26.17656135559082,-16.600814819335938,-12.256913185119629,12.367414474487305,-9.335403442382812,7.03879976272583,2.1452181339263916,50.154605865478516,12.375588417053223,12.005532264709473,3.388503074645996,4.424646377563477,4.202058792114258,4.080733776092529,4.064611911773682,4.713948726654053,3.0898420810699463,6.480640411376953,4.057112216949463,4.3571577072143555,1879.8541703549563,149.76682188639816,0.07351838699494949,0.004813848533564974,flute,acoustic
-198.7668914794922,168.23629760742188,-7.01902961730957,25.443784713745117,17.6829891204834,6.900784969329834,-2.9348390102386475,5.254598617553711,-6.408166408538818,-1.1677120923995972,6.965688228607178,7.696877479553223,2.272235870361328,84.3658676147461,32.25962829589844,21.189668655395508,9.481062889099121,8.277159690856934,9.145907402038574,9.448846817016602,4.503628730773926,6.670541286468506,4.099524021148682,5.4698872566223145,4.606666088104248,5.491235256195068,529.212094760347,125.37801664010944,0.02294481981981982,0.008639819156641691,string,acoustic
-330.5630798339844,73.94886016845703,-120.40853118896484,8.208407402038574,-18.194225311279297,-28.799562454223633,3.42036509513855,-22.022918701171875,-19.221193313598633,-2.3921165466308594,-15.044337272644043,-7.816374778747559,-7.971208095550537,38.910160064697266,12.255760192871094,16.73543930053711,6.29041051864624,8.494699478149414,5.719393730163574,4.62424373626709,4.661147117614746,4.374228477478027,2.776143789291382,3.3312158584594727,3.124250650405884,3.6325364112854004,1210.5385269787726,72.51596824995791,0.10587318497474747,0.022285163296340997,brass,acoustic
-304.26263427734375,26.731443405151367,-10.064295768737793,-7.29831075668335,-42.969058990478516,-38.45291519165039,-24.571725845336914,28.46122169494629,23.73355484008789,9.564857482910156,10.426170349121094,23.809715270996094,-37.27939224243164,38.7760124206543,5.877488136291504,2.969358444213867,3.00234055519104,5.923122406005859,5.625217437744141,3.6252336502075195,3.837585210800171,3.248018741607666,3.7611241340637207,3.1319262981414795,3.6836347579956055,4.432847499847412,1759.762471538586,224.62435840008885,0.09058115433673469,0.00958362494511676,flute,synthetic
-201.3389129638672,185.4112548828125,-92.98065185546875,1.488444209098816,-3.1290535926818848,-4.261569976806641,-12.803686141967773,-17.897550582885742,-8.550580978393555,-7.787309646606445,-4.546921730041504,-0.6952231526374817,0.9664077758789062,70.71548461914062,19.21475601196289,22.122047424316406,11.71132755279541,12.46653938293457,7.896089553833008,7.840615272521973,6.760648727416992,5.940377712249756,5.693861484527588,3.989025115966797,4.777674674987793,5.3959455490112305,973.7470120339499,99.80784771364412,0.0936741504854369,0.016981449286697613,brass,acoustic
-204.46920776367188,185.03323364257812,-2.495047092437744,19.731245040893555,6.900492191314697,-1.407956600189209,-7.875668525695801,0.6259920597076416,-7.783576011657715,-4.289234638214111,-5.08720064163208,2.0933191776275635,-2.082468271255493,78.59960174560547,27.179885864257812,16.26023292541504,7.671016216278076,6.8295512199401855,8.184122085571289,7.045214653015137,4.130032539367676,5.73419189453125,5.547393798828125,6.806155204772949,5.697646617889404,5.558810710906982,513.2474698415158,90.9151921808908,0.022325303819444444,0.009910544304541866,string,acoustic
-464.5005187988281,153.44271850585938,127.3160400390625,91.3060531616211,52.7765007019043,18.218589782714844,-7.380486965179443,-21.503782272338867,-24.716794967651367,-19.968473434448242,-11.195886611938477,-2.120187282562256,4.626248836517334,18.40268898010254,21.645841598510742,13.688797950744629,7.52064847946167,3.0143980979919434,4.2404937744140625,5.287098407745361,4.386695861816406,2.8342549800872803,2.2230467796325684,2.713829755783081,2.891458034515381,2.560328960418701,222.69410890396966,6.144388091263069,0.025370695153061226,0.0039167727166116465,bass,synthetic
-351.09478759765625,-19.299591064453125,-59.211891174316406,-19.026578903198242,-0.44970670342445374,16.194122314453125,-1.3459393978118896,-19.52560806274414,-13.345394134521484,11.596115112304688,5.947646141052246,-18.647552490234375,8.271909713745117,29.653650283813477,10.351122856140137,7.805798530578613,4.501895427703857,5.637249946594238,3.9486098289489746,3.010821580886841,3.608963966369629,4.301696300506592,4.459786891937256,4.101253509521484,3.772305488586426,4.100432395935059,1870.6868273295706,100.44003104060674,0.17186077821601942,0.01335194356019736,flute,acoustic
-294.29815673828125,96.30206298828125,-8.710674285888672,12.205662727355957,-14.831573486328125,-25.220985412597656,-20.685483932495117,-5.700165271759033,-19.882280349731445,-28.077133178710938,-25.4422550201416,-14.622239112854004,-18.010282516479492,50.36432647705078,19.076383590698242,9.744064331054688,10.8965482711792,8.317963600158691,6.953916549682617,7.161795139312744,5.237663269042969,4.509256839752197,5.6624908447265625,4.605792045593262,4.823779106140137,4.656161308288574,709.4739001534501,137.94219902512646,0.0428564453125,0.005783548671366898,flute,acoustic
-361.5848083496094,75.84101104736328,-24.59181022644043,-13.567547798156738,-27.92925262451172,-20.828418731689453,-21.83039665222168,-19.894731521606445,-18.293195724487305,-8.400066375732422,6.191027641296387,31.081884384155273,39.06452178955078,78.09354400634766,18.435203552246094,15.833741188049316,8.316747665405273,14.380406379699707,5.924429893493652,6.640263557434082,4.818130970001221,4.655921459197998,3.1610891819000244,3.329646348953247,3.670253276824951,3.505434036254883,1090.9717695634079,126.794347854992,0.06973544034090909,0.01479978950321826,brass,acoustic
-321.2528991699219,-83.34657287597656,-1.14765465259552,8.296926498413086,7.056422710418701,40.31767272949219,44.05236053466797,16.297693252563477,-34.76423263549805,-9.389616966247559,35.34804153442383,34.8387336730957,-24.181642532348633,33.153045654296875,13.119075775146484,6.777061939239502,4.388772487640381,4.918180465698242,8.236834526062012,7.612373352050781,5.163917541503906,6.9440155029296875,3.6826393604278564,5.42018985748291,6.7978386878967285,5.53632116317749,4110.026956376007,201.82978307620667,0.44418646364795916,0.03948136003831077,flute,acoustic
-197.7952117919922,-14.97703742980957,-51.77266311645508,-19.12242889404297,-42.48113250732422,-25.381526947021484,-16.708419799804688,7.227718353271484,6.510838508605957,7.420942306518555,-27.513242721557617,-30.920597076416016,-10.114544868469238,50.90046691894531,6.1616997718811035,7.491298675537109,5.7950520515441895,5.4568281173706055,4.561438083648682,5.094864368438721,3.8830087184906006,6.035213470458984,4.553555011749268,4.505050182342529,3.9998092651367188,3.3853938579559326,2732.393699624894,118.81410657987225,0.27542892156862747,0.03923354373389459,string,acoustic
-358.4892272949219,134.2328338623047,57.85075759887695,-5.22932767868042,-33.024471282958984,-32.21835708618164,-10.131081581115723,20.27081871032715,31.813676834106445,12.526402473449707,-12.238422393798828,-13.677929878234863,1.4882868528366089,18.037174224853516,17.160024642944336,6.610201358795166,14.74423885345459,15.341813087463379,9.246692657470703,7.381200313568115,11.628418922424316,11.776646614074707,8.218483924865723,4.892305850982666,4.652439594268799,5.177523136138916,730.7964401746376,61.77365088087439,0.10175577799479167,0.009618923531205541,bass,synthetic
-160.61683654785156,34.43980026245117,-18.335693359375,14.799675941467285,-6.0804572105407715,10.329377174377441,-3.087862014770508,1.113861322402954,-9.522043228149414,6.400913715362549,-1.4242521524429321,-0.6578073501586914,-6.1394429206848145,126.60212707519531,61.487159729003906,33.14059066772461,16.1804141998291,10.317980766296387,6.166114807128906,5.848820209503174,4.625281810760498,4.431161880493164,5.830480575561523,3.70412540435791,5.335097312927246,4.4217963218688965,1875.7483350439245,727.895644679899,0.08167169744318181,0.009274931764603405,bass,synthetic
-321.0411071777344,31.02241325378418,-70.38475036621094,-14.346440315246582,-28.16429901123047,-11.090107917785645,-22.891813278198242,-15.938882827758789,-23.06740951538086,-14.491996765136719,-5.863833427429199,21.324296951293945,38.9024543762207,31.714183807373047,18.26331329345703,14.340727806091309,6.87241268157959,5.743393421173096,5.121531009674072,4.631133079528809,5.871888160705566,4.479853630065918,4.477205276489258,3.008563280105591,4.620598316192627,4.722097396850586,1256.9908777631827,126.90712833659924,0.10124488015776699,0.023413855096272074,brass,acoustic
-314.416015625,92.25114440917969,-88.5158920288086,-10.741832733154297,2.5861668586730957,2.02850079536438,-8.051187515258789,-15.457921028137207,-14.834318161010742,-14.654491424560547,-10.644585609436035,-9.970695495605469,-3.211974620819092,40.0126953125,7.784572124481201,23.79460334777832,7.2421674728393555,9.435887336730957,4.921996116638184,4.149280071258545,4.294404983520508,4.215920925140381,5.207272052764893,4.362098217010498,4.347533226013184,5.029026508331299,1034.8009866773525,120.27448109640842,0.1094993735259434,0.02903002714461126,brass,acoustic
-93.5743637084961,10.881031036376953,-88.85600280761719,-18.87571144104004,-32.43748092651367,-17.975860595703125,-26.035186767578125,-19.062042236328125,-18.692087173461914,9.601293563842773,-5.257812023162842,1.4390816688537598,8.069157600402832,48.63616180419922,11.642707824707031,12.31544017791748,3.2901811599731445,3.8132519721984863,3.5518195629119873,3.797839879989624,3.891251802444458,4.975776195526123,3.0013391971588135,5.738709449768066,3.9556024074554443,3.96419095993042,1817.7767907471368,141.4507050592342,0.06922743055555555,0.0045865556489883,flute,acoustic
-309.4340515136719,68.50785827636719,-19.13075828552246,3.3884871006011963,-9.30757999420166,1.8294392824172974,-7.919931888580322,-4.90392541885376,-16.8831844329834,-17.64970588684082,-13.613848686218262,16.17094612121582,30.88333511352539,104.7574691772461,44.88003921508789,36.438777923583984,23.96626853942871,8.523191452026367,10.334161758422852,5.794591903686523,6.473403453826904,3.680346727371216,3.6398212909698486,4.865341663360596,5.6241044998168945,4.568790912628174,1802.712092460128,693.3225015625119,0.16453394396551724,0.08204532824534584,bass,synthetic
-105.76808166503906,119.15433502197266,-50.54022216796875,15.714942932128906,-9.580487251281738,-12.132431983947754,-4.183523178100586,0.7428576946258545,-13.460003852844238,-12.59514045715332,-19.082319259643555,-5.9208269119262695,-13.476651191711426,63.472862243652344,8.694339752197266,8.38360595703125,4.186962127685547,4.437618732452393,4.239121437072754,4.100049018859863,4.077969551086426,4.384824275970459,3.584665536880493,3.660627841949463,3.4550228118896484,3.3535852432250977,1290.9120529575046,84.1676366813409,0.10044642857142858,0.0187032345611128,string,acoustic
-325.4324035644531,57.72983169555664,-50.56498336791992,-13.756213188171387,-27.162988662719727,-19.417184829711914,-15.481155395507812,8.317996978759766,27.21846580505371,49.70956039428711,30.771127700805664,-9.16385555267334,-36.344295501708984,106.13390350341797,9.324472427368164,18.59537124633789,9.874688148498535,10.016454696655273,6.155432224273682,7.783834934234619,5.5611395835876465,6.177751541137695,4.4836835861206055,5.744400501251221,6.069299697875977,6.876795291900635,1498.2627846396826,114.5329168504332,0.10186767578125,0.020319879854067975,brass,acoustic
-251.80709838867188,-20.30978775024414,-80.7991943359375,1.3613433837890625,-40.38956832885742,-3.090399742126465,-20.039154052734375,-2.534752607345581,-16.008575439453125,-7.384159564971924,-9.405649185180664,20.79329490661621,36.580116271972656,47.116607666015625,21.688444137573242,9.62060260772705,5.271239280700684,3.706491231918335,2.3846890926361084,3.8301775455474854,2.5861265659332275,2.910555601119995,2.862104892730713,3.261164665222168,3.8000078201293945,4.3105268478393555,2077.0811241814517,140.3006400651735,0.12786200495049505,0.015063483371963183,brass,acoustic
-300.57763671875,174.8240966796875,-35.693939208984375,10.934126853942871,22.37566375732422,2.3154983520507812,-12.160085678100586,-8.83836841583252,-12.728121757507324,-11.923572540283203,-3.0050883293151855,-15.922918319702148,-1.5425413846969604,48.18641662597656,20.082149505615234,17.6623592376709,9.172040939331055,6.004587173461914,7.395279407501221,4.584242343902588,5.651221752166748,6.074625492095947,6.104011058807373,4.612658500671387,5.847077369689941,5.296991348266602,515.2288144823451,97.14978726446631,0.027182525058962265,0.010923598201943469,string,acoustic
-316.8926086425781,186.82611083984375,44.23150634765625,3.044768810272217,22.051557540893555,29.842323303222656,12.705724716186523,6.477291107177734,3.242547035217285,0.08755408227443695,6.110522747039795,10.39950180053711,4.228743076324463,53.24030685424805,39.685020446777344,7.724776268005371,12.111653327941895,7.339785575866699,4.499372959136963,7.220476150512695,7.149844646453857,6.704273223876953,7.384684085845947,5.190533638000488,4.605754375457764,3.6742382049560547,289.028337080229,85.04310717423677,0.013792825401376147,0.002458953536157139,string,acoustic
-265.4436340332031,22.53327178955078,-39.78207778930664,6.987862586975098,-8.945845603942871,0.9756117463111877,-23.655981063842773,17.608484268188477,-0.3824332356452942,-25.83838653564453,10.013236045837402,26.34884262084961,-22.360218048095703,107.01313018798828,6.948953151702881,16.43930435180664,5.588610649108887,9.616961479187012,3.988586902618408,9.69609546661377,5.2678961753845215,7.591001510620117,7.5671000480651855,7.019977569580078,4.965348243713379,9.044317245483398,2771.9293111524744,625.6756473841091,0.27960836476293105,0.07802421110274359,string,acoustic
-437.0445556640625,104.02336883544922,35.7576789855957,25.396066665649414,27.63834571838379,23.03435516357422,12.451170921325684,8.517349243164062,8.649706840515137,8.709790229797363,6.462844371795654,2.884948968887329,2.8166520595550537,104.81217193603516,64.50860595703125,17.43630027770996,11.698473930358887,4.393521785736084,4.310259819030762,9.893010139465332,8.949699401855469,6.135150909423828,4.760979652404785,4.996531963348389,6.831185340881348,5.874566078186035,307.4070922407695,90.0192878390981,0.011707394622093024,0.004391992428288622,string,acoustic
-181.7537841796875,-23.626615524291992,-50.34235382080078,30.544912338256836,-36.37137222290039,-8.826419830322266,-22.349252700805664,-4.933879852294922,-14.14969253540039,-18.989992141723633,-11.139549255371094,-8.216774940490723,-8.618557929992676,57.03960418701172,15.147551536560059,7.521018981933594,7.943046569824219,6.136600971221924,3.792696952819824,4.383301734924316,4.556870937347412,4.701391696929932,3.502764940261841,5.1540985107421875,4.217134475708008,4.25645112991333,2423.240211965293,179.68350446507878,0.24142156862745098,0.051853398359202746,string,acoustic
-301.1202697753906,162.62074279785156,-76.694091796875,-10.570311546325684,22.503149032592773,7.126392841339111,3.995514154434204,-2.588372230529785,-4.144100189208984,-0.5129019618034363,-6.768653392791748,2.382817268371582,5.511928558349609,56.68111038208008,15.994582176208496,33.16328811645508,7.581211566925049,7.555313587188721,9.05036735534668,4.848442554473877,5.612768650054932,4.55194091796875,4.2710065841674805,5.918033123016357,4.22387170791626,4.296821594238281,881.9192226145211,99.64844045060562,0.09003189506880734,0.01928680127017553,brass,acoustic
-222.60958862304688,151.9121856689453,6.4944329261779785,18.21802520751953,15.546097755432129,14.605213165283203,-2.254214286804199,-3.340334892272949,-3.140411376953125,0.3199232518672943,9.88058853149414,8.671229362487793,7.497335910797119,48.541229248046875,23.034372329711914,10.026999473571777,7.196569442749023,7.831604957580566,5.948975563049316,7.589475631713867,5.182230472564697,5.525435447692871,4.583117961883545,5.355933666229248,6.324455261230469,5.5428900718688965,434.6083588087009,77.77593655799633,0.012423533313679245,0.002111477754723178,string,acoustic
-271.1918029785156,70.6207504272461,-83.70453643798828,-13.958232879638672,-50.27837371826172,-14.303768157958984,-19.30329132080078,-10.75830078125,-13.50440502166748,-7.2303547859191895,-8.931903839111328,-5.281637668609619,-5.124049663543701,52.85067367553711,15.089006423950195,15.11991024017334,6.440966606140137,13.613999366760254,3.444312334060669,5.829102993011475,5.165383338928223,5.644583702087402,5.610267162322998,3.796393394470215,5.509848594665527,4.5144548416137695,1205.1156364590524,102.20569155333776,0.10156706337616822,0.01610830160581138,brass,acoustic
-344.92974853515625,-20.4317684173584,-1.481798529624939,1.8462169170379639,-10.9420166015625,-6.972720146179199,-18.45469856262207,-13.218339920043945,-17.25129508972168,-5.361636161804199,-8.40721321105957,7.86811637878418,14.177042961120605,98.924072265625,24.08889389038086,8.380841255187988,4.717837810516357,4.077945709228516,2.9949758052825928,2.2505428791046143,2.335171699523926,3.3630497455596924,3.644174098968506,4.864927291870117,5.482871055603027,5.795901775360107,2189.1370032878726,163.17826897380007,0.057899567018072286,0.005144150264045534,bass,synthetic
-110.37420654296875,84.53404998779297,-48.73810958862305,-1.780045509338379,-31.641897201538086,-13.622408866882324,-16.889575958251953,-9.421765327453613,-15.778341293334961,-4.567220211029053,-15.691885948181152,-0.4718566834926605,-13.657608032226562,91.6927261352539,28.43964385986328,5.573460578918457,6.330120086669922,8.59588623046875,5.147881984710693,5.7310895919799805,3.3303110599517822,5.290370464324951,4.220973968505859,4.920696258544922,5.387912273406982,4.4485297203063965,1830.714200054541,322.2067582658555,0.11698330965909091,0.0232975690266892,brass,acoustic
-291.0231018066406,205.0800018310547,3.4114291667938232,8.297616958618164,12.65074634552002,-5.314355850219727,-11.390803337097168,-11.058542251586914,-10.538631439208984,-12.272363662719727,-11.79495620727539,-11.63681697845459,-10.937467575073242,94.68229675292969,33.98603057861328,33.21627426147461,10.18330192565918,6.721161365509033,8.00375747680664,4.639944076538086,6.145216464996338,7.098220348358154,3.8596208095550537,3.575047016143799,5.430837631225586,4.856344699859619,508.04593852201094,78.6485181174064,0.036733774038461536,0.007000702178639904,brass,acoustic
-457.9182434082031,106.2765884399414,81.41475677490234,64.55052185058594,47.45893859863281,35.66067886352539,26.389869689941406,18.470779418945312,11.830351829528809,7.253871917724609,3.762117862701416,0.3818715214729309,-2.0337722301483154,64.29932403564453,48.73920440673828,30.116641998291016,13.731626510620117,14.181411743164062,12.679814338684082,10.628122329711914,8.941603660583496,7.671867370605469,6.136377334594727,5.437601089477539,4.151010513305664,3.668322801589966,146.02190829544898,114.37119171073097,0.009332150829081632,0.0027086680196563794,bass,electronic
-399.19781494140625,-9.094244956970215,-80.1422348022461,-18.925535202026367,-11.068578720092773,11.359224319458008,23.454761505126953,34.457515716552734,11.497281074523926,-22.060958862304688,-30.710098266601562,6.883853435516357,28.271167755126953,68.45027160644531,21.677776336669922,10.445958137512207,6.2866668701171875,8.622637748718262,5.4444708824157715,5.18869161605835,4.161550998687744,4.5069990158081055,3.9318251609802246,6.569413185119629,3.338292360305786,4.014342784881592,1787.3318862143888,444.9643056355425,0.1426398617097701,0.04616294048642401,brass,acoustic
-204.38722229003906,-1.652394413948059,-42.85254669189453,21.218034744262695,-35.90757751464844,-9.038775444030762,-20.7752628326416,-11.354145050048828,-21.104270935058594,-12.990737915039062,-6.905851364135742,3.6960980892181396,-2.200690507888794,80.5865478515625,17.900348663330078,10.72166633605957,6.09651517868042,9.043160438537598,5.227874279022217,4.760044097900391,4.411632061004639,4.718970775604248,4.681524276733398,3.8221585750579834,6.613816738128662,4.0199761390686035,2120.823240914936,264.95379785413246,0.15046229931192662,0.04487938718048451,string,acoustic
-228.78892517089844,42.276390075683594,-161.7028045654297,57.35560989379883,-37.6911735534668,-10.263443946838379,-0.21292956173419952,-8.755637168884277,-21.194183349609375,11.904072761535645,-16.876684188842773,-2.9544296264648438,-1.0995914936065674,61.08155059814453,20.42702293395996,10.475589752197266,12.872087478637695,17.45060920715332,5.250934600830078,7.105723857879639,3.9963929653167725,3.6651055812835693,4.50283670425415,4.884649753570557,3.914020299911499,3.1300885677337646,2039.8593860536428,115.81671118162964,0.2600073953276699,0.03528767920541121,brass,acoustic
-297.2734680175781,37.43711471557617,-124.63899230957031,-5.31099271774292,-24.901187896728516,-10.127402305603027,-13.824228286743164,-2.9466540813446045,-14.593669891357422,-11.77515697479248,-10.497818946838379,7.903414726257324,30.566591262817383,44.23997116088867,18.928974151611328,19.040800094604492,6.550277233123779,10.783645629882812,5.259548664093018,4.127974987030029,5.751992225646973,4.805276870727539,4.265517711639404,4.6096086502075195,4.444645404815674,5.465109825134277,1585.7213084948721,110.70097597997363,0.14587871844951922,0.038861358122398035,brass,acoustic
-406.7994384765625,-8.810725212097168,-33.83699417114258,-1.7449787855148315,8.060795783996582,29.168081283569336,-7.253707408905029,-32.62339782714844,-0.2181207239627838,31.658113479614258,17.640674591064453,-39.403568267822266,-6.117547988891602,38.90757369995117,4.792265892028809,12.63427734375,6.737382888793945,4.033483505249023,6.1516289710998535,2.1993913650512695,6.4629082679748535,2.932603120803833,4.311490058898926,3.228196620941162,6.090713977813721,2.970104694366455,1640.2091563613703,57.988031519088146,0.17028559470663265,0.019587633760061184,flute,synthetic
-293.2124328613281,3.8572897911071777,-82.82096099853516,-3.9060990810394287,-23.228424072265625,-7.260056972503662,-16.210281372070312,-6.782684326171875,-16.910743713378906,-12.359023094177246,-19.439146041870117,0.623832106590271,12.613778114318848,122.16773986816406,18.45925521850586,10.845316886901855,9.070839881896973,11.267040252685547,5.244626522064209,8.1624174118042,5.24577522277832,6.138576507568359,5.401560306549072,5.832391262054443,5.352246284484863,4.848674297332764,2098.5528073302585,152.6720170031221,0.18037553267045456,0.039603536089877364,brass,acoustic
-442.0648193359375,-18.952430725097656,-21.392797470092773,-0.6431965827941895,25.286405563354492,6.931095123291016,-32.63882064819336,0.02232440561056137,24.339824676513672,9.085284233093262,-32.516910552978516,-3.091782808303833,28.877426147460938,37.97904968261719,22.093664169311523,9.41043758392334,11.031732559204102,3.086348056793213,6.5865654945373535,1.7906619310379028,5.840700149536133,3.7240445613861084,2.406359910964966,4.621199607849121,3.7901017665863037,2.0475451946258545,1813.4795983290987,182.2636305875535,0.204775390625,0.014431462730667007,bass,synthetic
-370.5199890136719,152.52952575683594,51.51042938232422,9.202438354492188,-0.553485095500946,-0.45541778206825256,-17.60974884033203,-19.08208656311035,-7.47764253616333,-16.256345748901367,-18.429962158203125,-10.127410888671875,-6.875021934509277,35.078125,19.43442153930664,6.086256980895996,8.246050834655762,7.026848316192627,4.358853816986084,4.074974060058594,3.103944778442383,6.440223693847656,3.9525301456451416,4.17073917388916,2.7585017681121826,3.2418131828308105,354.078129849713,56.43517396635315,0.020812383972772276,0.002106463676616099,brass,acoustic
-450.8695373535156,10.846871376037598,-51.866546630859375,-16.841920852661133,10.215494155883789,20.382015228271484,-0.39304113388061523,-33.204917907714844,-21.492549896240234,46.05568313598633,-0.2369663268327713,-22.439699172973633,-0.4101797640323639,92.17607116699219,37.74467468261719,35.00685501098633,18.908742904663086,18.989667892456055,13.514758110046387,7.470480918884277,20.094898223876953,13.279600143432617,17.730871200561523,8.882233619689941,9.943735122680664,7.520256996154785,1965.270876232499,324.701766614351,0.21612234213917525,0.07498042855079913,bass,synthetic
-341.6737060546875,-39.34541702270508,-31.573959350585938,-1.6702899932861328,-2.5353758335113525,56.47816848754883,52.94676971435547,17.960189819335938,-35.10416793823242,-23.689559936523438,41.78279495239258,55.76115036010742,-18.147382736206055,29.296703338623047,16.238536834716797,7.232431411743164,5.025929927825928,3.094482183456421,9.03103256225586,6.93843936920166,3.539369583129883,5.415071964263916,3.5937490463256836,5.605850696563721,6.237330913543701,6.552994728088379,1986.5613330312801,234.21734924336857,0.14498267983490565,0.01841520650795858,flute,acoustic
-479.8754577636719,84.5545883178711,27.85762596130371,9.371907234191895,-5.638974189758301,-15.308018684387207,-18.81395721435547,-17.12217140197754,-12.070505142211914,-3.364668369293213,-8.136067390441895,-14.555158615112305,-11.26999568939209,85.23323059082031,25.140703201293945,16.90766143798828,13.789048194885254,6.9300642013549805,8.355207443237305,5.834502220153809,6.3390278816223145,5.972311496734619,5.289949417114258,5.297469139099121,10.377374649047852,2.5906312465667725,745.4804569097488,132.71413118474314,0.04919039818548387,0.01890276721293215,string,acoustic
-394.3415222167969,188.6525115966797,129.8279571533203,68.01866149902344,25.35303497314453,3.7349603176116943,-5.673372268676758,-8.952546119689941,-6.973182201385498,-1.3058701753616333,3.006220579147339,1.691638708114624,-3.913341999053955,33.120330810546875,36.713951110839844,18.558176040649414,12.369730949401855,9.639586448669434,9.82695198059082,9.028043746948242,5.958607196807861,5.999898433685303,4.725824356079102,4.082682132720947,3.5330028533935547,2.7665417194366455,222.3802622395586,63.52082899828249,0.014558015046296295,0.00504213634127766,brass,acoustic
-318.09710693359375,-31.752105712890625,-0.17587551474571228,-32.401084899902344,-36.19758224487305,14.901557922363281,32.98357009887695,18.422378540039062,-21.73438262939453,-10.625423431396484,-25.215892791748047,1.1226869821548462,34.91267776489258,31.72395133972168,7.673587799072266,3.6536433696746826,6.273417949676514,5.030869483947754,2.661959648132324,3.999467134475708,3.14499831199646,2.9667837619781494,3.793804407119751,3.1035397052764893,2.559058904647827,3.7351322174072266,2164.4468813963517,246.3713248970877,0.12156708386479592,0.009645923672276402,flute,synthetic
-50.69187927246094,42.23605728149414,-9.127745628356934,23.178478240966797,-0.12546971440315247,2.709883689880371,-12.24489974975586,0.3943232297897339,-6.18805456161499,4.517232418060303,-3.499307632446289,1.51249098777771,-13.889790534973145,52.88376998901367,7.887982368469238,4.023952960968018,3.297569513320923,3.331594705581665,5.331655025482178,5.962410926818848,4.600269317626953,4.47235631942749,4.632437229156494,5.236560821533203,5.868011951446533,3.751677989959717,1731.6040699596606,81.03950680806575,0.047605096726190475,0.010297355112966425,bass,synthetic
-439.6734313964844,88.99908447265625,76.12512969970703,69.9569091796875,58.57243347167969,48.50617980957031,39.189308166503906,31.235544204711914,24.151674270629883,18.55294418334961,13.93779182434082,10.017216682434082,7.065978527069092,53.84189224243164,32.70622634887695,27.001766204833984,14.41520881652832,12.16999626159668,10.158193588256836,9.940789222717285,9.331498146057129,9.415507316589355,8.60926628112793,7.7559285163879395,6.835224628448486,5.820192337036133,130.2345563643257,128.80270591632942,0.010064572704081632,0.0025444920364286797,bass,electronic
-362.2926940917969,135.12669372558594,2.7638256549835205,-33.76356506347656,-22.48488426208496,-15.789203643798828,-13.385162353515625,-12.727485656738281,-9.175909996032715,-5.765471458435059,-7.5269646644592285,-8.820538520812988,-8.653653144836426,65.59199523925781,38.40473937988281,21.932449340820312,12.125693321228027,5.1103596687316895,8.175802230834961,8.165879249572754,8.709185600280762,6.844624996185303,4.702346324920654,4.666554927825928,4.245321273803711,2.8394899368286133,696.5495964206169,76.35161773108767,0.059407552083333336,0.016128657473864872,brass,acoustic
-295.0944519042969,156.8985595703125,-44.54461669921875,-37.86501693725586,-38.38720703125,-28.738080978393555,-20.924896240234375,-25.928333282470703,-18.644180297851562,-12.612691879272461,-16.93044090270996,-14.841872215270996,-7.890007972717285,37.46366500854492,18.216005325317383,17.07089614868164,7.443589210510254,7.096411228179932,6.0734639167785645,4.668191432952881,5.579423904418945,4.4204792976379395,4.453649044036865,3.8566551208496094,3.7693850994110107,4.180572509765625,688.589001489281,58.17723459479166,0.07121171101485149,0.013064925451930432,brass,acoustic
-431.0289611816406,73.14200592041016,54.45801544189453,50.3394660949707,43.99258041381836,39.14540481567383,33.9896354675293,29.692340850830078,25.210224151611328,21.507978439331055,18.00143814086914,15.375038146972656,12.931180000305176,79.01626586914062,43.85798263549805,21.707029342651367,9.729732513427734,10.288580894470215,8.534075736999512,8.604907989501953,6.7730793952941895,6.465027332305908,5.251283645629883,5.056803226470947,3.7204463481903076,3.459404468536377,84.32751900303883,116.62296237659598,0.007613395024271844,0.002361339642385723,bass,synthetic
-296.8927307128906,-58.017826080322266,-84.42523956298828,-1.808189034461975,-25.939565658569336,-8.946640968322754,-20.393877029418945,0.17351573705673218,4.363475799560547,55.3495979309082,38.478492736816406,27.681228637695312,-26.241043090820312,37.7504997253418,18.961421966552734,10.665847778320312,7.9267659187316895,4.549339294433594,4.31681489944458,5.364469051361084,4.699769496917725,2.935030698776245,7.371330738067627,7.797164440155029,4.54978084564209,5.612357139587402,2442.8802418111036,178.12131799516376,0.2521060211489899,0.042108827981663925,brass,acoustic
-481.7830505371094,-12.93260383605957,-27.043100357055664,17.69860076904297,13.261152267456055,-15.704357147216797,-12.454331398010254,25.33565330505371,-1.1479928493499756,-26.034976959228516,18.09486961364746,10.2395601272583,-18.431983947753906,37.167259216308594,8.175352096557617,28.385684967041016,11.620781898498535,9.534942626953125,7.663299560546875,6.871581554412842,9.936124801635742,1.050264835357666,10.174293518066406,7.189395904541016,2.8323252201080322,5.348377704620361,2179.0082393784755,59.154464391301836,0.24369884672619047,0.04012740710700269,bass,synthetic
-279.1289978027344,40.53987503051758,-61.128204345703125,15.593667984008789,5.80314826965332,-2.0997424125671387,-0.6195471286773682,1.8892569541931152,-3.0960500240325928,3.8149306774139404,-9.265570640563965,5.003176689147949,-8.871225357055664,71.80758666992188,18.769132614135742,16.870906829833984,9.743026733398438,9.48277473449707,7.156848907470703,6.630578517913818,6.526803493499756,4.546536922454834,6.385980606079102,4.392073154449463,5.889198303222656,4.344631195068359,1236.8951850024312,150.30610988708236,0.11418936185747663,0.0243523285457048,flute,acoustic
-161.81564331054688,201.94981384277344,3.0946953296661377,21.29351806640625,13.83493709564209,8.691838264465332,1.7452272176742554,-2.678311586380005,-3.927999496459961,-2.0480611324310303,-5.5991339683532715,-1.1806867122650146,2.304353713989258,72.47211456298828,24.0758056640625,26.617691040039062,9.071945190429688,7.857397079467773,8.303376197814941,7.994818210601807,12.328913688659668,10.781907081604004,8.24963092803955,7.818997383117676,10.236162185668945,15.058877944946289,520.048736604415,153.09844668521467,0.02789306640625,0.010789864496579494,bass,synthetic
-409.4970703125,133.2322998046875,32.463218688964844,17.7829532623291,10.034756660461426,-11.04550552368164,-10.206496238708496,-7.79192590713501,-12.312413215637207,-12.479783058166504,-14.70306396484375,-19.251876831054688,-16.06987953186035,105.34103393554688,59.01578140258789,38.02975845336914,11.985751152038574,4.67832612991333,16.373779296875,8.759546279907227,3.901074171066284,8.83938980102539,3.4872076511383057,3.0626442432403564,4.039844512939453,2.1137096881866455,469.98070916306307,199.2527243273388,0.03010110294117647,0.008724906869951919,string,acoustic
-284.0076599121094,22.92728042602539,-35.422706604003906,0.8174543380737305,13.686272621154785,19.90859603881836,-19.091140747070312,-15.188947677612305,7.362636566162109,22.568124771118164,-8.066136360168457,-16.438188552856445,-2.542163610458374,37.67583084106445,4.030628681182861,5.805264472961426,4.192273139953613,4.526423454284668,4.146513938903809,3.0074543952941895,4.8233771324157715,2.142374277114868,4.296277046203613,2.9153010845184326,3.775526523590088,3.2783122062683105,1666.4971985747602,15.973128039008737,0.1821338887117347,0.0188616503392347,flute,synthetic
-463.93060302734375,89.2040786743164,19.341094970703125,8.853944778442383,-9.670853614807129,3.3709070682525635,-1.4297553300857544,-2.135016679763794,-8.32909107208252,-10.461731910705566,-4.044628620147705,-1.4385738372802734,-13.290129661560059,112.66886138916016,25.972536087036133,22.208715438842773,15.915435791015625,10.837179183959961,6.577448844909668,5.672470569610596,9.510622024536133,5.956574440002441,3.9051568508148193,6.584299564361572,9.148736000061035,6.398248195648193,587.9173174786025,414.5910099136506,0.036842582152061855,0.02610628361421261,bass,electronic
-324.58612060546875,259.7859802246094,71.08600616455078,-15.352947235107422,-2.2109436988830566,15.237852096557617,0.502184271812439,-14.476874351501465,-7.506601810455322,-13.546916961669922,-20.413908004760742,-3.018018960952759,3.681901693344116,56.257999420166016,34.58843231201172,9.17163372039795,15.903417587280273,4.501422882080078,3.9442014694213867,4.838424205780029,8.739790916442871,2.1655046939849854,3.6793150901794434,5.333956241607666,3.7044835090637207,3.005439519882202,363.77052865219906,57.2917599718583,0.018775353064903848,0.004452512859990795,brass,acoustic
-195.71629333496094,193.94482421875,-62.535213470458984,-5.622863292694092,-18.161413192749023,-12.091928482055664,-22.07095718383789,-16.187789916992188,-12.350521087646484,-4.414078235626221,-2.6529014110565186,-14.079167366027832,-10.910683631896973,47.9417724609375,14.838672637939453,15.155656814575195,8.776641845703125,6.713047981262207,5.347426414489746,4.020452499389648,5.710122585296631,6.8370795249938965,4.902347564697266,4.25720739364624,3.8875222206115723,4.6865434646606445,764.7632540228707,57.742424082237115,0.063408203125,0.008249502687203735,brass,acoustic
-283.3009338378906,121.95928192138672,-5.441617488861084,12.052238464355469,10.679657936096191,1.5345417261123657,1.2233946323394775,7.546023368835449,-15.401311874389648,-11.78353214263916,3.9525535106658936,-6.444279193878174,-0.4570425748825073,29.932764053344727,14.404109954833984,9.751927375793457,6.2330641746521,3.496403455734253,4.77332878112793,3.8077480792999268,3.0531208515167236,4.239779472351074,3.5839805603027344,2.8986899852752686,3.457602024078369,2.664801836013794,390.889269802114,23.78464566699876,0.017967763573232324,0.0018348465945016645,string,acoustic
-405.298095703125,64.18515014648438,54.398536682128906,45.52083206176758,37.05217742919922,30.356678009033203,24.508790969848633,17.92270278930664,12.472042083740234,8.79061222076416,6.024073123931885,4.039295673370361,2.3312628269195557,29.51411247253418,29.994970321655273,17.804607391357422,12.30420207977295,9.497942924499512,6.001591682434082,5.02801513671875,4.968899726867676,5.637475967407227,4.0690741539001465,2.467776298522949,1.8757882118225098,2.996103048324585,283.38431154404964,200.36909715731372,0.012239583333333333,0.0020751793555350557,string,acoustic
-356.88916015625,204.53941345214844,44.13365936279297,-24.542024612426758,-7.816016674041748,17.518531799316406,19.097610473632812,13.331279754638672,8.404566764831543,6.2810492515563965,0.27283939719200134,-3.1700708866119385,-5.038820743560791,68.52882385253906,41.173675537109375,15.37610149383545,14.42563533782959,6.674827575683594,6.150482177734375,4.4926300048828125,4.359421253204346,3.7066988945007324,3.759514808654785,2.2367238998413086,2.824047088623047,2.065659999847412,423.949250307893,46.72584368443579,0.03642345610119048,0.006230368457843563,bass,synthetic
-401.769775390625,139.08743286132812,54.509178161621094,3.1170356273651123,-11.58958625793457,-13.560943603515625,-12.369794845581055,-11.975190162658691,-14.056598663330078,-13.464030265808105,-9.976840019226074,-9.3106050491333,-10.206281661987305,51.851585388183594,43.963924407958984,9.517131805419922,10.217984199523926,6.499973297119141,3.09806489944458,3.0452237129211426,3.78763484954834,3.652939796447754,3.520681619644165,2.9943902492523193,2.457587480545044,2.321047306060791,456.31273324461097,204.819099693357,0.030482700892857144,0.0052124837311019545,brass,acoustic
-659.00244140625,24.560291290283203,10.851577758789062,3.198026418685913,-3.199256181716919,-8.352255821228027,-15.154003143310547,-22.396150588989258,-30.07908821105957,-28.21946144104004,-15.185174942016602,6.844479084014893,20.251970291137695,99.88934326171875,27.27774429321289,14.150993347167969,9.985235214233398,5.615381240844727,7.440334796905518,5.823311805725098,7.663515090942383,8.598841667175293,11.414193153381348,8.329504013061523,8.561420440673828,14.9049711227417,713.1572363643938,707.0680248682709,0.06312273550724638,0.042685549971934876,bass,synthetic
-465.5345153808594,-21.446809768676758,-6.722080230712891,17.95999526977539,-3.433478832244873,-4.955151081085205,-7.630634307861328,28.018369674682617,-23.81894302368164,-4.09929895401001,29.057769775390625,-25.66626739501953,5.1163129806518555,38.66798782348633,5.021426200866699,7.377683162689209,12.28796100616455,2.890953540802002,3.8030879497528076,2.4969353675842285,4.028738021850586,3.118420124053955,1.9393914937973022,4.195188999176025,3.026376247406006,2.1484181880950928,3429.9562311694012,315.95050665510206,0.3833755181760204,0.07576777792233888,bass,synthetic
-152.7545623779297,164.834228515625,19.30647850036621,45.33641052246094,8.616853713989258,23.323261260986328,7.477956295013428,13.144427299499512,6.007155418395996,9.299996376037598,5.076991081237793,6.727710247039795,3.9728140830993652,125.76570129394531,32.04784393310547,40.46565628051758,11.03648853302002,14.913771629333496,6.53025484085083,8.402436256408691,4.6872782707214355,5.257393836975098,3.4589040279388428,3.7883172035217285,2.2804927825927734,2.811241388320923,588.6816097762044,370.31951952971787,0.005440143623737374,0.0019308154371626405,bass,synthetic
-194.05352783203125,29.976850509643555,-36.257503509521484,16.16457176208496,-34.25009536743164,-14.398238182067871,-16.859834671020508,-4.730727195739746,-14.755162239074707,-5.764587879180908,-7.9598894119262695,0.8325669169425964,-4.707988739013672,58.47279739379883,14.956109046936035,11.474966049194336,3.4599974155426025,6.658715724945068,4.631561756134033,4.447929382324219,4.9120354652404785,4.584599494934082,4.54896879196167,4.452297210693359,4.39255428314209,3.7011845111846924,1728.937278478351,176.21654980434602,0.11705603966346154,0.026658342741580913,string,acoustic
-348.0030517578125,64.85147857666016,-44.23600769042969,16.99066162109375,4.743193626403809,-4.380335807800293,-2.2635257244110107,1.4885187149047852,-4.363467693328857,-1.642858862876892,-11.69265365600586,-12.782217979431152,4.045473098754883,81.34185791015625,19.409690856933594,20.266029357910156,5.838220596313477,8.077956199645996,3.2018356323242188,8.02011775970459,5.212585926055908,5.213785648345947,2.8995821475982666,7.291226863861084,4.674006938934326,7.165076732635498,1228.9922535609294,52.408657054995395,0.1086697048611111,0.01714572818257431,flute,acoustic
-414.380615234375,56.772789001464844,50.501121520996094,43.38164520263672,36.80213165283203,30.539579391479492,24.421266555786133,18.93240737915039,14.463277816772461,10.919646263122559,8.094170570373535,5.8942670822143555,4.247463226318359,23.829896926879883,25.721782684326172,10.602036476135254,5.844102382659912,5.796550750732422,4.507526874542236,4.196381568908691,4.328892707824707,3.9940640926361084,3.6993203163146973,3.64768123626709,3.643083095550537,3.6395211219787598,126.68879188143973,81.33285704898329,0.010322265625,0.0032033780626024915,bass,synthetic
-211.8104248046875,-51.9732780456543,-57.709228515625,-34.22188949584961,-51.21052551269531,-11.496586799621582,-29.288148880004883,-8.716792106628418,-18.028762817382812,-10.309869766235352,-21.219074249267578,-4.541245937347412,-13.728933334350586,47.17498779296875,21.385093688964844,6.840466499328613,4.694784164428711,3.7214291095733643,3.7426137924194336,3.441908359527588,3.1401543617248535,3.252126932144165,3.435864210128784,2.572235584259033,1.8519253730773926,2.773341417312622,2774.092220790699,177.70307480205614,0.1559765625,0.020887290762692835,brass,acoustic
-500.6462707519531,52.134132385253906,42.018680572509766,35.8488655090332,32.880104064941406,30.319507598876953,28.156295776367188,27.129344940185547,26.55712890625,24.686492919921875,20.671316146850586,15.545689582824707,11.672934532165527,42.84267044067383,38.374717712402344,14.618886947631836,15.116975784301758,9.962159156799316,9.1386079788208,10.010826110839844,7.877365589141846,4.617580413818359,4.179543495178223,4.132079124450684,8.11814022064209,9.624207496643066,65.37652343395955,255.88584202699633,0.0015705541237113403,0.00641150742646951,bass,synthetic
-300.4245910644531,7.464675426483154,-64.33486938476562,-0.5699025392532349,-10.97996997833252,-10.812241554260254,-18.934465408325195,-9.756782531738281,-20.065595626831055,-6.947301864624023,-17.454313278198242,-15.119282722473145,-13.72663402557373,43.811424255371094,12.59181022644043,7.417192459106445,4.8138227462768555,5.333077430725098,4.022472381591797,4.80090856552124,3.8702094554901123,4.522681713104248,3.08945631980896,5.187182903289795,4.006469249725342,4.037817478179932,1482.804459598244,124.30520292797965,0.14230317050970873,0.02707113332724244,flute,acoustic
-368.0664978027344,25.857839584350586,-21.06258773803711,12.834810256958008,-18.0705623626709,-15.127812385559082,-16.64771842956543,-9.55654239654541,-17.56351661682129,-6.854410171508789,18.85878562927246,37.80762481689453,21.530370712280273,122.81663513183594,31.644542694091797,28.17633819580078,7.3042893409729,9.165786743164062,6.108479976654053,6.237736701965332,5.489863395690918,13.072586059570312,12.822393417358398,11.100382804870605,13.140753746032715,5.8310651779174805,1647.4532395578206,475.55430569948135,0.13196614583333333,0.06858441999276774,string,acoustic
-418.7662048339844,92.82511901855469,51.25138473510742,37.31508255004883,30.213722229003906,18.20780372619629,12.57618522644043,9.84421157836914,4.730953216552734,1.5057367086410522,1.3385627269744873,1.2662500143051147,0.0003282113466411829,61.80221176147461,46.8370246887207,14.415912628173828,7.391002655029297,5.4348907470703125,5.550656318664551,4.841420650482178,3.9095776081085205,5.254201889038086,5.850217819213867,3.7609753608703613,2.6064040660858154,2.9707000255584717,388.0719169691458,177.7249293773712,0.01813742897727273,0.001808902295328062,string,acoustic
-483.2925720214844,57.639434814453125,33.135623931884766,22.970340728759766,13.620546340942383,7.666686058044434,2.8831465244293213,-1.0032786130905151,-3.10448956489563,-4.611761093139648,-7.280776023864746,-10.590819358825684,-13.043803215026855,70.75267791748047,43.488807678222656,15.618266105651855,6.40606164932251,5.092467784881592,5.470273494720459,5.322049140930176,5.254507064819336,3.848766565322876,4.196880340576172,3.458873987197876,4.0866546630859375,4.728825092315674,253.03471293735194,137.9477611274437,0.021941356169871796,0.00223394879616044,bass,electronic
-327.9001770019531,149.71189880371094,-19.387510299682617,19.092790603637695,-10.62799072265625,-24.928678512573242,-13.781022071838379,-5.310689926147461,-4.199095249176025,-12.040814399719238,-15.300251007080078,11.42992115020752,16.706478118896484,97.64611053466797,20.114160537719727,20.684537887573242,9.800191879272461,9.920924186706543,4.083085536956787,5.304802894592285,5.640195846557617,4.2558088302612305,3.57485032081604,4.536220550537109,4.055548191070557,4.287868976593018,932.6500682787191,101.87665872551624,0.061567826704545456,0.01024640922803375,string,acoustic
-274.8240661621094,46.21155548095703,3.07792329788208,20.310832977294922,2.3331568241119385,1.4151750802993774,-11.228991508483887,-10.385229110717773,-21.246166229248047,-18.22186279296875,-25.34173583984375,-17.603214263916016,-16.760690689086914,27.31846809387207,5.005651950836182,5.611546516418457,3.0636229515075684,2.5992767810821533,2.3859450817108154,2.8218085765838623,2.9130594730377197,3.3154802322387695,4.094415187835693,3.584862470626831,3.248961925506592,3.473820209503174,791.3883587014384,177.78439718309613,0.042717058634020616,0.004422193663839762,flute,synthetic
-312.1514587402344,225.06521606445312,-2.118666410446167,-18.089370727539062,-5.2110981941223145,-17.282297134399414,-16.482601165771484,-12.714500427246094,-7.1047043800354,-7.375597953796387,-8.101789474487305,-5.917716026306152,-1.76077139377594,76.81334686279297,37.669315338134766,21.50579833984375,7.706809043884277,7.257992744445801,5.144669055938721,2.9738988876342773,4.814228534698486,3.2456552982330322,4.075145721435547,3.202720880508423,3.660537004470825,5.6366071701049805,600.2126301251685,85.11173571441881,0.04929315476190476,0.008120996223005042,brass,acoustic
-121.20584869384766,48.05605697631836,12.086901664733887,51.522064208984375,18.105588912963867,23.8261775970459,0.9770945906639099,7.319319725036621,-6.461442470550537,0.6545663475990295,-7.835525989532471,1.3021999597549438,-5.7811102867126465,53.01858901977539,8.580903053283691,4.211054801940918,4.472472190856934,5.012529373168945,4.7507805824279785,3.610898494720459,3.769084930419922,3.5756993293762207,3.274587392807007,3.984013557434082,3.7932777404785156,3.3232269287109375,1922.9740568170348,284.5890424455521,0.07067025061881188,0.024711398231446167,flute,acoustic
-281.6380615234375,6.050562858581543,-61.003055572509766,-7.110536575317383,-17.648210525512695,-15.529417991638184,-21.459218978881836,1.8988494873046875,2.6549010276794434,22.55970573425293,17.656362533569336,14.612515449523926,-20.518299102783203,47.64228820800781,14.260838508605957,12.392271041870117,5.275193214416504,4.3581061363220215,6.390784740447998,4.809687614440918,3.24584698677063,3.9556033611297607,5.179088592529297,5.478512287139893,3.8223752975463867,3.860375165939331,1523.9732667908193,187.48564819154066,0.11353701636904762,0.037641934543093586,flute,acoustic
-303.1230773925781,81.09980773925781,-144.4577178955078,30.997087478637695,0.756858229637146,-26.215858459472656,16.3852481842041,-7.670631408691406,-7.834444522857666,10.653120040893555,2.9478349685668945,-7.480833053588867,4.099670886993408,40.069908142089844,17.77060317993164,26.048967361450195,9.302518844604492,11.281781196594238,8.07296085357666,4.687141418457031,6.720963478088379,3.346060276031494,4.106576919555664,3.6708881855010986,3.873410224914551,3.245354413986206,1554.5751571010621,111.71200091284513,0.20003733915441177,0.02744759993281509,brass,acoustic
-405.822265625,89.06676483154297,50.9172477722168,16.585744857788086,-0.14493048191070557,-3.0512936115264893,-1.5984934568405151,-0.3407173156738281,0.43150633573532104,0.327421635389328,-1.586100459098816,-5.018452167510986,-8.125741958618164,45.98872756958008,50.9089469909668,22.90934944152832,8.056944847106934,6.794669151306152,5.107198238372803,4.070132255554199,3.4545462131500244,3.3748598098754883,3.8986282348632812,3.0417745113372803,1.359753131866455,2.584867238998413,295.9701970564098,169.04636093799306,0.017043340773809524,0.0028745460306037187,bass,synthetic
-182.05282592773438,-81.5380630493164,-51.78647232055664,3.3982021808624268,-29.141530990600586,-1.7278873920440674,-11.8699951171875,-13.979011535644531,-10.113874435424805,-3.1427597999572754,-12.499856948852539,-0.687477707862854,-16.21764373779297,63.88273620605469,26.490596771240234,9.666977882385254,4.496349334716797,5.58303689956665,2.228755235671997,2.8524587154388428,2.8237500190734863,3.0296788215637207,1.954764723777771,2.414979934692383,2.5019235610961914,2.4121928215026855,3050.5011506241117,289.5453817881924,0.2670849116161616,0.04418444549644371,brass,acoustic
-437.5238342285156,-0.6081653833389282,-20.747461318969727,1.558965802192688,18.06924057006836,9.54731559753418,-24.039804458618164,-5.365754127502441,38.32494354248047,13.652276992797852,-45.24520492553711,-1.4512112140655518,20.099756240844727,86.5530776977539,24.82097816467285,11.605622291564941,8.729201316833496,10.358057022094727,8.054261207580566,5.544203758239746,8.223276138305664,5.279873847961426,6.666022777557373,13.295302391052246,9.19176959991455,6.42387580871582,2652.281508195577,1044.313103545035,0.255126953125,0.0935005047014456,bass,synthetic
-375.3914489746094,101.0578384399414,47.891117095947266,16.079158782958984,6.780673503875732,2.720348358154297,-0.6460778117179871,0.6876541376113892,5.502594470977783,8.929900169372559,10.595808029174805,11.843140602111816,11.837329864501953,22.90825843811035,15.997701644897461,10.780829429626465,6.958103179931641,5.072549343109131,4.207401275634766,4.414936542510986,4.463350296020508,3.426476240158081,2.610779285430908,2.5950565338134766,2.7290639877319336,3.2793314456939697,210.9351012313184,70.38051280517408,0.009705835459183673,0.0009101963497073299,flute,synthetic
-429.477783203125,76.66829681396484,-4.392953395843506,-7.574588775634766,-26.700462341308594,-17.055313110351562,-14.782126426696777,-7.356652736663818,-9.069353103637695,-4.646823883056641,-7.798302173614502,-5.139650344848633,-9.862449645996094,156.9714813232422,34.623600006103516,38.64611053466797,10.4506196975708,8.577425956726074,7.084779262542725,7.303239345550537,4.374984264373779,6.854525089263916,3.6565849781036377,8.376123428344727,4.137236595153809,7.206930637359619,979.5914793859182,565.0131994110499,0.07173426011029412,0.028318917854942754,brass,acoustic
-193.22763061523438,75.73319244384766,-45.34132766723633,-15.660207748413086,-27.0483341217041,-12.338068962097168,-21.697711944580078,-8.571773529052734,-12.031525611877441,-2.764219284057617,-11.459693908691406,1.5930907726287842,-5.921348571777344,151.043212890625,41.05742645263672,18.537382125854492,5.270859241485596,6.75523042678833,3.458594799041748,6.26615571975708,4.603348731994629,3.642390251159668,3.0341334342956543,4.011324882507324,4.595422744750977,4.329736232757568,2064.8438063433964,558.3583342169026,0.09549753289473684,0.0291931740385145,brass,acoustic
-213.3905029296875,51.87533187866211,-19.97397804260254,18.61001205444336,4.767730712890625,10.125262260437012,-13.208402633666992,-2.4551961421966553,-23.81841278076172,-4.1718878746032715,-14.985721588134766,-8.476978302001953,-10.459451675415039,60.712520599365234,18.30437469482422,8.4233980178833,5.400609493255615,5.391875743865967,4.699607849121094,5.989529132843018,4.534729957580566,4.307986259460449,5.652059555053711,5.327962398529053,4.636302471160889,5.236148357391357,1247.7277597643053,182.7682091497302,0.05205262382075472,0.018161233939262986,string,acoustic
-190.08656311035156,160.73118591308594,-83.75747680664062,19.527626037597656,-31.403247833251953,-22.58905601501465,-17.550216674804688,-15.408114433288574,-22.909013748168945,1.107171893119812,-11.311988830566406,3.2810795307159424,-14.388774871826172,64.09925842285156,19.90260887145996,16.84463119506836,10.894389152526855,7.779942035675049,5.214209079742432,5.241979122161865,4.158771991729736,4.595796585083008,4.884517669677734,6.939521312713623,3.889683723449707,4.485234260559082,941.1472268190137,110.72832483940705,0.07801864170792079,0.010584258852253736,brass,acoustic
-407.4563293457031,49.5103759765625,-101.27780151367188,-26.36849594116211,-19.841856002807617,-32.85429000854492,-23.45086097717285,-7.096593379974365,4.489503383636475,23.073280334472656,29.890106201171875,5.612213611602783,-22.523462295532227,53.66790008544922,13.406869888305664,17.641298294067383,3.7619457244873047,8.380473136901855,5.6380438804626465,4.820272445678711,3.3132967948913574,5.645609378814697,5.5399885177612305,4.582675457000732,3.4025373458862305,4.400947570800781,1296.5038876878482,98.69771653059469,0.12774597772277227,0.03542147106247263,brass,acoustic
-278.3469543457031,33.926204681396484,-21.61909294128418,-15.139089584350586,-23.63541030883789,7.12617826461792,17.47150230407715,26.261533737182617,-0.08096010237932205,-14.280771255493164,-25.689565658569336,-6.5249342918396,9.679374694824219,33.21491241455078,6.55000638961792,3.7302780151367188,6.872819423675537,5.075527667999268,2.9771928787231445,4.790135383605957,4.566878795623779,3.4240968227386475,3.129276752471924,3.9118669033050537,3.6265690326690674,2.6972365379333496,1212.4394411157284,39.84413436251137,0.11570272640306123,0.012835564134297662,flute,synthetic
-527.1425170898438,-31.84737777709961,11.18234920501709,8.411632537841797,11.7389554977417,-14.920145034790039,17.016864776611328,17.8563289642334,-20.657943725585938,8.707132339477539,29.68670082092285,-31.582773208618164,29.111400604248047,27.334983825683594,6.5409040451049805,5.4143385887146,10.409584045410156,7.036206245422363,5.0137553215026855,7.505553245544434,6.568045616149902,5.584352493286133,4.865896224975586,7.9825615882873535,5.279589653015137,6.842722415924072,4134.736343973878,252.0140328891962,0.5892657844387755,0.08567916590398499,bass,synthetic
-137.6770477294922,14.546782493591309,-64.1323471069336,-11.59444522857666,-52.397544860839844,-28.72053337097168,-27.492277145385742,-22.683849334716797,-39.46720886230469,-35.21290588378906,-27.254934310913086,-3.5803380012512207,5.777272701263428,61.64744567871094,8.44327449798584,10.697369575500488,4.733464241027832,6.624255180358887,5.477382659912109,6.4541120529174805,4.6332268714904785,5.716264247894287,4.588025093078613,5.119530200958252,5.464644908905029,5.974913120269775,2075.513462206406,150.77089099409068,0.15521655036407767,0.026235023929237822,string,acoustic
-335.76953125,0.12119574099779129,-48.34804916381836,-10.107338905334473,23.90435791015625,22.165987014770508,-17.10462188720703,0.4047588109970093,12.222506523132324,22.813629150390625,-5.675671577453613,33.09463119506836,39.87650680541992,38.98136520385742,6.430543422698975,7.233504295349121,4.86346435546875,5.024715423583984,5.009097099304199,3.6655983924865723,3.1690430641174316,3.858006000518799,5.292746067047119,3.928096294403076,7.4377665519714355,5.775201797485352,2068.883101644882,116.13169686028978,0.2058034359830097,0.01710654470633693,flute,acoustic
-445.84912109375,-27.499895095825195,3.056148052215576,13.517699241638184,-16.137798309326172,-4.60884428024292,21.228939056396484,-20.24349594116211,5.04048490524292,22.274396896362305,-33.29314041137695,23.429502487182617,-7.110118865966797,37.43746566772461,5.873322010040283,2.9143195152282715,6.099435329437256,4.092226505279541,2.7536118030548096,5.846179008483887,4.729586124420166,2.4448211193084717,4.317320823669434,4.986493110656738,3.49399471282959,2.51278018951416,3315.0933783579294,45.2642607038774,0.38212492028061223,0.04444218009653243,flute,synthetic
-120.72441101074219,144.78411865234375,2.094959020614624,37.728065490722656,3.0252273082733154,18.498027801513672,1.2270891666412354,8.99530029296875,1.932296633720398,6.121954917907715,1.6354670524597168,4.087545871734619,1.086624026298523,110.92738342285156,51.3914680480957,29.75054931640625,10.830089569091797,12.104503631591797,5.0639142990112305,6.38607120513916,3.258424758911133,4.172900676727295,3.176407814025879,2.605356216430664,2.669480562210083,1.8434537649154663,887.1077447269739,504.6028849566409,0.00962890625,0.0020979962916891455,bass,synthetic
-306.8922424316406,-6.8053507804870605,-28.645421981811523,-16.131425857543945,-35.260860443115234,-19.15924644470215,-8.047818183898926,18.274070739746094,-12.497185707092285,-31.475582122802734,-40.72962951660156,22.07381820678711,24.698623657226562,41.64636993408203,9.846808433532715,5.111746311187744,4.436628818511963,5.831172466278076,4.733076095581055,5.613092422485352,4.080874443054199,3.9186763763427734,5.1908392906188965,4.3576884269714355,5.2447028160095215,4.03416109085083,2774.1955781260767,169.95678135103938,0.21571127882281554,0.03478657664522089,string,acoustic
-0.9518065452575684,15.366209030151367,-1.7469779253005981,3.303882122039795,-9.244108200073242,-5.39870023727417,-7.828665256500244,-2.0487582683563232,-6.686029434204102,-6.349384784698486,-11.484508514404297,-5.937441825866699,-5.394904613494873,76.26139831542969,16.965702056884766,1.9977843761444092,2.3212344646453857,3.3923532962799072,0.8668620586395264,4.226107120513916,1.6133540868759155,4.01005744934082,0.8049719333648682,2.7909317016601562,1.8703995943069458,3.87841796875,2656.536880035983,300.7961975668184,0.08746871207524272,0.008238515232811716,bass,synthetic
-143.24124145507812,-56.66032028198242,-82.7835693359375,6.909666538238525,-31.690326690673828,-20.32010841369629,-22.515005111694336,18.72587776184082,-12.600752830505371,-2.3481171131134033,-29.91994857788086,-14.114456176757812,3.1292567253112793,53.335601806640625,12.511701583862305,11.48442554473877,4.682429313659668,5.073615550994873,4.222277641296387,6.212872505187988,6.38309383392334,6.1227641105651855,2.6598191261291504,5.06244421005249,3.020057201385498,3.398024082183838,2371.403015991613,86.33453636408055,0.10808771306818182,0.01424966447328964,flute,acoustic
-476.5495300292969,60.750465393066406,40.07376480102539,21.95327377319336,7.1438422203063965,3.4430744647979736,-0.22852444648742676,-1.4832723140716553,-3.989565372467041,-3.8995795249938965,-8.393412590026855,-16.574716567993164,-16.186511993408203,51.34373474121094,33.30347442626953,15.356228828430176,6.47904109954834,8.31563663482666,5.574420928955078,4.394447326660156,2.910466432571411,6.980384349822998,4.884067535400391,4.993419170379639,4.50950288772583,6.478184223175049,329.82905278388967,138.30093100881643,0.02755089962121212,0.002192565106134643,bass,electronic
-360.9932861328125,101.87574005126953,7.12944221496582,-27.97571563720703,-21.946640014648438,-19.407163619995117,-19.365676879882812,-16.93738555908203,-15.12626838684082,-11.77943229675293,-9.755610466003418,-11.514984130859375,-12.413484573364258,22.649433135986328,18.636882781982422,8.938462257385254,11.670145034790039,7.749228477478027,5.122133731842041,4.680442810058594,4.241486072540283,4.963369846343994,5.144028663635254,4.329372406005859,3.9698684215545654,3.794221878051758,540.903874795835,60.46482658561677,0.04806857638888889,0.010835356998809713,brass,acoustic
-198.84942626953125,48.73450469970703,-45.36538314819336,24.648893356323242,-22.342679977416992,-14.64519214630127,-15.453110694885254,-6.1338067054748535,-15.954110145568848,1.8891011476516724,-14.824655532836914,-9.35658073425293,-13.66257381439209,49.5314826965332,10.49409294128418,13.073310852050781,5.963830471038818,6.017383098602295,4.310712814331055,4.726672172546387,4.525293827056885,4.601629734039307,4.007950305938721,4.611395359039307,3.6849682331085205,6.4040656089782715,1295.8183723531863,97.68022766553455,0.07075852614182693,0.02305785697855083,string,acoustic
-559.4252319335938,-21.72210121154785,-7.185064315795898,22.301427841186523,14.785138130187988,-19.283157348632812,10.196125984191895,23.945104598999023,-18.024742126464844,-3.491802930831909,29.463054656982422,-18.034509658813477,1.711820125579834,64.22834014892578,16.208908081054688,9.613361358642578,22.698333740234375,24.382234573364258,15.99277400970459,14.414944648742676,14.513282775878906,8.813105583190918,2.7967617511749268,12.778779029846191,8.06162166595459,7.9832940101623535,3058.2984667885044,592.8796049059165,0.2959241365131579,0.063906351492998,bass,synthetic
-392.7513427734375,-6.717437744140625,-38.005775451660156,-2.2258377075195312,2.946977376937866,28.368072509765625,8.012770652770996,-33.90743637084961,-17.045734405517578,24.95922088623047,34.469383239746094,-23.607545852661133,-27.600189208984375,35.941650390625,5.167321681976318,12.077935218811035,7.344979763031006,3.582038640975952,6.388805389404297,2.781548023223877,5.666341781616211,3.633385181427002,3.3820178508758545,5.080656051635742,4.352017402648926,3.694312810897827,1578.1351532966287,59.360041420533314,0.16065947863520408,0.018688788905283436,flute,synthetic
-280.7088317871094,244.54139709472656,5.113497734069824,-22.48274803161621,-22.78745460510254,-19.328550338745117,-7.906079292297363,-21.813676834106445,-14.901642799377441,-8.455928802490234,-12.832478523254395,-5.816104412078857,-8.366964340209961,49.29074478149414,23.091014862060547,22.771081924438477,16.718122482299805,7.649949073791504,10.068814277648926,5.547054290771484,7.4333720207214355,5.659895420074463,6.17470121383667,4.939630508422852,4.559874534606934,4.455674648284912,535.6148453855743,40.681423747714696,0.05749981219951923,0.010757008219897063,brass,acoustic
-144.59518432617188,-23.028804779052734,-5.688269138336182,3.3724985122680664,11.34046459197998,1.3450361490249634,-15.744294166564941,4.303116321563721,16.190792083740234,15.711261749267578,23.94449806213379,41.157894134521484,-0.2918950021266937,75.00881958007812,3.053102731704712,3.5309665203094482,1.6662378311157227,3.367373466491699,1.5526477098464966,1.1768224239349365,1.2493599653244019,1.2816083431243896,4.914552688598633,4.785946369171143,3.4937238693237305,1.443953514099121,3053.3918970637114,46.43962749733526,0.2298048588267544,0.016629521553123666,bass,synthetic
-341.462890625,-7.875460147857666,-24.549686431884766,26.397287368774414,-18.549489974975586,-2.7841901779174805,-15.815621376037598,-18.594419479370117,-5.588055610656738,38.876338958740234,51.069820404052734,42.22336959838867,-17.19502830505371,63.21898651123047,29.256912231445312,8.301386833190918,8.814030647277832,7.203184127807617,7.082510471343994,6.404216766357422,5.559686183929443,4.263786792755127,7.256376266479492,7.808138370513916,8.396355628967285,5.375551223754883,1757.38552891547,258.29860497699593,0.11500831886574074,0.026879742450034213,flute,acoustic
-322.9407043457031,114.77591705322266,-34.40365982055664,2.004784107208252,8.939985275268555,5.217022895812988,-5.2248711585998535,-12.50107479095459,-7.915620803833008,0.8761926889419556,-8.841733932495117,-19.783098220825195,-16.1888427734375,41.172855377197266,11.738794326782227,19.08856201171875,5.1913580894470215,6.617036819458008,5.607156753540039,3.790572166442871,4.901555061340332,4.579625606536865,4.172425746917725,3.3032376766204834,4.74662446975708,4.63754415512085,753.102146441993,96.29073072588366,0.05352840245327103,0.014117135896834757,flute,acoustic
-195.24224853515625,75.15564727783203,-51.335609436035156,31.08433723449707,-16.120885848999023,-17.897340774536133,-18.453737258911133,-9.894515991210938,-9.407333374023438,-0.6681396961212158,-10.210246086120605,-2.9884605407714844,-14.577092170715332,57.55670166015625,12.985086441040039,14.328574180603027,5.188310623168945,6.670612335205078,4.475838661193848,4.007709980010986,3.917206048965454,3.923063278198242,4.419955730438232,4.74846887588501,4.414578437805176,4.720218658447266,1349.8586464239959,173.1624726675429,0.09507399338942307,0.035077564383173956,string,acoustic
-331.87103271484375,126.90650939941406,20.692577362060547,14.603246688842773,19.373207092285156,16.457035064697266,4.475254058837891,1.325343370437622,4.523195743560791,4.35911750793457,1.2199499607086182,-0.888085126876831,1.7360526323318481,101.10364532470703,49.98954391479492,23.199539184570312,12.819737434387207,7.022898197174072,4.801307201385498,9.127202033996582,7.141549110412598,3.947307586669922,3.586237907409668,3.8727469444274902,5.042181968688965,3.3461318016052246,443.02769692383464,159.1227915168446,0.016632080078125,0.007768447175112179,string,acoustic
-391.3873596191406,38.153411865234375,-38.89447021484375,-15.304057121276855,-42.26738739013672,-28.937061309814453,-26.072525024414062,7.573843002319336,18.645658493041992,35.53852462768555,17.973297119140625,-10.638774871826172,-41.583465576171875,46.47117233276367,12.058662414550781,9.240080833435059,9.022944450378418,10.570505142211914,7.037601470947266,4.622465133666992,3.8883047103881836,3.1520438194274902,4.414890766143799,3.976391315460205,4.911679744720459,5.855357646942139,1164.0527350449133,99.19317834305627,0.1038830943943299,0.01096615324516926,bass,synthetic
-367.7391662597656,56.75023651123047,3.075707197189331,9.189407348632812,-3.413015365600586,-3.417476177215576,-5.204838752746582,-2.826817274093628,-9.383214950561523,-7.906776428222656,-6.974593639373779,-9.649398803710938,-12.139988899230957,97.48493957519531,26.22875213623047,24.282337188720703,8.020600318908691,12.72260570526123,7.831448554992676,6.982950210571289,8.418827056884766,7.460566520690918,6.5402512550354,4.471958637237549,5.164059162139893,4.731062412261963,798.7954862013861,456.92492977819126,0.06395164695945946,0.022857778382474988,bass,synthetic
-265.96002197265625,208.11419677734375,34.98926544189453,0.9595628380775452,28.777259826660156,17.90876579284668,-0.40775734186172485,-0.4462302029132843,1.0979424715042114,3.6517550945281982,5.134183883666992,0.1766403764486313,-1.0511925220489502,41.81808853149414,28.826507568359375,11.34571361541748,9.29195499420166,4.60983943939209,3.5816855430603027,4.064539432525635,3.1080944538116455,2.9109296798706055,4.004403114318848,3.633025884628296,2.7037508487701416,2.8587374687194824,330.9975623728213,37.21707179904253,0.01560218311915888,0.0035777858652782605,string,acoustic
-297.4727783203125,135.85328674316406,18.67799949645996,-1.9233882427215576,-0.6326110363006592,-8.172290802001953,-2.1510937213897705,5.46382474899292,8.396866798400879,11.020668029785156,9.094059944152832,7.399020671844482,4.820936679840088,32.6693000793457,16.472675323486328,11.65502643585205,5.648496150970459,4.658276557922363,4.858562469482422,5.29600715637207,3.150559663772583,2.2857844829559326,3.2702412605285645,3.2775022983551025,2.9864046573638916,1.9228402376174927,394.75062248788936,112.5271465944777,0.01604850924744898,0.004338053494770379,flute,synthetic
-287.4449768066406,130.8043212890625,-59.2877197265625,-2.4945356845855713,-20.207197189331055,-11.108418464660645,-9.101325035095215,-8.294098854064941,-4.384424209594727,-1.2265878915786743,-3.755192756652832,-2.1881368160247803,-4.3484907150268555,108.6776351928711,14.39733600616455,20.947439193725586,10.550668716430664,17.14948272705078,7.758097171783447,7.600261211395264,8.36285400390625,7.999236106872559,5.557173728942871,8.259167671203613,4.300661563873291,9.591912269592285,1051.4910351946382,83.64552949968557,0.08369584517045454,0.015346231404296926,brass,acoustic
-158.9214324951172,76.39141845703125,-47.377742767333984,9.937338829040527,-19.2290096282959,-7.852034568786621,-3.5651233196258545,-3.284759044647217,-17.8311767578125,-14.889420509338379,-11.247212409973145,17.482711791992188,25.02540397644043,66.56623077392578,8.944966316223145,6.778475761413574,4.62786865234375,4.447723388671875,4.258444309234619,5.515084266662598,3.482555627822876,4.978909492492676,3.566755771636963,3.5711824893951416,4.700766086578369,5.594709396362305,1653.8349682450394,85.00038721912695,0.14166201636904763,0.016809076955514594,string,acoustic
-290.03314208984375,4.588972091674805,-65.25275421142578,-11.375171661376953,-10.542764663696289,-10.435209274291992,-9.578481674194336,12.955439567565918,11.64654541015625,23.65932846069336,-7.737389087677002,-18.988605499267578,-18.47378921508789,51.43018341064453,9.40695858001709,11.459808349609375,3.8810513019561768,5.342559814453125,3.043652296066284,4.971878528594971,4.087637424468994,6.446380615234375,3.133652687072754,3.6271848678588867,5.375941753387451,3.850100040435791,1529.9817501366085,121.46743375782563,0.10464242788461539,0.014962159888238827,flute,acoustic
-412.8638916015625,95.22024536132812,74.09247589111328,62.08781433105469,48.48746871948242,37.522369384765625,30.98069953918457,24.513654708862305,19.377891540527344,15.630992889404297,11.626761436462402,7.0839338302612305,3.3304524421691895,57.2056770324707,47.34481430053711,29.000167846679688,14.567557334899902,13.435175895690918,15.46357536315918,12.678359031677246,11.769433975219727,9.788174629211426,6.838765621185303,5.667579174041748,5.674515724182129,5.7705488204956055,166.99235248300928,130.62564496181244,0.012625558035714286,0.0026680512693785263,bass,electronic
-342.9195556640625,55.05378341674805,-56.82962417602539,-9.110472679138184,-5.905683994293213,-33.56816101074219,-27.225698471069336,-27.136022567749023,-25.116106033325195,-13.344534873962402,-12.690202713012695,-16.546478271484375,1.4956549406051636,28.997873306274414,8.07105541229248,15.731871604919434,4.203289031982422,4.951120376586914,7.16384744644165,4.297606468200684,4.879855632781982,3.3520400524139404,3.1803181171417236,2.9067575931549072,4.3184919357299805,3.134122610092163,758.0327550214871,46.8674662823569,0.054072265625,0.004551567042538712,flute,acoustic
-366.60882568359375,120.99758911132812,22.0888671875,-10.05514907836914,6.299408435821533,13.946725845336914,4.472592830657959,-0.8147628307342529,1.656551480293274,0.7252629995346069,-1.4299157857894897,0.6515357494354248,3.4439985752105713,29.98293685913086,15.904818534851074,15.560245513916016,10.996782302856445,5.5172810554504395,5.095889091491699,4.303001880645752,2.970647096633911,2.1611244678497314,2.4374582767486572,2.536076068878174,2.2503302097320557,1.6576236486434937,339.92841180222484,98.3436656853471,0.01716458067602041,0.00505580436098607,flute,synthetic
-354.858154296875,229.69508361816406,10.0548095703125,-41.9269905090332,-16.519512176513672,-10.989834785461426,-12.430926322937012,-11.19873332977295,-9.223601341247559,-5.713995933532715,-2.4351983070373535,-1.4814386367797852,-5.302975654602051,74.48092651367188,38.77904510498047,23.03193473815918,10.534248352050781,7.204500198364258,11.577953338623047,6.60320520401001,5.417693138122559,5.358424186706543,5.272828578948975,4.212708473205566,4.297030925750732,6.06376314163208,621.5191060580768,52.43784549363578,0.05674677309782609,0.009479019192525159,brass,acoustic
-251.05615234375,159.9590606689453,0.7983410358428955,19.771326065063477,19.198904037475586,22.610126495361328,-0.8168106079101562,0.20773984491825104,-5.501802921295166,1.6510553359985352,12.541004180908203,8.289555549621582,-0.18999870121479034,50.434730529785156,18.184276580810547,11.72516918182373,6.310893535614014,8.302717208862305,6.821356296539307,5.526341915130615,3.9057857990264893,5.916295051574707,4.950995922088623,4.772713661193848,4.379595756530762,4.664660930633545,403.6169524662989,54.15989328345762,0.011360677083333333,0.0030625166872470127,string,acoustic
-342.4344482421875,-39.45886993408203,-31.8145809173584,-1.5867258310317993,-2.539808988571167,56.275028228759766,52.87514114379883,17.987655639648438,-35.1453971862793,-23.718307495117188,41.74970245361328,55.711788177490234,-17.931751251220703,31.235488891601562,14.866669654846191,7.535325527191162,5.02318811416626,3.172621250152588,9.451199531555176,7.017982482910156,3.4849631786346436,5.114621162414551,3.45695424079895,5.491150379180908,6.15649938583374,6.8874125480651855,1984.7819691164389,231.92791603686842,0.14500584112149534,0.018333906553875824,flute,acoustic
-302.48931884765625,125.4382553100586,-24.465255737304688,0.1502004712820053,-20.900291442871094,-17.864864349365234,-20.96030616760254,-21.601261138916016,-21.382863998413086,-18.702823638916016,-18.001449584960938,-19.939041137695312,-20.561275482177734,98.3884506225586,14.045565605163574,24.49928855895996,5.808761119842529,18.431095123291016,6.631472587585449,8.749763488769531,4.861009120941162,5.262127876281738,5.227269172668457,6.633800983428955,6.075281620025635,7.356852054595947,838.5482766149961,151.9742039271164,0.04587518601190476,0.00668729936882981,string,acoustic
-386.31561279296875,-32.30569076538086,-9.893989562988281,-29.82722282409668,28.344484329223633,24.775550842285156,-24.634212493896484,-20.777849197387695,18.181739807128906,12.982356071472168,7.730470180511475,-34.796173095703125,6.939041614532471,26.09236717224121,5.461734294891357,6.274052619934082,4.58603572845459,4.17649507522583,3.2641026973724365,3.5762124061584473,3.136530876159668,3.090822696685791,3.5234432220458984,2.371116876602173,3.3141708374023438,2.418379545211792,2240.634148644894,161.9086513857756,0.18208406409438777,0.01443918872098113,flute,synthetic
-152.9657440185547,45.168235778808594,10.572820663452148,51.189083099365234,17.746116638183594,24.25955581665039,2.9266324043273926,7.10875129699707,-7.093024253845215,0.5300926566123962,-8.722007751464844,1.9603012800216675,-5.47382926940918,47.030677795410156,8.490365028381348,4.619960784912109,3.8144421577453613,3.264932870864868,3.6388795375823975,3.332583427429199,3.839195728302002,4.745832920074463,3.330141305923462,3.74045729637146,4.065627098083496,3.662046194076538,2180.49758776055,238.7856953116156,0.1056857638888889,0.030083769379419936,flute,acoustic
-258.2441711425781,-12.461675643920898,-31.807722091674805,22.582120895385742,-22.683439254760742,-5.4959330558776855,1.5945791006088257,32.6797981262207,-1.8005311489105225,-27.54814338684082,-34.30960464477539,24.7230281829834,31.84330177307129,78.22713470458984,15.405099868774414,13.013551712036133,5.6256818771362305,10.479619026184082,6.550065994262695,7.239167213439941,7.240607261657715,6.217134475708008,8.726486206054688,10.547955513000488,7.692209720611572,6.5283403396606445,2504.077623717889,475.74962319465953,0.23966993979357798,0.06868255890814581,string,acoustic
-271.5968322753906,2.96699595451355,-44.63798522949219,-17.550846099853516,-20.66583824157715,-13.616288185119629,-27.165973663330078,-20.33843994140625,11.516035079956055,-7.250155925750732,-41.730533599853516,21.21852684020996,11.354918479919434,48.56683349609375,8.212778091430664,9.743697166442871,6.310937881469727,9.611427307128906,6.239852428436279,5.235508441925049,5.46246862411499,6.865421295166016,3.7491743564605713,5.328999996185303,5.552598476409912,3.7120630741119385,3332.7634994517925,177.93479456328137,0.3266743780339806,0.045637287459904724,string,acoustic
-490.04638671875,15.207850456237793,-1.6968884468078613,19.669166564941406,16.800718307495117,23.208587646484375,-0.12649910151958466,-4.490230083465576,18.296274185180664,28.490663528442383,-12.773747444152832,-0.2507380247116089,24.8254451751709,110.2748794555664,15.482807159423828,25.698781967163086,10.192415237426758,9.574873924255371,6.484146595001221,11.380629539489746,11.610245704650879,7.658107280731201,14.1979341506958,14.405948638916016,5.50852108001709,13.06235122680664,1874.9124316722634,906.9621758212763,0.18552652994791666,0.12513419570682852,string,acoustic
-332.394287109375,91.6798324584961,-23.344764709472656,-5.5889129638671875,-5.4626688957214355,-10.076756477355957,-11.64198112487793,-4.599774360656738,-4.8484954833984375,-12.093450546264648,-28.537261962890625,-13.832547187805176,8.457351684570312,36.59291076660156,12.721845626831055,14.35649585723877,7.174829006195068,6.951520919799805,5.342430591583252,3.972928524017334,5.975039482116699,4.476991176605225,4.059527397155762,7.352057933807373,4.886187553405762,3.992426872253418,797.4709342521902,43.96248710283264,0.0745323251146789,0.025788481145901904,flute,acoustic
-360.01812744140625,80.26551055908203,35.45695495605469,45.840667724609375,6.106481552124023,13.506429672241211,2.2059643268585205,-3.3249878883361816,-9.16276741027832,-6.435172080993652,-4.4611101150512695,-13.209598541259766,-25.14226722717285,28.929773330688477,24.915449142456055,8.457682609558105,5.996188640594482,2.2123770713806152,3.8978042602539062,1.9873806238174438,1.863146185874939,1.4227986335754395,1.2733986377716064,1.6226893663406372,3.004006862640381,4.781383514404297,352.7197073456446,56.0997394024619,0.037632533482142856,0.005437829154653857,bass,synthetic
-195.8245391845703,54.567237854003906,-45.79868698120117,27.844444274902344,-33.60170364379883,-13.66046142578125,-16.009843826293945,-2.3325724601745605,-19.171955108642578,-14.047239303588867,-17.544048309326172,-8.948040008544922,-8.200079917907715,62.9992561340332,14.196022033691406,9.39363956451416,5.2206220626831055,5.864495754241943,3.3797430992126465,3.699885368347168,3.7117512226104736,4.335747718811035,4.883472919464111,3.940108299255371,3.5552570819854736,3.806439161300659,1498.8034270568085,166.67113606500007,0.0866229717548077,0.0237806117534804,string,acoustic
-472.8309020996094,-24.838727951049805,-33.58772659301758,39.914085388183594,-11.738029479980469,-17.10173797607422,25.533811569213867,-12.334985733032227,-7.6114606857299805,16.0140438079834,-6.936938285827637,-8.084449768066406,15.022560119628906,32.329139709472656,4.328882694244385,5.961008071899414,5.558971405029297,2.503700017929077,3.1302473545074463,4.085843086242676,2.135084867477417,3.234931707382202,3.033165454864502,1.7436364889144897,2.508892059326172,3.1284146308898926,2854.3786463764663,35.027465338492554,0.3439343510841837,0.02685306938874726,flute,synthetic
-353.28863525390625,-45.561248779296875,-25.912132263183594,10.664060592651367,3.866262197494507,22.86911964416504,32.46348190307617,34.29907989501953,-5.731551647186279,-0.9082541465759277,26.008634567260742,9.926880836486816,16.202041625976562,40.04597854614258,13.239594459533691,5.413897514343262,6.61329460144043,4.389264106750488,8.147841453552246,5.201132774353027,4.981597423553467,3.793722152709961,3.5554373264312744,4.186867713928223,4.472315788269043,4.010352611541748,2896.8136304787286,173.44053392634086,0.29432764593160377,0.026185718525854173,flute,acoustic
-261.69744873046875,41.87856674194336,-139.55775451660156,-3.3969528675079346,-39.120121002197266,-38.462486267089844,11.0198335647583,3.4463791847229004,24.785907745361328,24.426118850708008,-12.974071502685547,-35.75908279418945,-17.11213493347168,39.822410583496094,7.565682888031006,23.21403694152832,6.00629997253418,8.125904083251953,4.714174270629883,5.060700416564941,5.017982006072998,5.726987361907959,4.77667236328125,4.002301216125488,4.826254844665527,3.834138870239258,1561.1271428193224,50.69753089357005,0.09821851325757576,0.010436614302074203,brass,acoustic
-479.5591735839844,33.21892166137695,10.410048484802246,29.952795028686523,24.331851959228516,9.984071731567383,12.848188400268555,19.697851181030273,4.432404518127441,11.820379257202148,21.47394371032715,3.4411404132843018,7.081002712249756,86.06294250488281,24.518199920654297,27.994291305541992,6.9068169593811035,5.399272441864014,6.251811981201172,5.635146141052246,5.444327354431152,5.028351783752441,4.395874977111816,9.842140197753906,5.362576484680176,2.552879810333252,1299.1921863766383,857.2997817791277,0.10997892680921052,0.12347640196289854,flute,acoustic
-384.6359558105469,84.9236831665039,6.266275405883789,20.420127868652344,11.211323738098145,6.627027988433838,-3.086989164352417,-4.530165672302246,-1.5495269298553467,-0.927096426486969,-3.2509002685546875,-1.0683544874191284,-9.105162620544434,137.12437438964844,36.27116775512695,41.54250717163086,9.744769096374512,15.076581954956055,9.7378568649292,12.25189208984375,10.817971229553223,9.20438003540039,5.317607402801514,4.855784893035889,4.884648323059082,9.181488990783691,688.1109346428688,240.79105972733134,0.03515625,0.01826670408380977,string,acoustic
-467.7346496582031,61.90141296386719,52.76456832885742,48.8958740234375,41.80729675292969,36.01120376586914,29.756364822387695,23.365798950195312,17.49998664855957,13.35766887664795,10.004335403442383,7.435585975646973,5.82021951675415,63.22113037109375,39.55583190917969,29.71625518798828,21.829988479614258,18.693811416625977,11.658897399902344,5.971554279327393,4.148227691650391,6.946305751800537,7.966414451599121,9.34227466583252,9.830891609191895,9.566478729248047,87.12503422999531,90.17500986511945,0.007656451353092783,0.002248594380008989,bass,synthetic
-199.5282745361328,-16.74758529663086,-15.12170696258545,12.55971622467041,-0.8758450746536255,-14.819947242736816,-22.55963897705078,-9.79395866394043,10.96903133392334,21.733306884765625,26.11713981628418,54.66828918457031,49.843788146972656,36.898136138916016,14.484296798706055,7.360158920288086,3.867164373397827,4.116572856903076,3.6993446350097656,3.7111430168151855,3.5582077503204346,3.9842941761016846,3.976977586746216,2.5383574962615967,4.409753799438477,5.103748798370361,1840.3772668208048,122.52756556915658,0.0719006470959596,0.009009970474178812,flute,acoustic
-375.9058837890625,12.477179527282715,-34.71592712402344,1.0765219926834106,41.94068145751953,43.92197799682617,2.593898296356201,-11.664253234863281,8.897074699401855,34.07954406738281,-0.8180214762687683,-14.636189460754395,33.816856384277344,33.781497955322266,8.842667579650879,6.479728698730469,4.896244525909424,8.860528945922852,8.856618881225586,5.645767688751221,3.8627517223358154,3.037912607192993,5.62959098815918,3.6484463214874268,4.174203395843506,10.447257041931152,1661.703517766441,45.244930169397804,0.1823097511574074,0.015046111537744515,flute,acoustic
-586.5252685546875,35.524349212646484,16.99172592163086,11.750422477722168,-22.66214942932129,1.151877999305725,-7.558269500732422,-24.24161148071289,-6.772511959075928,-23.96065330505371,-11.082656860351562,-15.488548278808594,-20.41742706298828,121.19346618652344,21.949737548828125,12.529706954956055,9.912761688232422,11.556870460510254,6.759531497955322,4.172546863555908,13.046793937683105,10.626936912536621,13.090269088745117,6.904628753662109,6.656242370605469,5.370111465454102,701.4985091626125,288.2982736152595,0.03762090773809524,0.0064777410638413415,bass,synthetic
-306.627685546875,-20.790632247924805,-32.87612533569336,-14.545334815979004,8.820276260375977,7.102985382080078,-19.123817443847656,12.098828315734863,19.492162704467773,-2.789327621459961,-13.87790584564209,36.80815505981445,26.880537033081055,25.101280212402344,5.5217061042785645,13.65298843383789,3.614114284515381,7.035040855407715,4.178224086761475,5.568345546722412,3.146397352218628,3.9300241470336914,3.4301202297210693,4.102195739746094,4.756370544433594,4.199360370635986,2112.6561776376852,65.73506158193744,0.2172901900773196,0.01779664638550727,flute,acoustic
-224.47930908203125,52.810646057128906,-39.849334716796875,29.648862838745117,-8.1898193359375,-4.760857105255127,-5.488431453704834,2.953892707824707,-0.11218563467264175,-6.288838863372803,-23.813732147216797,-8.99193000793457,-11.16954517364502,69.47903442382812,11.8751802444458,7.659853935241699,7.430624485015869,6.085071563720703,3.4563140869140625,5.785082817077637,3.7232933044433594,4.562890529632568,4.982477188110352,4.053601264953613,4.6345953941345215,5.893926620483398,1782.1813975363548,160.90562141168326,0.14587518601190477,0.03490454163943706,string,acoustic
-199.96340942382812,26.790205001831055,-50.93621063232422,9.655272483825684,-35.75824737548828,-21.63264274597168,-19.152212142944336,-15.476302146911621,-32.628334045410156,-16.761465072631836,-4.832613945007324,29.6845703125,28.488073348999023,65.55840301513672,5.119319438934326,8.332733154296875,5.057520866394043,5.535684585571289,4.517547607421875,5.289872646331787,4.117099285125732,5.4933648109436035,4.1214399337768555,5.166697978973389,4.736133575439453,4.581747531890869,2043.8752605112586,122.97559833190499,0.159985588592233,0.029307279448146952,string,acoustic
-347.04766845703125,108.4679946899414,-8.519067764282227,-37.48701095581055,-22.583471298217773,-19.046533584594727,-17.462297439575195,-12.531078338623047,-8.215102195739746,-5.9027099609375,-7.9708147048950195,-9.371947288513184,-4.869821071624756,27.891094207763672,18.578350067138672,18.149639129638672,11.026000022888184,5.498767852783203,5.5503315925598145,5.424213409423828,5.393978118896484,5.663506984710693,5.379516124725342,5.007749080657959,6.201498985290527,6.443450927734375,596.6582157164531,93.88795060952218,0.0546781994047619,0.013443427307207831,brass,acoustic
-458.16876220703125,-26.43691062927246,-78.53165435791016,-12.459768295288086,-12.049328804016113,-1.1383203268051147,12.585742950439453,28.302135467529297,-11.382701873779297,-29.353954315185547,-18.256437301635742,26.79509162902832,15.251574516296387,60.95881271362305,12.628463745117188,10.215130805969238,8.328045845031738,8.120556831359863,3.78375244140625,5.059158802032471,3.75007963180542,7.069846153259277,5.8499627113342285,5.64737606048584,4.660431861877441,4.637572765350342,2246.1042769531946,198.2871344449668,0.21386225536616163,0.036475668411535406,brass,acoustic
-279.16632080078125,12.386234283447266,-24.71276092529297,12.752772331237793,-26.23118782043457,-9.18580150604248,-12.365659713745117,-6.4604597091674805,-22.060543060302734,-19.004121780395508,-9.400714874267578,27.572158813476562,33.186134338378906,46.38273239135742,14.676590919494629,5.743788719177246,4.739692211151123,4.69547176361084,3.4015052318573,4.26462459564209,4.43231725692749,4.750934600830078,3.472120761871338,4.938839435577393,5.055324077606201,5.590444087982178,1933.7863062172723,161.0958256475177,0.12401878720238095,0.030194692196121323,string,acoustic
-189.91554260253906,70.78633880615234,-31.557069778442383,19.74127769470215,-13.057917594909668,-14.074064254760742,-32.561614990234375,-6.948444366455078,-9.624667167663574,-18.303829193115234,-24.269229888916016,-11.039981842041016,-17.223926544189453,61.761474609375,15.344095230102539,14.809542655944824,6.657806396484375,5.601769924163818,4.204361438751221,7.513808727264404,4.9359846115112305,4.3109893798828125,6.388001918792725,6.390777587890625,5.23503303527832,5.134239673614502,1190.2394265813352,138.55247493563996,0.07058536305147059,0.013124878742895937,string,acoustic
-279.0472717285156,24.061141967773438,-36.34916305541992,-4.571480751037598,8.49503231048584,21.856027603149414,-14.499848365783691,-18.156179428100586,-2.9569437503814697,21.970369338989258,4.23431921005249,-14.275470733642578,-16.690126419067383,39.750885009765625,4.030209541320801,5.396640300750732,3.5748324394226074,3.497166633605957,4.480010032653809,3.6732473373413086,5.369418621063232,3.493176221847534,3.606083869934082,3.698282480239868,3.3356666564941406,3.2442104816436768,1610.049646615267,22.37357687558777,0.171630859375,0.018949509887453923,flute,synthetic
-326.4874572753906,71.08168029785156,-38.878623962402344,-11.700238227844238,-0.9614163041114807,-7.841849327087402,-20.153486251831055,-8.65478229522705,-14.185474395751953,16.238679885864258,21.02272605895996,35.504180908203125,29.990421295166016,27.044832229614258,12.149541854858398,12.050527572631836,6.356142520904541,4.681713581085205,4.9391326904296875,6.064349174499512,4.402379512786865,5.276444911956787,4.352773189544678,4.25691556930542,4.798864364624023,6.193140506744385,901.2352517940074,84.18005544747211,0.06948794958726415,0.006433311778315506,flute,acoustic
-231.3507080078125,95.41900634765625,-118.79902648925781,9.327593803405762,-25.898889541625977,4.5104289054870605,-6.40777587890625,-8.747845649719238,-14.402756690979004,-0.41625529527664185,-15.894697189331055,-2.1095075607299805,-6.208935737609863,46.151466369628906,11.513071060180664,16.505632400512695,8.727253913879395,7.068461894989014,3.727994680404663,4.884032249450684,4.484967231750488,5.375124931335449,4.3657002449035645,4.461584091186523,3.649567127227783,3.7921535968780518,1303.1701074318853,63.69327747092887,0.124560546875,0.013189831423661907,brass,acoustic
-361.6385192871094,-31.856781005859375,-4.01615047454834,-40.68162155151367,-21.36824607849121,35.516658782958984,28.495773315429688,-9.928967475891113,-26.362422943115234,-2.3334879875183105,-11.11318302154541,39.696163177490234,4.01768684387207,30.95890235900879,8.019161224365234,4.245583534240723,7.01943302154541,3.9453842639923096,5.038389682769775,4.384284973144531,2.209223985671997,3.93165922164917,3.305211067199707,3.5675339698791504,5.007375717163086,2.581666946411133,2001.9556788542723,225.69465306899446,0.13642775410353536,0.010790485394623503,flute,synthetic
-345.58624267578125,22.50783348083496,-113.47570037841797,-18.269344329833984,-21.288301467895508,-9.468582153320312,-2.5272161960601807,23.027969360351562,30.909259796142578,30.536964416503906,-7.79285192489624,-31.038728713989258,-10.591064453125,37.9712028503418,10.840971946716309,15.2293119430542,5.39027738571167,9.136323928833008,6.686556339263916,7.081203937530518,5.932188034057617,3.759719133377075,3.7666585445404053,4.677089691162109,4.930247783660889,2.8089935779571533,1572.8949511013573,63.340981925606954,0.19224261293316833,0.017879618956139046,brass,acoustic
-313.6143798828125,135.9365997314453,-18.782188415527344,10.963634490966797,-0.5255320072174072,-20.037954330444336,0.702268660068512,5.582943916320801,-2.4531216621398926,-6.486749172210693,-8.817581176757812,-7.9522247314453125,-8.496051788330078,66.83342742919922,22.646717071533203,19.388263702392578,8.965937614440918,7.960591793060303,9.145610809326172,3.610132932662964,3.3400919437408447,5.042389392852783,5.087074279785156,3.5515952110290527,4.067422389984131,4.521231651306152,615.116082036741,110.99343566079547,0.05051657418224299,0.014065865146519304,string,acoustic
-537.7869262695312,44.41047668457031,27.48073387145996,23.954862594604492,15.397276878356934,10.593231201171875,6.657364845275879,3.5728812217712402,0.1377272754907608,-2.6004812717437744,-3.6775288581848145,-3.290712356567383,-2.942308187484741,105.32504272460938,41.61738204956055,17.91981315612793,11.687906265258789,7.8081207275390625,5.101961612701416,4.353026390075684,4.187965393066406,3.4849491119384766,3.7733771800994873,3.6682920455932617,4.37940788269043,3.9900429248809814,177.2695325827241,309.3560926157741,0.015458883698453609,0.022347926828012104,bass,synthetic
-290.1849060058594,-1.4068142175674438,-24.898176193237305,24.710020065307617,-17.026905059814453,-4.505413055419922,14.027522087097168,-2.4928834438323975,-13.875212669372559,21.409040451049805,-9.552289962768555,-8.799164772033691,15.566370010375977,43.02299118041992,2.9203274250030518,3.8885765075683594,4.3066253662109375,3.380188465118408,2.820673704147339,3.8701589107513428,2.333855628967285,3.239593505859375,3.2935714721679688,2.9136312007904053,3.6749603748321533,3.2771363258361816,2859.441820101036,15.856636727385553,0.34183175223214285,0.03653471224299947,flute,synthetic
-78.08589172363281,105.44861602783203,15.774053573608398,54.67658996582031,-3.6254608631134033,18.204641342163086,1.5740821361541748,10.255840301513672,-1.4948536157608032,10.38822078704834,4.480895042419434,10.67041015625,-2.9880857467651367,90.21241760253906,21.74063491821289,18.994417190551758,9.056286811828613,8.675765991210938,5.10264253616333,3.5732245445251465,2.8006386756896973,4.586483955383301,2.270739793777466,2.992849588394165,2.204684019088745,4.009943962097168,1109.9921889275097,256.33623836093557,0.032965959821428574,0.011288671941802927,bass,synthetic
-452.2231750488281,37.61592483520508,-33.100257873535156,-13.1978120803833,4.372262954711914,11.562280654907227,9.38735294342041,-11.992383003234863,-12.10350513458252,22.490882873535156,17.589324951171875,-8.969253540039062,-3.5639395713806152,102.10176086425781,56.8524169921875,37.07970428466797,30.68633270263672,14.867546081542969,18.43998146057129,10.156316757202148,9.619842529296875,12.505032539367676,11.362606048583984,9.701539993286133,9.367996215820312,4.817846298217773,1190.283328003019,507.3230698171413,0.11316547197164949,0.0887188083742665,bass,synthetic
-218.29931640625,10.140913963317871,-51.53042221069336,-19.596378326416016,-19.767873764038086,-15.661503791809082,-27.445173263549805,-16.328643798828125,4.849519729614258,-27.223514556884766,-28.42751693725586,30.485883712768555,0.490762859582901,65.88710021972656,10.68716049194336,8.373062133789062,5.355607032775879,5.572296142578125,6.241313457489014,5.488922119140625,4.930071830749512,5.790853023529053,4.54085636138916,5.71427059173584,5.280763626098633,3.557913303375244,3057.469978566902,211.69236957791483,0.3197490985576923,0.053804660755347254,string,acoustic
-444.00421142578125,-22.440404891967773,-83.1109390258789,-10.404288291931152,-4.151592254638672,13.348091125488281,20.943925857543945,9.110746383666992,-32.5161018371582,-20.992935180664062,15.04278564453125,29.06743621826172,-6.5958251953125,48.337215423583984,7.412511825561523,14.683176040649414,5.892898082733154,5.261404037475586,4.195451259613037,4.7760796546936035,4.966299533843994,6.08367395401001,4.128350734710693,2.8908329010009766,3.613342046737671,3.3361568450927734,2044.0866603668262,175.33637680514065,0.1688427734375,0.0357293307835375,brass,acoustic
-327.8471984863281,90.25699615478516,-48.531673431396484,25.36020278930664,-10.15552043914795,-14.10597038269043,-3.7779486179351807,2.3857996463775635,-9.936768531799316,-11.517911911010742,-12.963515281677246,-2.4730212688446045,-5.664515018463135,143.91744995117188,9.462125778198242,30.471710205078125,10.327407836914062,16.76605796813965,5.907970905303955,9.844972610473633,4.329818248748779,7.20236349105835,4.49292516708374,5.979485988616943,5.195487976074219,5.408481597900391,1449.0537415252506,189.26177223538102,0.07245463709677419,0.027013993672451494,string,acoustic
-286.5126953125,-34.39970397949219,-37.068729400634766,22.039119720458984,13.990320205688477,-37.073486328125,28.986724853515625,-6.308793067932129,-6.924920558929443,0.9484273791313171,14.767497062683105,-17.02277183532715,4.447116851806641,49.78999710083008,3.6485910415649414,5.4506001472473145,2.9863579273223877,2.667193651199341,3.5111865997314453,2.9624457359313965,2.31337833404541,2.8680155277252197,2.210933208465576,2.772836208343506,3.2836427688598633,3.363309144973755,3273.151173411529,67.5251876294905,0.3087133290816326,0.024246079979442524,flute,synthetic
-479.93585205078125,112.8054428100586,-5.108745574951172,-29.26035499572754,-3.1530468463897705,31.218740463256836,44.1176872253418,20.43092155456543,-12.338762283325195,-21.803577423095703,1.120132327079773,23.264326095581055,13.622328758239746,126.88941955566406,91.64461517333984,15.223160743713379,23.19270896911621,10.796225547790527,4.9577860832214355,11.45048999786377,6.186013698577881,11.267229080200195,15.592592239379883,6.618303298950195,3.7470176219940186,6.593367576599121,838.2632827878014,76.12583657777598,0.10232979910714286,0.02725248983722049,bass,synthetic
-444.99664306640625,88.82218170166016,66.25471496582031,54.698997497558594,43.62434387207031,36.03656005859375,28.6185245513916,23.400619506835938,18.261144638061523,14.838228225708008,11.373174667358398,9.258492469787598,7.022110939025879,95.2177963256836,53.22237014770508,30.90105628967285,19.032739639282227,15.582144737243652,11.92436408996582,11.553544044494629,9.811294555664062,9.495983123779297,8.09485149383545,7.5182342529296875,6.274146556854248,5.545905590057373,128.59319958768063,171.00789856384696,0.007897755456349206,0.003881505364807337,bass,synthetic
-171.44090270996094,10.66945743560791,-58.70988845825195,30.137208938598633,-38.67774200439453,-9.516613006591797,-34.199012756347656,0.34292346239089966,-15.029422760009766,-1.9357402324676514,-2.6988086700439453,8.902817726135254,2.9160728454589844,51.671142578125,14.569172859191895,7.986130714416504,9.738919258117676,4.933175086975098,5.241140842437744,7.083292007446289,5.01016902923584,5.391699314117432,4.471182346343994,4.543145656585693,4.237259864807129,6.680192947387695,1974.0724475411334,94.34340676742667,0.11602239325495049,0.020358548440536407,string,acoustic
-457.687744140625,48.29134750366211,33.82462692260742,30.373743057250977,18.43042755126953,14.013147354125977,3.218402147293091,-3.7106001377105713,-7.800750255584717,-7.14927339553833,-10.348624229431152,-14.128656387329102,-15.064873695373535,70.13380432128906,26.683107376098633,11.527772903442383,15.749101638793945,4.209235191345215,7.786683082580566,6.801074981689453,8.826238632202148,7.824146747589111,7.7178544998168945,6.785712242126465,4.178376197814941,3.9776597023010254,363.288300987789,194.5925639109753,0.025598596643518517,0.0023086784408015474,bass,electronic
-385.7470703125,212.5531768798828,82.65169525146484,16.442567825317383,6.643490314483643,-0.6073771119117737,-9.750883102416992,-6.154106140136719,0.8307788372039795,-4.339155197143555,-14.267666816711426,-13.739455223083496,-4.802332401275635,64.52333068847656,50.782005310058594,13.644766807556152,13.372428894042969,4.56174898147583,4.279365062713623,8.280271530151367,6.069787502288818,3.5131444931030273,3.3565666675567627,5.49471378326416,4.475196838378906,3.0337178707122803,336.37225178609435,50.423277421574866,0.02594549005681818,0.008123012185581006,brass,acoustic
-332.5352783203125,169.4645233154297,-16.63037109375,19.461946487426758,5.628393650054932,-6.651345252990723,-12.360626220703125,-9.57630443572998,-7.61747407913208,-8.74910831451416,-10.792707443237305,-8.611149787902832,-8.042837142944336,126.82050323486328,30.20599365234375,36.033138275146484,12.177111625671387,14.39317512512207,9.805608749389648,9.740364074707031,7.57396125793457,6.9699602127075195,5.816697597503662,4.953790187835693,5.5484395027160645,6.659947872161865,669.6794508530222,129.52623901419912,0.03917275705645161,0.015712718076320752,brass,acoustic
-249.6143035888672,-4.200399398803711,-27.8978214263916,-16.324817657470703,-32.4919319152832,-14.53510856628418,-0.745812714099884,7.255141258239746,-19.26888656616211,-37.12823486328125,-19.097410202026367,31.346389770507812,15.823697090148926,35.223899841308594,11.722755432128906,4.650412082672119,3.4097635746002197,4.063612461090088,4.559300422668457,4.732537746429443,3.498656988143921,3.4539737701416016,2.9278697967529297,3.3851418495178223,3.417999267578125,3.285109758377075,2854.3565930419763,268.1779809346197,0.20915192248774508,0.05124415326885605,string,acoustic
-288.91168212890625,126.29022979736328,-71.77046966552734,-22.926082611083984,-10.717129707336426,-8.863991737365723,-9.357723236083984,-12.02810001373291,-9.170225143432617,-7.008877754211426,-13.784475326538086,-4.681748390197754,-14.110603332519531,57.67655944824219,15.543509483337402,19.450960159301758,7.421464920043945,9.447507858276367,6.6349101066589355,4.808513641357422,4.076848983764648,4.301187992095947,4.67296028137207,3.2434794902801514,3.591200828552246,4.14646053314209,924.4274646974376,70.71600898280279,0.06518308080808081,0.006830430223093731,brass,acoustic
-233.16354370117188,35.5791015625,-45.5747184753418,32.88416290283203,0.4627991020679474,-6.858215808868408,-11.239445686340332,-21.2314453125,-38.57381820678711,-25.283559799194336,-10.252248764038086,11.808972358703613,3.09250807762146,48.70956039428711,6.584408283233643,10.709197044372559,6.152029514312744,2.6167893409729004,2.549570322036743,3.052541494369507,4.259180545806885,4.9872822761535645,4.23298454284668,2.5305581092834473,3.1290383338928223,2.841326951980591,1233.1101464253918,199.7119398570831,0.04976523042929293,0.007004605989274317,flute,synthetic
-349.1585693359375,-1.3435221910476685,-54.311500549316406,-16.77546501159668,-34.40522003173828,-7.316090106964111,-18.206974029541016,-4.278448581695557,-12.969270706176758,-0.340642511844635,-6.0047478675842285,-1.9800605773925781,-7.12497615814209,122.71025848388672,18.023303985595703,5.629216194152832,9.220248222351074,13.507562637329102,5.562917232513428,5.773362159729004,9.34595775604248,7.545706272125244,6.459876537322998,8.59563159942627,6.234474182128906,5.6367573738098145,2310.542197308741,236.14018393581983,0.18229166666666666,0.05047095284445857,brass,acoustic
-452.69464111328125,118.138671875,47.47499084472656,34.71773910522461,15.590270042419434,5.815163612365723,0.6947812438011169,-3.4522714614868164,-5.196926116943359,-10.036989212036133,-13.135393142700195,-11.802521705627441,-10.441424369812012,101.00690460205078,46.488441467285156,24.288949966430664,7.865784645080566,8.583495140075684,5.2369794845581055,3.43294095993042,4.110897064208984,3.909205913543701,4.528750419616699,6.097900390625,3.2525713443756104,2.7413957118988037,322.6472954894666,129.30007353870414,0.02030304939516129,0.0027391360793460576,string,acoustic
-311.39752197265625,63.22732925415039,-53.684120178222656,36.52799987792969,3.2887909412384033,-11.210501670837402,-12.078129768371582,-8.943563461303711,-8.140379905700684,-9.466150283813477,-11.285743713378906,-16.982685089111328,-17.070903778076172,41.73991775512695,9.769186019897461,15.33800220489502,10.69694709777832,9.361279487609863,8.445289611816406,7.130075454711914,6.7541422843933105,5.500231742858887,5.083028316497803,5.658665180206299,6.044980049133301,6.493605136871338,890.9609096228817,128.69959509760034,0.05294828869047619,0.01793413307531545,flute,acoustic
81.48309326171875,88.489013671875,4.775268077850342,24.008527755737305,4.34404182434082,12.019814491271973,-5.417868137359619,-0.4103046655654907,-12.19183349609375,-1.5802398920059204,-8.977723121643066,1.9050253629684448,-2.5227324962615967,63.68376541137695,5.6130900382995605,5.019835948944092,4.20974063873291,6.766083717346191,5.343749523162842,7.037654399871826,7.275996685028076,6.178740978240967,6.222073078155518,5.488131046295166,4.905627727508545,8.871037483215332,1674.9884684020726,143.3928639666818,0.02783203125,0.007751224544134543,bass,synthetic
-228.52590942382812,7.837177276611328,-40.293556213378906,-3.253493070602417,-36.701725006103516,-18.5709228515625,-24.485706329345703,-11.873196601867676,-31.687164306640625,-21.389068603515625,-7.321704387664795,21.363224029541016,23.85934066772461,44.573707580566406,9.00270938873291,5.265183448791504,4.430233478546143,4.708171844482422,4.454501628875732,4.448287010192871,3.1533257961273193,4.272942066192627,4.684497356414795,4.796693801879883,3.631415605545044,5.398347854614258,2151.107141139073,197.7849402832889,0.13709214154411764,0.04590715405457295,string,acoustic
-479.1470031738281,46.81490707397461,30.690977096557617,22.58824920654297,13.907814979553223,9.320068359375,4.1423540115356445,-0.13557834923267365,-2.284871816635132,-4.124418258666992,-6.011579513549805,-8.176292419433594,-11.353631973266602,77.52324676513672,36.83671951293945,14.776579856872559,8.628764152526855,10.581558227539062,8.7232084274292,8.183019638061523,7.273499965667725,5.074575424194336,3.7917683124542236,3.965634822845459,4.858727931976318,3.5974647998809814,249.3530212286522,106.29639528349138,0.023251953125,0.0030224412168682172,bass,synthetic
-426.0387268066406,-14.212055206298828,-42.97340774536133,12.521910667419434,20.714784622192383,-6.06984281539917,-27.916122436523438,18.30061912536621,-1.8219358921051025,-13.447914123535156,16.59265899658203,24.357091903686523,-17.882884979248047,22.761119842529297,8.559331893920898,6.795389652252197,5.173017978668213,4.425854206085205,4.291808605194092,6.487927436828613,4.83690881729126,3.629302501678467,5.096153259277344,3.9094717502593994,4.1216044425964355,3.819504499435425,2373.1433714485916,108.62147628369287,0.25790824142156865,0.02017920753987789,flute,acoustic
-355.75335693359375,145.7184600830078,0.5883934497833252,-29.943519592285156,-24.539945602416992,-18.525850296020508,-13.114205360412598,-18.61951446533203,-20.369842529296875,-13.817207336425781,-11.40550422668457,-13.080028533935547,-14.243216514587402,37.684913635253906,17.37884521484375,9.570258140563965,8.985426902770996,6.069870471954346,5.987310409545898,4.484649658203125,5.526401519775391,6.233587265014648,6.328009128570557,5.229568004608154,3.206834554672241,3.004427433013916,492.73397954099414,63.354984128560176,0.0378564453125,0.011533251704954313,brass,acoustic
-366.4359436035156,-26.573484420776367,-57.154571533203125,-14.143783569335938,5.220730304718018,20.280445098876953,-6.921095371246338,-17.16185760498047,-3.6204307079315186,38.17386245727539,8.657970428466797,-42.36810302734375,-27.752687454223633,17.164329528808594,8.782123565673828,5.519733428955078,5.482246398925781,3.9444074630737305,5.154536247253418,2.6065778732299805,4.521754264831543,3.4639458656311035,3.651674509048462,4.193021774291992,4.129194736480713,2.943387269973755,1674.460882620892,61.547411153860445,0.1713917012117347,0.013867197131228378,flute,acoustic
-329.35870361328125,-52.16067123413086,-32.55068588256836,11.69462776184082,-4.639410018920898,16.31699562072754,-7.7418341636657715,7.845270156860352,37.68075942993164,39.50524139404297,-25.940994262695312,-17.20705795288086,8.119720458984375,36.36806106567383,11.18985652923584,4.92758321762085,4.018825531005859,5.767889022827148,3.555826187133789,3.3863327503204346,5.851587772369385,4.951981067657471,4.7682785987854,4.351614475250244,3.777520179748535,3.268153429031372,2605.072874326221,139.40760356391638,0.22165598452669902,0.027925014361314494,flute,acoustic
-565.9165649414062,37.97773742675781,0.01292912196367979,-10.24987506866455,-11.295435905456543,-12.447602272033691,-15.231582641601562,-18.464786529541016,-16.253353118896484,-6.029247283935547,7.857335567474365,25.175308227539062,33.82199478149414,70.35267639160156,37.74176788330078,8.211102485656738,8.108017921447754,6.949583053588867,7.564879417419434,7.093077659606934,6.241226673126221,4.963743686676025,3.9640002250671387,5.74212646484375,7.348861217498779,8.933755874633789,621.1040384014285,52.26358313252637,0.06417338053385417,0.005865197908797163,bass,synthetic
-351.0717468261719,84.55375671386719,-14.422880172729492,-4.384457588195801,-1.1837953329086304,-7.828223705291748,-14.864477157592773,-18.270856857299805,-14.964814186096191,-8.093101501464844,-14.670782089233398,-17.660736083984375,-8.102994918823242,33.603084564208984,11.134804725646973,13.911209106445312,5.5993452072143555,4.801157474517822,3.699678897857666,4.228768825531006,4.60175895690918,4.47434139251709,3.1288113594055176,4.170624256134033,4.59067964553833,4.520125389099121,672.842740604723,62.24310295668521,0.051197193287037035,0.0038919908104568216,flute,acoustic
-309.443115234375,87.4828109741211,-46.47049331665039,-23.73496437072754,-30.110633850097656,-22.36467742919922,-25.903278350830078,-18.324949264526367,-12.742825508117676,-14.226133346557617,-13.338216781616211,-8.228887557983398,-3.3211424350738525,31.618759155273438,18.253637313842773,16.53919792175293,7.051237106323242,6.765830993652344,5.127800464630127,6.0952324867248535,5.089603900909424,5.087292671203613,4.107613563537598,4.125061511993408,4.076823711395264,3.9425551891326904,871.8689219199572,136.65663742003676,0.07047678154205607,0.02150644873386044,brass,acoustic
-444.71826171875,-44.027774810791016,-11.18089771270752,19.779876708984375,-7.77343225479126,-14.050500869750977,-3.9370272159576416,22.613248825073242,-9.169319152832031,4.6359405517578125,20.8015079498291,-32.70682907104492,-2.3420612812042236,41.5419921875,7.646007537841797,13.45263385772705,8.99718952178955,3.9414021968841553,6.687130451202393,2.4059340953826904,5.146339416503906,3.7333953380584717,2.324397325515747,3.3721981048583984,4.501376152038574,2.6271426677703857,2819.01616886524,214.22292128954888,0.3102196762242268,0.0385888855316646,bass,synthetic
-293.19281005859375,-37.25509262084961,-41.54866027832031,-4.360433578491211,-33.789451599121094,-0.30373841524124146,31.71245574951172,60.804405212402344,31.161279678344727,0.16097697615623474,-37.09418869018555,-1.4607000350952148,25.653154373168945,34.38787078857422,12.608882904052734,6.089889049530029,4.510223865509033,5.996291160583496,4.205906867980957,5.403682708740234,6.407482147216797,3.86147141456604,3.6674716472625732,3.9300355911254883,5.006004333496094,3.377537727355957,1898.530450323791,229.33020431591675,0.11793619791666667,0.01852873374106995,flute,acoustic
-206.6905059814453,98.97209167480469,-53.1225700378418,32.830997467041016,-1.197928786277771,-4.278283596038818,-5.182120323181152,2.1474897861480713,-14.367293357849121,-8.423983573913574,-10.566726684570312,-2.510265350341797,-12.430253982543945,92.86034393310547,12.095824241638184,24.30994987487793,7.246685028076172,10.020899772644043,5.283934116363525,5.906271457672119,5.3037824630737305,6.8291544914245605,4.541433334350586,4.39687967300415,3.4336209297180176,4.849635124206543,1132.2550892188517,197.4390335593204,0.06641504786036036,0.020156020971082454,string,acoustic
-416.183349609375,28.47751808166504,-41.90174865722656,-42.182464599609375,-15.07075023651123,15.668728828430176,16.126848220825195,-0.14489410817623138,-17.19378089904785,-7.201852321624756,11.6118803024292,2.605652093887329,-19.22922706604004,66.89276885986328,11.257558822631836,19.78946876525879,15.579577445983887,12.356544494628906,5.898967266082764,8.324263572692871,6.7226176261901855,4.5164971351623535,6.541499137878418,9.914772033691406,5.8648176193237305,7.21360969543457,1433.278820030043,210.63414704559608,0.13804117838541666,0.021429965934778753,flute,acoustic
-269.1954650878906,93.7443618774414,-69.01942443847656,11.3428955078125,-6.576385974884033,-3.5070316791534424,-10.574856758117676,-11.016213417053223,-9.069124221801758,-11.98458480834961,-1.3424012660980225,5.441787242889404,2.622689723968506,50.85682678222656,19.46780014038086,13.206109046936035,9.847999572753906,10.618680953979492,4.643966197967529,6.849939346313477,4.417337417602539,5.804077625274658,5.697667121887207,6.0560994148254395,4.256432056427002,4.3177490234375,1002.8316369648516,154.1105639575017,0.0750277650122549,0.017585502867763753,brass,acoustic
-141.76541137695312,37.84290313720703,-67.30592346191406,8.839425086975098,-49.69240951538086,-24.62068748474121,-36.21994400024414,-17.30323600769043,-22.227073669433594,-29.11207389831543,-22.076492309570312,-11.946630477905273,-15.506813049316406,62.50162124633789,9.833486557006836,14.257710456848145,5.56455135345459,7.803529739379883,4.830611228942871,5.0867204666137695,4.049507141113281,4.7081451416015625,5.025981426239014,4.541835308074951,4.916534900665283,5.03054141998291,1915.2216793781527,171.7859299499217,0.14186703580097088,0.028874026160373947,string,acoustic
-337.55657958984375,240.99440002441406,93.509521484375,15.005413055419922,7.821208477020264,5.620351791381836,-4.789974689483643,-6.146823883056641,-3.933687925338745,-6.92628288269043,-9.260421752929688,-8.327274322509766,-8.401887893676758,35.09611511230469,29.372066497802734,9.114480018615723,10.884417533874512,4.260490894317627,4.419050693511963,3.342280149459839,3.104323148727417,3.530841112136841,4.192910671234131,4.473413944244385,3.3499038219451904,3.7672438621520996,285.3620201563699,33.23305262939394,0.02814234082943925,0.0035117900040384613,brass,acoustic
-312.57403564453125,152.34722900390625,-25.912935256958008,-16.943906784057617,-10.739323616027832,-9.627076148986816,-12.465181350708008,0.5848970413208008,-4.255009174346924,-4.108647346496582,-7.9640655517578125,-9.218490600585938,-2.7043538093566895,96.22881317138672,20.15370750427246,33.86750030517578,11.807597160339355,8.129263877868652,3.9862442016601562,7.277724742889404,4.074306964874268,4.85356330871582,5.669255256652832,4.591460227966309,4.675576686859131,4.527070999145508,612.966113680439,197.74969742143097,0.036489633413461536,0.020131922477810545,brass,acoustic
-470.40020751953125,156.48455810546875,26.3107967376709,28.918996810913086,3.750372886657715,-6.588802814483643,-8.762518882751465,1.6322559118270874,11.857635498046875,11.512880325317383,13.32978343963623,15.848323822021484,8.871393203735352,181.112548828125,113.54153442382812,26.647048950195312,16.57516860961914,4.339565753936768,4.681502819061279,6.012804985046387,1.4324754476547241,7.062404632568359,12.241061210632324,13.960363388061523,10.987198829650879,6.550276279449463,820.7529962384506,873.5574131959256,0.0203857421875,0.0035943437168787736,bass,synthetic
-148.7406463623047,-42.47242736816406,-21.17868423461914,9.409478187561035,-15.103039741516113,-11.206073760986328,-6.824212074279785,0.5361083149909973,-16.418148040771484,12.03232192993164,-3.1347994804382324,-5.689630508422852,-5.0995941162109375,69.08738708496094,4.470466613769531,2.0719521045684814,1.7357468605041504,2.530758857727051,1.6639868021011353,2.6614904403686523,1.505582571029663,1.7109816074371338,1.3393452167510986,1.7145739793777466,1.795621395111084,1.6445001363754272,3737.238439363185,17.774327171536864,0.38255931712962965,0.031263594424197405,bass,synthetic
-300.30145263671875,-4.063613414764404,-48.2435188293457,-6.351811408996582,-19.231279373168945,7.965786457061768,-7.5348286628723145,-19.393407821655273,-23.688678741455078,11.262993812561035,-2.028373956680298,-23.375205993652344,-0.3497900068759918,141.1387176513672,16.834312438964844,29.014965057373047,7.958586692810059,15.039359092712402,12.75167179107666,14.165081977844238,8.082180976867676,12.113869667053223,12.95262336730957,8.434861183166504,6.581524848937988,7.996518611907959,2863.40817935022,148.10013095230462,0.24644886363636365,0.07067809674129222,string,acoustic
-397.6529235839844,-4.631241798400879,-32.78410339355469,21.301069259643555,45.455482482910156,41.04383850097656,-22.488000869750977,-20.30617332458496,33.62176513671875,40.414485931396484,-33.32795715332031,-5.594595909118652,34.76769256591797,35.11244201660156,13.123974800109863,10.05005168914795,7.663948059082031,6.848498344421387,7.181046009063721,4.5061774253845215,3.0184707641601562,3.7627458572387695,6.256417274475098,4.791286468505859,2.730851411819458,5.604651927947998,1640.7600838906876,61.46225515308108,0.1998681640625,0.016985739701373615,bass,synthetic
-257.8337707519531,132.39710998535156,-36.2451286315918,-6.610415458679199,-6.442376613616943,2.911815881729126,-23.156545639038086,-18.045318603515625,-12.129908561706543,-24.628652572631836,-10.822578430175781,-9.303756713867188,-8.064455032348633,50.77528762817383,23.99895477294922,19.833885192871094,13.226605415344238,10.706555366516113,4.369915962219238,6.37877893447876,4.784501552581787,4.118333339691162,6.08289098739624,4.844723224639893,4.338544845581055,2.8919100761413574,695.0157241523129,76.31357718177583,0.062495165532178217,0.00950606854947908,brass,acoustic
-383.5033874511719,118.51471710205078,-10.540600776672363,-2.3891735076904297,-9.917912483215332,-21.787084579467773,-16.28936004638672,-14.686853408813477,-12.418692588806152,-9.617209434509277,-8.066197395324707,-8.943324089050293,-7.879138946533203,96.33692169189453,38.299705505371094,33.6308479309082,10.039363861083984,6.5838189125061035,7.617130756378174,3.495570421218872,5.5333638191223145,5.092936038970947,5.120819568634033,4.5822296142578125,3.6362671852111816,2.8074400424957275,633.5230944122712,105.7372448432029,0.05041956018518518,0.016420578174120574,brass,acoustic
-427.507080078125,-39.351844787597656,-40.48130798339844,16.041667938232422,6.617051601409912,3.476052761077881,3.9552974700927734,11.516522407531738,-38.58232116699219,0.8029578328132629,47.824432373046875,-27.359325408935547,-7.835503101348877,23.219051361083984,12.38408374786377,11.32292366027832,4.506296634674072,3.6533446311950684,5.490939617156982,2.1035847663879395,3.5800130367279053,5.860856056213379,2.501054525375366,7.846480369567871,4.6405930519104,2.6488311290740967,2658.4568265345383,81.43128339271786,0.287490234375,0.029882380064783692,flute,acoustic
-471.63116455078125,-16.649948120117188,-14.455523490905762,24.845558166503906,-8.29002857208252,-15.079883575439453,19.028711318969727,1.615119218826294,-22.57982635498047,17.6204776763916,9.154746055603027,-28.34720230102539,20.117971420288086,16.290130615234375,3.7584781646728516,4.325347900390625,4.20302152633667,1.1185307502746582,2.9390530586242676,3.4456772804260254,1.0109307765960693,3.213179349899292,2.184450387954712,2.253943681716919,3.7284433841705322,2.6238300800323486,2687.213568901332,33.655765558301376,0.32447522095959597,0.025676721921399387,flute,synthetic
-91.0495376586914,2.763944625854492,-50.81024169921875,0.7209149599075317,-28.096006393432617,5.144132137298584,1.6115485429763794,-5.72556209564209,-1.7988959550857544,3.4160420894622803,3.06193470954895,36.850215911865234,13.482431411743164,55.48954772949219,13.779261589050293,7.555985927581787,3.837343215942383,3.4428420066833496,3.7572827339172363,4.294939041137695,4.614954948425293,5.693539619445801,4.987934112548828,2.999354124069214,5.162545680999756,4.909785747528076,2259.7230580214914,161.0633298378178,0.0813735650510204,0.012491912958515013,flute,acoustic
-372.0465393066406,90.7625961303711,34.56566619873047,14.009772300720215,-3.2252132892608643,-6.628697395324707,-8.39753246307373,-9.56668758392334,-7.69102144241333,-6.841268062591553,-6.725783824920654,-8.056803703308105,-9.89451789855957,65.5475082397461,38.69953536987305,9.568947792053223,16.751407623291016,13.233019828796387,10.939675331115723,7.652627468109131,5.922092914581299,6.62941312789917,5.797743797302246,5.15123176574707,4.4392008781433105,3.793100357055664,391.9109324275749,96.85010974764936,0.035293970352564104,0.010331977713085203,bass,synthetic
-397.9689636230469,-19.786466598510742,-21.870820999145508,-5.830948829650879,-27.97634506225586,-13.136556625366211,-17.443214416503906,13.342923164367676,18.226343154907227,16.00925064086914,-20.710620880126953,-38.08748245239258,-26.108579635620117,43.65561294555664,30.450220108032227,15.346434593200684,8.80528736114502,7.121027946472168,4.745424747467041,4.019318103790283,4.868011951446533,5.292196273803711,4.187448978424072,2.4731624126434326,5.910998821258545,4.827786445617676,2054.6424382345554,581.303176313055,0.09754425888761468,0.0067303732921816795,bass,synthetic
-368.6219177246094,37.258506774902344,-23.425498962402344,-16.575725555419922,-21.4686336517334,-34.33799743652344,-30.101911544799805,-3.370124340057373,25.759765625,31.827816009521484,38.61640167236328,26.782413482666016,-31.40817642211914,30.478607177734375,13.644489288330078,6.849878311157227,6.943323612213135,5.396773815155029,6.498220443725586,5.157740592956543,2.583488941192627,4.419236660003662,5.059658527374268,6.25661039352417,4.576972484588623,5.074535369873047,825.3322130250957,50.19369693087173,0.08034219547193877,0.009264266944221633,flute,synthetic
-250.41024780273438,254.04714965820312,16.381486892700195,-16.28838539123535,46.99921417236328,29.346172332763672,-8.36990737915039,5.798774719238281,16.762422561645508,3.0567500591278076,0.9684871435165405,6.42351770401001,3.0803918838500977,41.82119369506836,30.5925350189209,9.87048625946045,9.218060493469238,5.5266876220703125,5.023249626159668,6.3778533935546875,3.3557004928588867,2.9390335083007812,2.988102436065674,2.4123857021331787,2.5653414726257324,2.5831522941589355,289.9365368081317,34.44909758695475,0.011082069546568627,0.0010999122700374824,bass,synthetic
-332.598876953125,102.1212158203125,27.8239803314209,44.623329162597656,35.924930572509766,34.81211853027344,22.288423538208008,22.62898826599121,13.557527542114258,11.18903636932373,0.31391486525535583,-2.7414329051971436,-11.706997871398926,109.93479919433594,20.0665283203125,9.94587516784668,6.954174041748047,6.145414352416992,11.103946685791016,13.164602279663086,5.296741962432861,4.222922325134277,2.799745798110962,2.685049295425415,3.9596569538116455,3.8576974868774414,525.7806373963537,34.42947149948856,0.013491981907894737,0.0018657908324873204,bass,synthetic
-437.1258239746094,45.07072448730469,43.58479690551758,41.31949234008789,38.53129196166992,35.48347854614258,32.395755767822266,29.418230056762695,26.630992889404297,24.06086540222168,21.703899383544922,19.544742584228516,17.568527221679688,5.796150207519531,7.9877777099609375,7.430349349975586,6.674726486206055,5.840339183807373,4.983885765075684,4.155340194702148,3.4328575134277344,2.8878347873687744,2.536525249481201,2.3391098976135254,2.24322247505188,2.2162392139434814,67.98918905316495,66.2944108264541,0.0067768712197580645,0.0005427102343012653,bass,synthetic
-200.3137664794922,192.98434448242188,-16.798519134521484,30.858863830566406,9.919371604919434,-10.268022537231445,3.873487710952759,8.443188667297363,0.8234506249427795,-2.7696940898895264,-11.17531967163086,-14.289761543273926,-10.698057174682617,51.327369689941406,18.454822540283203,15.2000150680542,9.012561798095703,5.693614482879639,6.453334331512451,3.997032880783081,3.651348829269409,5.252103328704834,4.7431721687316895,4.540223121643066,4.788183212280273,4.4591064453125,562.643716723202,80.83523929418803,0.02710658482142857,0.00901458004439366,string,acoustic
-357.8942565917969,29.573617935180664,-51.244972229003906,-44.1323127746582,-32.27597427368164,-33.08768081665039,-18.613269805908203,-5.094771862030029,-5.670377731323242,24.951688766479492,37.86302185058594,30.9008846282959,-7.056115627288818,35.62957000732422,13.458695411682129,11.450597763061523,7.191446781158447,5.109038829803467,6.767716407775879,3.149946689605713,3.7057204246520996,3.248725414276123,2.889786958694458,4.431945323944092,3.346162796020508,2.7335028648376465,1250.5905467079692,47.87875855635507,0.076669921875,0.006013983960926018,brass,acoustic
-544.6325073242188,62.76827621459961,23.273860931396484,24.2270450592041,1.317274808883667,-3.5100269317626953,-6.567577838897705,-9.592747688293457,-12.830082893371582,-10.14984130859375,-12.655909538269043,-16.12302589416504,-6.442083358764648,91.41687774658203,28.23061180114746,17.644851684570312,17.966354370117188,13.26419448852539,6.759488582611084,5.647214412689209,4.040126323699951,5.192995548248291,6.244714260101318,4.910921573638916,7.12132453918457,5.703170299530029,538.813453637528,191.18440728468687,0.04840959821428571,0.007888425010450935,bass,electronic
-378.7398376464844,49.4293212890625,-29.510286331176758,-25.30440902709961,-24.295013427734375,-23.02094078063965,-15.23949146270752,-2.9239370822906494,16.795467376708984,28.638193130493164,17.93998146057129,-9.541885375976562,-29.012388229370117,37.11954116821289,22.24439239501953,10.945439338684082,9.61375617980957,8.181447982788086,7.194563388824463,4.566068172454834,4.12729549407959,5.045105457305908,6.044434547424316,4.25165319442749,2.967839479446411,5.543555736541748,885.11640274633,141.67233578235962,0.09289928318298969,0.017671044138383496,bass,synthetic
-293.81463623046875,41.76823806762695,-57.527957916259766,16.34109878540039,-1.5259764194488525,-0.6122427582740784,-14.046147346496582,-4.007428169250488,-15.24384880065918,0.473395437002182,-8.107337951660156,-9.8915376663208,-16.25858497619629,39.521339416503906,9.621582984924316,9.653505325317383,6.145655155181885,7.039078235626221,5.213870048522949,6.158807754516602,4.3126630783081055,5.811965465545654,5.222960948944092,4.127403736114502,5.051945686340332,4.126607894897461,1218.6625784983319,116.18574599276603,0.1048037574404762,0.030276821813153703,flute,acoustic
-521.310546875,19.26205825805664,-49.2218017578125,-8.19138240814209,-2.2066969871520996,-13.06777572631836,-12.837762832641602,-18.213863372802734,0.08167135715484619,42.03602600097656,49.21200942993164,3.868824005126953,-35.353023529052734,56.08326721191406,14.550095558166504,14.672586441040039,11.06045913696289,9.3053560256958,6.440615177154541,3.2204430103302,5.218811511993408,7.321166038513184,6.397548675537109,6.549832820892334,5.4472808837890625,4.053772926330566,1333.1398132520687,86.47868364520646,0.16227706755050506,0.012684146097500194,bass,synthetic
-258.0565185546875,92.98145294189453,-69.09832000732422,1.186331033706665,-24.47747230529785,-5.171973705291748,-17.827919006347656,-3.394991159439087,-8.858933448791504,-2.3984384536743164,-7.067573547363281,-2.324208974838257,-7.172508239746094,121.05601501464844,16.987714767456055,11.527894020080566,7.355492115020752,11.554813385009766,3.2397823333740234,8.79938793182373,4.284420490264893,8.668435096740723,3.9556775093078613,8.106788635253906,3.7341837882995605,6.06932258605957,1416.521441768772,173.17042625716394,0.10700017755681818,0.024071322653116782,brass,acoustic
-481.3062744140625,3.6799957752227783,2.2849113941192627,18.409103393554688,17.393667221069336,5.7851996421813965,0.07100313156843185,21.993112564086914,16.40565299987793,-4.941344261169434,11.22568130493164,24.638198852539062,-0.014778724871575832,28.38751792907715,11.173016548156738,6.1938090324401855,11.350098609924316,6.152388572692871,2.72167706489563,7.975962162017822,9.119429588317871,6.007513523101807,9.372580528259277,2.0907132625579834,10.409852981567383,9.551982879638672,135.9313097797733,201.339613490978,9.371054292929292e-05,0.00042599476960403216,bass,synthetic
-203.66278076171875,26.0764102935791,-72.94442749023438,-9.83552074432373,-26.83479881286621,-6.496779441833496,-21.00680923461914,-10.726140022277832,-15.006093978881836,-3.6256585121154785,-8.585988998413086,-4.022805213928223,-10.09898567199707,119.44849395751953,72.67364501953125,32.08135223388672,7.1722588539123535,10.197953224182129,7.105772972106934,5.949215888977051,5.679981231689453,5.232949733734131,6.605454444885254,5.1852827072143555,4.156041622161865,4.46971321105957,2230.6630419685016,624.8728233074461,0.140576171875,0.02834677676491994,brass,acoustic
-471.67242431640625,94.59857177734375,73.17473602294922,62.039642333984375,49.93501663208008,38.165584564208984,28.52559471130371,21.306358337402344,15.977774620056152,12.070598602294922,10.227518081665039,8.857604026794434,8.189201354980469,66.61035919189453,39.16252899169922,26.74183464050293,13.196163177490234,11.047873497009277,11.380599975585938,9.32918930053711,6.499937057495117,4.866268634796143,4.833080291748047,3.730985641479492,3.3934082984924316,3.2979671955108643,116.86432160757096,130.74280634103613,0.008421593105670103,0.005121151797952954,bass,synthetic
-403.89605712890625,138.844482421875,51.98085403442383,1.6575943231582642,-14.259434700012207,-18.33531379699707,-16.08966064453125,-14.618011474609375,-14.940023422241211,-11.806525230407715,-9.399967193603516,-10.7970552444458,-10.174478530883789,54.85932922363281,45.376075744628906,9.781352043151855,9.40163803100586,6.1147074699401855,3.3391566276550293,3.041499137878418,3.6916141510009766,4.298685550689697,3.7929348945617676,3.380744457244873,4.033036708831787,3.987996816635132,449.7950627249053,76.90237610982005,0.0376953125,0.006964814721441189,brass,acoustic
-229.22178649902344,156.0792694091797,-97.00308227539062,-38.786556243896484,16.67300033569336,-22.711017608642578,-8.964547157287598,21.320371627807617,13.8580961227417,5.9307332038879395,-4.541985034942627,-26.965307235717773,-10.195505142211914,66.6230239868164,40.765724182128906,9.58806324005127,13.059486389160156,11.60190486907959,3.5382182598114014,3.6623549461364746,4.019097805023193,4.605225086212158,2.8827860355377197,3.0052261352539062,2.8186683654785156,3.1510331630706787,1151.9146433801786,49.87783457880376,0.10162404805672269,0.01242502545806635,bass,synthetic
-661.1254272460938,15.98313045501709,12.488101959228516,15.96367073059082,11.110912322998047,11.137246131896973,13.696351051330566,11.335529327392578,8.939901351928711,14.744739532470703,9.181868553161621,10.687628746032715,12.913177490234375,65.61845397949219,26.885225296020508,5.815731048583984,11.85309886932373,3.376985549926758,1.5375398397445679,1.809953212738037,2.747459650039673,6.606494903564453,1.4709796905517578,5.429044246673584,3.699719190597534,1.9172687530517578,268.7888072557911,122.18146977179384,0.0030658428485576925,0.006552189958662912,bass,synthetic
-303.9569091796875,-7.676534175872803,-54.25288772583008,9.576841354370117,15.36984920501709,-0.2134162336587906,-11.280715942382812,22.41119956970215,9.511652946472168,10.114636421203613,22.896116256713867,29.615341186523438,-9.82572078704834,39.1828498840332,5.648674011230469,6.148657321929932,5.3605427742004395,4.468377590179443,5.450089931488037,4.8880615234375,4.935102939605713,5.077108860015869,6.551543712615967,4.036895275115967,4.9277849197387695,3.6767258644104004,2554.647880112193,136.80733381408297,0.26091930912990197,0.021456372971841914,flute,acoustic
-342.7886962890625,83.264892578125,-84.9398193359375,-52.30222702026367,2.5227909088134766,1.420893907546997,-23.91778564453125,-38.7222900390625,-29.773801803588867,-12.769536972045898,6.316542625427246,19.20976448059082,24.73575782775879,33.860233306884766,15.949440956115723,24.00118064880371,11.175869941711426,7.135289192199707,7.554197311401367,5.670105457305908,8.377994537353516,6.451640605926514,4.445673942565918,5.659789085388184,6.717513084411621,4.337760925292969,1026.2822357515822,142.84289306562377,0.10340610397196262,0.04501469878168391,brass,acoustic
-227.52984619140625,197.91685485839844,-110.16587829589844,19.90704345703125,-7.430314540863037,-27.331890106201172,6.4239277839660645,-19.433032989501953,-8.538568496704102,1.0735290050506592,-7.2841596603393555,-3.3753654956817627,4.468446254730225,52.92274475097656,13.779130935668945,21.435348510742188,17.332698822021484,8.530658721923828,8.508056640625,3.2937533855438232,4.567915439605713,3.4989778995513916,3.322847604751587,3.2990190982818604,2.980365514755249,2.3768157958984375,945.7283617761811,116.33246527623977,0.0788525390625,0.01464314601692998,brass,acoustic
-483.8595886230469,67.64859008789062,34.382240295410156,32.320213317871094,16.01546859741211,6.597526550292969,0.7419260740280151,-8.856049537658691,-10.99023723602295,-8.676475524902344,-7.504859924316406,-9.610503196716309,-11.458403587341309,91.13037872314453,40.6240234375,22.498502731323242,14.166643142700195,3.9424026012420654,4.044567108154297,3.703038215637207,7.247252941131592,5.722801685333252,5.683313369750977,7.067574977874756,3.3867897987365723,1.324432373046875,390.94957227931087,156.58057263571396,0.026443142361111113,0.0042379706631875125,bass,electronic
-215.58038330078125,96.03744506835938,-20.938066482543945,24.533729553222656,10.114619255065918,15.926566123962402,-3.5224833488464355,10.110301971435547,-7.978811264038086,6.388476371765137,0.9937916398048401,9.068251609802246,-0.6791688203811646,89.36064147949219,11.299964904785156,18.172388076782227,7.675851345062256,6.73586368560791,4.63292121887207,5.852237701416016,5.167832851409912,5.584683895111084,5.015822410583496,6.190788269042969,5.198555946350098,5.724327564239502,1124.3293386554828,192.4519523390819,0.0687255859375,0.02132307699557649,string,acoustic
-228.1074676513672,195.58021545410156,-103.81533813476562,-50.588775634765625,37.188690185546875,-6.464776992797852,-18.256088256835938,-3.0176591873168945,-15.211649894714355,-20.446123123168945,-14.544504165649414,-2.4444758892059326,7.700230598449707,65.87210083007812,45.8005485534668,8.222904205322266,11.642837524414062,12.446678161621094,4.1739115715026855,4.438462257385254,4.629455089569092,3.3052563667297363,4.072883129119873,2.9013450145721436,3.039773941040039,2.3554201126098633,1147.9532716277997,70.82539472135497,0.13208835407838984,0.012707041914038403,bass,synthetic
-237.2966766357422,-48.9741096496582,-40.7893180847168,-34.09385681152344,-52.64908218383789,-22.697830200195312,-33.23728942871094,-8.357202529907227,-13.89841079711914,-20.172365188598633,-17.11986541748047,2.74607515335083,-12.824847221374512,52.01398849487305,21.029268264770508,7.8218770027160645,4.433666706085205,4.054718017578125,3.9388394355773926,3.320373773574829,3.1281518936157227,3.6811654567718506,2.9539968967437744,2.861156702041626,2.7829835414886475,2.0227622985839844,2648.604259820618,165.61449203620285,0.0912451171875,0.007589799206456236,brass,acoustic
-210.48007202148438,-57.3509521484375,-23.039403915405273,10.958778381347656,-48.042816162109375,35.82754135131836,-6.27942419052124,49.3273811340332,-19.237289428710938,-42.13138198852539,-21.993003845214844,33.97301483154297,15.198190689086914,48.99363327026367,10.001704216003418,9.763681411743164,7.364955425262451,7.369966983795166,6.14810848236084,5.375112056732178,6.364448547363281,4.361783504486084,6.28517484664917,5.827901363372803,5.442052364349365,4.531285762786865,3774.598936496515,145.85133738543593,0.4535025370489691,0.06677824816741318,string,electronic
-268.8234558105469,49.383914947509766,-116.27252197265625,15.656403541564941,-16.490175247192383,1.9952906370162964,-13.863280296325684,-0.44297459721565247,-20.578426361083984,-1.5873117446899414,-12.779486656188965,-1.3457118272781372,-4.069623947143555,54.32822036743164,24.239261627197266,14.596685409545898,6.52464485168457,11.199447631835938,4.895538806915283,8.682421684265137,3.68546986579895,5.398746490478516,5.2604217529296875,4.368810653686523,4.528196811676025,4.3546013832092285,1489.7918162969372,134.14287236315607,0.1461877555490654,0.020521254518160444,brass,acoustic
-487.4356384277344,49.17381286621094,36.408416748046875,26.54344367980957,18.728715896606445,13.14539623260498,10.121702194213867,8.015191078186035,5.7314019203186035,3.1239449977874756,0.9553670883178711,-0.358887642621994,-0.6573643088340759,40.2528190612793,31.594982147216797,7.8110575675964355,5.260336399078369,3.557687759399414,4.504607677459717,5.115849494934082,6.319637775421143,7.353321075439453,7.77578592300415,7.240163326263428,6.3828654289245605,5.861319065093994,107.02058873609133,104.30289122212716,0.009516398111979166,0.011986532874897877,bass,synthetic
-470.33856201171875,29.560277938842773,23.00702667236328,16.4415340423584,11.630962371826172,7.980547904968262,4.622871398925781,1.61216402053833,-0.5685214996337891,-1.7345737218856812,-2.1844582557678223,-2.4013278484344482,-2.52009654045105,33.46320724487305,38.65699005126953,21.465038299560547,9.848483085632324,5.008622169494629,3.361483573913574,3.9719901084899902,6.5460309982299805,7.951311111450195,7.386628150939941,6.645350933074951,6.65162467956543,6.669463634490967,533.9712257513467,265.9787360020465,0.021861912048969073,0.013103368694537328,bass,synthetic
-229.22366333007812,41.443477630615234,-14.343945503234863,22.65700340270996,-18.801240921020508,4.89809513092041,-4.515327453613281,-3.4381115436553955,-17.339004516601562,2.302715539932251,20.784805297851562,32.63215255737305,5.739408493041992,72.68003845214844,12.309264183044434,6.672353744506836,4.748579025268555,7.7477898597717285,3.625502824783325,5.6694231033325195,3.516789436340332,6.685247421264648,4.363041400909424,3.944204568862915,4.318962097167969,4.533227920532227,2089.155555383507,306.59185447274996,0.18136839740044247,0.04900397581307329,string,acoustic
-218.11358642578125,174.83494567871094,7.803188800811768,16.38886260986328,17.80347442626953,28.13079071044922,-0.04278378188610077,1.1887964010238647,-0.6854333281517029,1.0730760097503662,-3.4539718627929688,-5.116096019744873,-12.195878028869629,73.05180358886719,24.05965232849121,12.725835800170898,7.919837474822998,5.92323112487793,4.71478271484375,6.346773147583008,6.051135063171387,4.922142505645752,4.158299922943115,5.873118877410889,5.037818908691406,6.2087721824646,485.0340028482213,72.22782644449778,0.027140299479166668,0.007457472296276709,string,acoustic
-356.4525146484375,74.68557739257812,-23.466331481933594,-6.002974033355713,-23.91138458251953,-17.1835880279541,2.747021436691284,34.155792236328125,31.17437744140625,1.6789610385894775,-2.293595790863037,11.405722618103027,-12.905879020690918,91.06953430175781,36.24390411376953,34.79309844970703,25.70106315612793,12.584423065185547,11.076916694641113,5.606873035430908,6.713590621948242,5.349117755889893,4.526458740234375,3.786893129348755,4.271350383758545,3.6766090393066406,1721.7742255861858,705.3210332021629,0.1876171875,0.09619604406649458,bass,synthetic
-451.9756164550781,41.91741180419922,28.925071716308594,26.374835968017578,24.83901596069336,22.58265495300293,20.96417808532715,19.143856048583984,17.943038940429688,16.750530242919922,15.524632453918457,14.301864624023438,12.921157836914062,66.05400085449219,51.24935531616211,23.20506477355957,13.774971961975098,9.097992897033691,7.798027992248535,6.963936805725098,7.421392440795898,6.497063636779785,5.701539039611816,5.174642562866211,4.779411315917969,4.924707412719727,53.396530404146425,120.99089596821041,0.0022271603954081634,0.005138715479654833,bass,synthetic
-163.78436279296875,43.471282958984375,-47.2000617980957,82.79241180419922,-23.366783142089844,16.060134887695312,-9.515339851379395,2.806532144546509,-5.485424041748047,-0.34687015414237976,-3.4676549434661865,4.018516540527344,19.68573570251465,76.7690658569336,27.788267135620117,19.958148956298828,21.845195770263672,11.126969337463379,12.21801471710205,7.578082084655762,9.057218551635742,5.666474342346191,3.3440754413604736,4.111786842346191,3.8780922889709473,4.329094409942627,1857.0298890103222,357.8902324266402,0.1054501488095238,0.03539428370004823,bass,synthetic
-475.8817443847656,9.547208786010742,-4.874983310699463,2.440171957015991,15.420385360717773,24.12796401977539,19.135269165039062,-0.10966143012046814,-11.622065544128418,19.02117156982422,31.837432861328125,8.870078086853027,-5.782081127166748,39.4029541015625,18.231021881103516,5.765411853790283,3.374889850616455,6.512384414672852,8.635894775390625,6.923274517059326,2.820348024368286,11.534294128417969,5.3809733390808105,10.225372314453125,3.3479318618774414,7.187918186187744,143.61668083506316,168.77248821935996,0.00021208175505050506,0.0010888739689674301,bass,synthetic
-396.2601013183594,-2.856259822845459,-31.61284065246582,5.197990417480469,3.0018160343170166,45.44111633300781,49.0521240234375,7.8799591064453125,-26.254749298095703,2.1278645992279053,39.097999572753906,26.16219711303711,-17.344890594482422,32.157691955566406,12.807050704956055,7.6021223068237305,7.4562883377075195,3.7464656829833984,7.7350263595581055,8.878390312194824,4.7323126792907715,3.6889612674713135,4.385545253753662,5.018978595733643,3.7402517795562744,4.023068428039551,1540.6860663283644,97.09063756816036,0.14534818209134615,0.011112771121459423,flute,acoustic
-229.54055786132812,8.011624336242676,-19.42237663269043,10.927440643310547,-48.48008346557617,-2.959139823913574,-11.899869918823242,-4.782653331756592,-18.214675903320312,-16.56584930419922,-13.133222579956055,-20.981170654296875,-25.091861724853516,51.96272659301758,11.787230491638184,7.180914878845215,5.787259101867676,7.519054412841797,4.9880146980285645,4.780921459197998,8.566658973693848,4.205394744873047,3.390983819961548,5.034610271453857,5.506636142730713,4.674246311187744,1829.612701428901,75.48508133108193,0.11190609056122448,0.022382418218893245,string,acoustic
-334.8190002441406,149.34983825683594,42.412288665771484,6.662563800811768,11.745468139648438,15.94780445098877,12.223737716674805,10.90561580657959,10.83884334564209,6.321747779846191,0.8637774586677551,-0.6780940294265747,1.5174132585525513,32.37608337402344,23.786678314208984,11.045087814331055,11.980361938476562,7.951466083526611,4.491578102111816,4.659045219421387,2.8884541988372803,3.6807937622070312,4.242403507232666,4.733078956604004,4.6813483238220215,4.439700603485107,367.7851381087857,72.37903394439121,0.018607003348214284,0.002011497308505624,flute,acoustic
-295.7879333496094,17.18268585205078,-38.82360076904297,-18.021617889404297,-26.466646194458008,-30.569976806640625,-13.229066848754883,16.210512161254883,21.04819107055664,30.31207847595215,2.182569980621338,-20.130966186523438,-58.606224060058594,25.815221786499023,4.989086151123047,7.092438697814941,4.03241491317749,5.08431339263916,3.957737684249878,3.6735448837280273,2.9928579330444336,4.222892761230469,3.751570701599121,3.930152177810669,3.6571714878082275,6.2832441329956055,1347.8209354738456,70.11152185359776,0.09129379734848485,0.007368786222286822,flute,acoustic
-255.46560668945312,188.10020446777344,32.77553176879883,10.540875434875488,31.025470733642578,25.121278762817383,5.420573711395264,7.7531256675720215,-2.0639431476593018,-1.5926847457885742,11.113348007202148,8.357640266418457,-1.1048412322998047,35.744136810302734,20.030567169189453,7.51278829574585,6.9314188957214355,5.0769548416137695,4.584996223449707,5.576412677764893,5.070094108581543,4.039788722991943,4.205626010894775,4.118037223815918,3.833092451095581,3.954294443130493,334.99605281386107,57.03178991383665,0.014477776092233009,0.00370348774890351,string,acoustic
-350.64788818359375,38.203243255615234,-79.9170150756836,-9.745711326599121,-10.372831344604492,-40.23994445800781,-26.66301727294922,-15.135952949523926,-12.786005020141602,-1.299526333808899,23.59657859802246,51.708580017089844,45.01300048828125,25.84990882873535,5.633423805236816,15.94806957244873,3.847223997116089,4.7947540283203125,5.315288543701172,3.9403841495513916,2.846632480621338,4.1173787117004395,2.6889960765838623,3.8275439739227295,7.502346515655518,5.9598307609558105,1090.6778726532914,170.84727217297686,0.09808041351010101,0.03807092608776802,flute,acoustic
-301.4704895019531,134.2676239013672,-22.55414390563965,18.762784957885742,10.346203804016113,-15.969925880432129,7.273465633392334,5.490029811859131,-11.12944221496582,-8.030482292175293,-6.22901725769043,-9.501753807067871,-7.964189529418945,72.40751647949219,26.271944046020508,24.047332763671875,9.192989349365234,7.514575004577637,12.047185897827148,4.508714199066162,3.54904842376709,6.763777732849121,4.9757256507873535,5.2800774574279785,4.890214920043945,5.747016906738281,662.4829603284026,157.2089237867628,0.03395330255681818,0.01186463652553353,string,acoustic
-238.3907928466797,-9.929680824279785,-25.528297424316406,-18.232946395874023,-35.14424133300781,-23.34527587890625,-21.33116340637207,2.4752652645111084,1.6566981077194214,-0.40745776891708374,-25.284669876098633,-19.042043685913086,-3.295549154281616,46.041534423828125,9.795329093933105,6.158176898956299,5.664920806884766,5.0137176513671875,4.034603595733643,5.56663179397583,5.334324359893799,4.135222434997559,3.5890748500823975,4.061686992645264,3.149169445037842,3.476602077484131,2955.7045745492055,230.25467498775953,0.2321801046723301,0.058996143442667306,string,acoustic
-212.68263244628906,-33.52997970581055,-65.4355239868164,12.516114234924316,-38.37752914428711,-6.785930633544922,-24.635570526123047,-2.6185882091522217,-12.782690048217773,-3.289130449295044,-11.78773307800293,-3.830150604248047,-6.937853813171387,59.44810485839844,32.12697219848633,7.897488594055176,5.222428321838379,4.044127464294434,2.855131149291992,2.864596128463745,2.7941017150878906,2.6307382583618164,2.1016924381256104,3.102923631668091,1.772819995880127,3.3667941093444824,2215.584803318708,188.18279044814187,0.09674670649509803,0.014055284168151518,brass,acoustic
-354.33294677734375,40.314456939697266,-112.20049285888672,-19.191200256347656,-14.117755889892578,-1.2534313201904297,9.23291301727295,29.966758728027344,37.758487701416016,8.846343040466309,-19.23279571533203,-26.644895553588867,5.784964084625244,33.305484771728516,11.025369644165039,17.67855453491211,5.806755542755127,5.836647987365723,3.872318744659424,4.130399703979492,6.655744552612305,5.605062484741211,4.110748767852783,4.027535915374756,4.146811008453369,3.019515037536621,1508.8132758853521,203.46463660036596,0.16067837252475248,0.05541615778070322,brass,acoustic
-343.72857666015625,116.31404876708984,-15.313446044921875,-2.897519111633301,-16.423620223999023,-21.728782653808594,-19.592777252197266,-15.261651039123535,-18.981491088867188,-26.2751522064209,-27.440900802612305,-23.011016845703125,-7.068814754486084,76.96321105957031,17.33442497253418,21.978923797607422,6.870138645172119,12.360437393188477,8.992463111877441,11.38821792602539,8.761957168579102,7.91853141784668,6.9465651512146,6.349365234375,6.590303421020508,3.363187789916992,750.0205077226391,51.233764891875154,0.05015733506944445,0.006267450249232658,string,acoustic
-220.13137817382812,158.51324462890625,-46.4040412902832,20.18754005432129,-3.121198892593384,-16.25047492980957,6.717258453369141,13.747069358825684,2.585270881652832,1.7194125652313232,-5.41445779800415,-6.280571937561035,-13.707321166992188,94.56637573242188,30.44205665588379,25.659557342529297,6.437935829162598,9.935321807861328,10.216886520385742,4.580513954162598,3.799363136291504,4.126705169677734,5.658872127532959,3.7051539421081543,4.207453727722168,5.4681830406188965,756.2206214858946,160.72982489993157,0.047056995738636365,0.016364192688280096,string,acoustic
-228.22509765625,-2.4797284603118896,-34.48339080810547,-14.754950523376465,-35.85819625854492,-11.45939826965332,-2.185296058654785,19.50372314453125,-13.046988487243652,-25.858121871948242,-33.152427673339844,24.438709259033203,19.826589584350586,52.87645721435547,13.11130142211914,4.879849433898926,3.6921536922454834,5.089054584503174,3.2176616191864014,4.281111240386963,3.0589776039123535,4.355136394500732,3.9092371463775635,3.770231008529663,5.129251956939697,3.5625722408294678,2739.813567980828,240.98066527983744,0.19937518962378642,0.045659079737051356,string,acoustic
-382.7868957519531,90.67143249511719,76.778076171875,62.54682159423828,47.19457244873047,34.11316680908203,23.58526611328125,16.799726486206055,12.28162956237793,9.69095230102539,7.745279788970947,6.355135440826416,5.212854385375977,39.59248733520508,19.948381423950195,15.208385467529297,10.9993314743042,8.542911529541016,4.779328346252441,4.462387561798096,3.5838992595672607,4.1536946296691895,3.9867351055145264,3.6420042514801025,3.0876033306121826,2.6322405338287354,107.0164777218589,125.08247931404759,0.007197627314814815,0.0005919736437837423,bass,synthetic
-486.2696838378906,54.671722412109375,30.32972526550293,23.76995277404785,13.626907348632812,3.71962571144104,0.45463308691978455,-1.4097073078155518,-1.8999344110488892,-1.6928577423095703,-6.962619304656982,-13.263357162475586,-13.55915641784668,50.9515266418457,35.0871696472168,7.892106533050537,10.837127685546875,8.175458908081055,4.587697505950928,6.38118314743042,3.915412187576294,5.663039207458496,5.651952266693115,4.970663547515869,3.5729920864105225,7.406102657318115,291.7785218609499,111.05007918239434,0.02749820631377551,0.0025833619656899943,bass,electronic
-501.8211669921875,56.12260818481445,35.68791961669922,25.905771255493164,19.834993362426758,21.70043182373047,32.1777458190918,34.98246383666992,27.457950592041016,18.606124877929688,7.448775768280029,-1.1315124034881592,3.5304300785064697,36.93593215942383,27.894447326660156,6.578398704528809,3.9417824745178223,3.48280930519104,3.599358320236206,7.483884811401367,9.333944320678711,8.148447036743164,5.783968448638916,2.807103395462036,2.8687825202941895,1.287318468093872,221.51957271481797,43.59803914045621,0.014064513530927835,0.011152973528207556,bass,synthetic
-340.2577819824219,69.85054779052734,-18.976028442382812,4.430683135986328,-14.256414413452148,-10.696455001831055,-24.217050552368164,-5.875317096710205,17.017942428588867,34.93828582763672,17.85635757446289,-0.831156313419342,8.067439079284668,103.92611694335938,40.88615417480469,38.41610336303711,23.173763275146484,12.488862037658691,8.73690414428711,6.262955188751221,12.17751693725586,10.572644233703613,7.039212226867676,6.6636881828308105,4.299070358276367,2.772364854812622,1756.8820650037896,744.6635289559761,0.18259910300925927,0.09191958297293637,bass,synthetic
-340.9242858886719,173.11366271972656,31.938636779785156,-24.547731399536133,-26.730846405029297,-24.440019607543945,-21.777236938476562,-20.418256759643555,-15.627965927124023,-12.66646671295166,-16.939006805419922,-16.867462158203125,-15.251473426818848,27.357654571533203,24.04459571838379,5.807623863220215,10.206207275390625,4.2479400634765625,5.1587018966674805,3.3510756492614746,3.8631012439727783,3.316410779953003,2.80576229095459,3.1980020999908447,3.2179436683654785,3.786677360534668,420.01408173037123,16.734224330012633,0.042117883663366336,0.0049612994368109006,brass,acoustic
-342.3160400390625,108.9993667602539,-18.986719131469727,-4.782733917236328,-12.29794979095459,-21.757474899291992,-22.45714569091797,-19.68973731994629,-17.35979652404785,-21.994266510009766,-27.56507682800293,-27.997177124023438,-25.220291137695312,72.32561492919922,20.129350662231445,23.4315242767334,7.237008094787598,9.776437759399414,4.921894073486328,6.893643379211426,8.33521842956543,6.3221516609191895,5.023830413818359,6.7386794090271,7.788346767425537,5.693896770477295,776.8655631869381,123.12621110240998,0.046540912828947366,0.008297080722010823,string,acoustic
-313.48126220703125,91.07542419433594,-82.15949249267578,-18.96240997314453,-32.66431427001953,-22.80817985534668,-11.640213012695312,-18.147663116455078,-9.922904968261719,-13.832755088806152,-15.050060272216797,-17.990449905395508,-13.76026725769043,38.02164840698242,10.678234100341797,21.706815719604492,8.980764389038086,4.1381611824035645,3.645533800125122,3.508652687072754,3.122408866882324,3.3263607025146484,3.774033546447754,3.397744655609131,2.914407968521118,2.6407310962677,887.6683926620711,79.25938791275202,0.07692649147727272,0.017155213621939957,brass,acoustic
-299.8966369628906,63.047218322753906,-109.48236083984375,-16.579580307006836,-6.139193058013916,-6.476128578186035,2.0793871879577637,10.379751205444336,27.012767791748047,38.454689025878906,31.287221908569336,-5.94380521774292,-18.160545349121094,21.65037727355957,16.38508415222168,12.150588035583496,15.010269165039062,5.777647972106934,5.080810070037842,5.152130603790283,4.037501335144043,5.24636173248291,4.697296142578125,4.378025531768799,5.070390701293945,8.124975204467773,1396.6659406907283,107.21373106072127,0.1680884267769608,0.0225137866417475,brass,acoustic
-377.3094177246094,52.326602935791016,-49.16201400756836,-22.712575912475586,-13.895127296447754,-16.273849487304688,-25.734159469604492,-18.816190719604492,-21.022729873657227,-20.484283447265625,-22.097919464111328,-11.682050704956055,4.261939525604248,78.22869110107422,21.063684463500977,21.582143783569336,4.642031192779541,9.96977710723877,8.184682846069336,15.083691596984863,10.682323455810547,9.36490249633789,5.54988956451416,7.3102240562438965,5.967970371246338,6.79108190536499,1150.0149469180817,111.26772553367263,0.09739925986842106,0.03023003657787901,flute,acoustic
-257.1945495605469,74.75895690917969,-73.81796264648438,24.991613388061523,-38.94173812866211,-20.788785934448242,-15.20944881439209,-15.999068260192871,-19.952547073364258,-19.544708251953125,-18.204259872436523,-17.882497787475586,-22.7945499420166,51.46337890625,10.853283882141113,13.692244529724121,5.412603855133057,9.320416450500488,6.145106315612793,8.477994918823242,5.985710144042969,4.5513176918029785,5.132503032684326,3.694136142730713,4.230222225189209,6.117435455322266,1205.9929842908555,93.32911245653594,0.09197227700242719,0.013082309799955325,string,acoustic
-321.8185119628906,134.62881469726562,-4.464482307434082,14.945819854736328,23.641042709350586,2.995399236679077,-0.7252652049064636,-9.831231117248535,-7.807793140411377,-4.065512657165527,-13.70903205871582,-6.146134376525879,4.561895847320557,25.645418167114258,10.237354278564453,13.074365615844727,7.274850845336914,5.883061408996582,5.484372615814209,4.398364067077637,3.3263583183288574,3.2672383785247803,3.9094927310943604,6.153421401977539,5.41390323638916,2.8160817623138428,539.8325823092629,53.59852307913112,0.052560659555288464,0.008353616544983,flute,acoustic
-280.3012390136719,197.07066345214844,-5.659099578857422,-13.601489067077637,-1.1164737939834595,-12.433588981628418,-14.405730247497559,-13.935992240905762,-15.225930213928223,-20.873180389404297,-11.89297866821289,-1.3293856382369995,-2.1729202270507812,36.427005767822266,19.05339813232422,16.082298278808594,4.113309383392334,3.2476885318756104,6.0023088455200195,5.487735271453857,3.259739637374878,3.444378614425659,4.3646111488342285,3.830791473388672,4.235976219177246,3.026158094406128,490.40358604787195,30.784715210897506,0.034404296875,0.0036601036173843815,brass,acoustic
-186.2913055419922,201.6922607421875,-17.76465606689453,19.782411575317383,15.02363109588623,5.195987701416016,-5.278962135314941,4.333495140075684,-3.115805149078369,4.101840972900391,-1.238319993019104,-1.6086174249649048,-5.295724868774414,66.91975402832031,14.260735511779785,11.379162788391113,4.736607074737549,4.06766939163208,4.524110317230225,4.334249496459961,2.9668514728546143,3.4056994915008545,3.723334789276123,3.689850330352783,4.039851665496826,3.353698253631592,605.2801631957499,49.51686869874065,0.03365489924065421,0.00608022569286275,string,acoustic
-351.09735107421875,36.09795379638672,-40.67888259887695,1.3427165746688843,-3.4622299671173096,-23.887901306152344,-30.591733932495117,-20.749162673950195,-19.365581512451172,-18.54271697998047,-8.008221626281738,19.02591323852539,47.37535858154297,17.74808120727539,6.935932159423828,9.330140113830566,4.000898361206055,3.348079204559326,4.279075622558594,4.791995525360107,4.420770645141602,3.316131353378296,4.211549282073975,3.195770502090454,3.8798084259033203,5.711047649383545,915.5410517008087,116.64741912822112,0.06606158088235294,0.014649488740633498,flute,acoustic
-407.0130310058594,86.1444320678711,58.17827606201172,30.575592041015625,12.479304313659668,1.1446980237960815,-9.945921897888184,-21.452930450439453,-27.78986358642578,-25.04930877685547,-16.441781997680664,-8.701395988464355,-5.4436492919921875,33.01762008666992,35.62604904174805,15.435286521911621,12.553942680358887,11.323455810546875,9.642096519470215,9.335068702697754,8.518148422241211,11.368268966674805,8.959305763244629,4.7488813400268555,5.713690280914307,5.460477828979492,294.39734027758703,41.77760537813159,0.033998325892857145,0.00781824017837178,bass,synthetic
-352.4355773925781,144.76182556152344,20.99191665649414,36.24839782714844,39.893028259277344,35.82360076904297,17.969202041625977,-9.506896018981934,-16.7648868560791,4.3688249588012695,-2.4966700077056885,-38.1031494140625,-23.602619171142578,98.33363342285156,27.978233337402344,36.822662353515625,13.932904243469238,15.00454044342041,8.087886810302734,6.648674964904785,5.6709394454956055,6.544193744659424,4.93247652053833,6.558255195617676,9.60791015625,4.0785698890686035,429.80315762043824,392.82141182085275,0.034949863079896906,0.02269692619708088,bass,electronic
-379.3627014160156,53.7799072265625,-51.886070251464844,28.008142471313477,34.22340774536133,11.744234085083008,-6.706940174102783,15.308117866516113,16.033926010131836,8.527411460876465,-3.0730786323547363,10.40666389465332,15.837700843811035,70.182373046875,48.045936584472656,32.22844696044922,46.667686462402344,30.292381286621094,20.928043365478516,31.265302658081055,18.733734130859375,13.986144065856934,5.404203414916992,4.672969818115234,7.623684406280518,9.326160430908203,1697.3057661361897,615.4681391655946,0.19935825892857142,0.07819982565474068,bass,synthetic
-317.4308166503906,-30.54817771911621,-1.5207407474517822,-28.80792999267578,-47.22758865356445,8.010740280151367,32.535274505615234,37.169551849365234,-12.47551441192627,-4.36503791809082,-28.143354415893555,-19.110851287841797,27.238433837890625,35.66462326049805,8.286675453186035,2.3734805583953857,4.5985493659973145,6.666967391967773,2.2567789554595947,4.655649662017822,5.401813983917236,3.0385632514953613,3.5021471977233887,4.042419910430908,3.303065061569214,3.8817009925842285,2002.2618933747683,259.54681578893536,0.11503708964646464,0.009047466843068798,flute,synthetic
-394.22637939453125,143.53726196289062,25.316200256347656,27.681306838989258,21.27562713623047,4.939876079559326,6.568920135498047,10.475777626037598,0.9466861486434937,-2.0294337272644043,-4.6854400634765625,-6.244926452636719,-7.662677764892578,130.30186462402344,51.09974670410156,43.954681396484375,15.855071067810059,12.579327583312988,15.493224143981934,8.23735523223877,4.697976589202881,7.01650857925415,5.354293346405029,4.627900123596191,4.270310878753662,3.2569477558135986,528.7001561807124,137.52310410573313,0.02331814236111111,0.008555784610472926,string,acoustic
-441.884033203125,1.70591139793396,8.714561462402344,-0.09566207230091095,-9.78632640838623,-4.094532489776611,9.082919120788574,25.517810821533203,15.936176300048828,-6.3918585777282715,-28.858163833618164,-0.29678893089294434,29.676403045654297,81.03018188476562,18.033315658569336,23.872072219848633,12.307792663574219,14.26183795928955,8.494880676269531,3.8523976802825928,7.228766441345215,12.559747695922852,11.061039924621582,6.060013771057129,10.280047416687012,9.783062934875488,2826.052092130294,350.78742795574095,0.11174665178571429,0.013849906537606184,bass,synthetic
-219.9185028076172,92.93004608154297,-38.840641021728516,-23.6489200592041,-28.706323623657227,-11.108253479003906,-19.735061645507812,-0.49008411169052124,-20.45309066772461,3.888840675354004,36.76325988769531,16.11780548095703,8.694186210632324,75.20814514160156,48.82309341430664,25.592403411865234,16.08488655090332,12.543091773986816,11.79102611541748,7.892373085021973,6.694241523742676,5.027564525604248,4.957032203674316,4.995540142059326,4.795044422149658,4.214965343475342,1570.177390700445,826.3939197953026,0.130029296875,0.10710879670035008,bass,synthetic
-264.28021240234375,177.3636016845703,-59.91983413696289,-11.015249252319336,-21.593395233154297,-16.210861206054688,-11.748530387878418,-8.982590675354004,-7.150569438934326,-6.3655171394348145,-5.519318580627441,-6.230820655822754,-2.012951374053955,96.71844482421875,20.246196746826172,23.95595932006836,10.850770950317383,14.60433578491211,4.510158538818359,6.279973030090332,4.818994045257568,4.53418493270874,3.5236568450927734,3.3643460273742676,6.484692573547363,5.139758586883545,909.3408437441149,53.41941389809336,0.0712890625,0.01643661491667566,brass,acoustic
-347.7504577636719,147.63168334960938,26.558055877685547,30.390657424926758,9.464407920837402,10.520329475402832,2.468269109725952,-9.61429500579834,-15.366253852844238,-21.90388298034668,-13.621338844299316,-1.6299848556518555,-2.4448556900024414,93.99620056152344,31.346433639526367,23.851303100585938,9.209253311157227,11.025470733642578,5.541413307189941,6.370413780212402,4.640475273132324,3.6914327144622803,7.461310386657715,7.965681552886963,3.674074411392212,4.105626106262207,611.1644709853587,172.81623109730216,0.04454210069444445,0.006051147349652207,string,acoustic
-360.3470458984375,146.46035766601562,-8.982209205627441,-1.959058403968811,-9.683103561401367,28.787120819091797,24.307392120361328,-11.76059627532959,-20.320804595947266,-27.583873748779297,-12.000568389892578,18.03122329711914,-14.56478214263916,129.2328338623047,37.80435562133789,32.74356460571289,9.371789932250977,17.47986602783203,6.857597827911377,7.15172004699707,7.762507915496826,4.457908630371094,3.152754545211792,2.040998935699463,7.7144694328308105,6.760921478271484,824.8660128751791,172.88754664136476,0.07927911931818182,0.02409258579812005,string,acoustic
-203.86923217773438,130.86074829101562,-48.9222412109375,20.815670013427734,-13.699061393737793,-9.704588890075684,6.458101272583008,8.755595207214355,-5.552684307098389,-1.9864612817764282,-6.8010406494140625,-7.784931182861328,-9.985820770263672,52.5710334777832,11.404227256774902,10.715680122375488,5.482387065887451,4.562081336975098,5.483855724334717,3.884357452392578,4.832531929016113,3.3806707859039307,4.040439605712891,3.9659972190856934,6.433261871337891,3.9479362964630127,986.9175455785766,56.60668067139413,0.09001581101190476,0.012851916736200173,string,acoustic
-375.3690185546875,122.45465087890625,-9.84662914276123,-13.034008979797363,-18.5563907623291,-12.408708572387695,-7.4407243728637695,-6.252476692199707,-2.7342939376831055,1.0963855981826782,1.8701527118682861,-4.814433574676514,-11.139213562011719,74.54519653320312,15.000740051269531,35.37783432006836,10.533336639404297,7.509480953216553,4.874727249145508,4.144961833953857,4.0956339836120605,3.599583864212036,3.6984126567840576,4.334360599517822,3.2218539714813232,3.923245668411255,624.7454537344686,166.12999211595204,0.04633837407178218,0.024225905607437526,brass,acoustic
-474.63592529296875,101.28924560546875,85.44473266601562,74.64376068115234,61.877342224121094,47.94630813598633,36.74491882324219,26.4935359954834,18.065275192260742,12.224145889282227,7.846088409423828,4.944377899169922,3.2870421409606934,50.818023681640625,42.489688873291016,28.444862365722656,18.2413387298584,11.735217094421387,12.932438850402832,11.550053596496582,12.197927474975586,11.931282043457031,9.877976417541504,7.613526821136475,5.319228649139404,3.548870086669922,108.34098961982276,99.47077965763422,0.00996990593112245,0.001339800543856933,bass,electronic
-270.6850280761719,169.16302490234375,-91.6315689086914,-32.74263381958008,43.935367584228516,-12.003703117370605,-27.809528350830078,11.122179985046387,7.4264912605285645,-17.248476028442383,-7.61604642868042,8.018494606018066,-0.7649182677268982,80.23120880126953,52.24300003051758,16.522804260253906,11.6844482421875,14.187959671020508,5.582581043243408,7.750544548034668,6.342859745025635,5.370702743530273,4.223195552825928,4.85592794418335,4.031891822814941,3.8051602840423584,1513.8371610487286,95.43706500518915,0.22811279296875,0.016916515768565135,bass,synthetic
-446.08477783203125,66.36175537109375,43.081790924072266,31.163782119750977,26.518396377563477,19.04429817199707,11.020101547241211,5.235111236572266,-1.8590620756149292,-11.202500343322754,-17.479623794555664,-15.708149909973145,-7.294395923614502,12.709478378295898,14.884025573730469,10.079792976379395,7.198177814483643,6.169223308563232,4.615039348602295,3.299853563308716,2.8358094692230225,2.3063669204711914,2.5161938667297363,3.4979214668273926,3.3418145179748535,2.611832618713379,245.92040231438367,57.98066384846739,0.027391003024193547,0.0024480279364874264,bass,synthetic
-249.25721740722656,198.81719970703125,26.239309310913086,15.470516204833984,12.267255783081055,23.224699020385742,5.085905075073242,-0.8059749007225037,-0.7379867434501648,-2.0487558841705322,0.9193848967552185,10.756295204162598,-4.528338432312012,60.501895904541016,24.70496940612793,12.915643692016602,4.825206279754639,3.6429390907287598,3.871358871459961,5.555357933044434,4.340113162994385,3.126037836074829,2.8753886222839355,3.4402565956115723,3.0721068382263184,4.508065700531006,403.2250956784843,57.70144964610661,0.019196686921296297,0.004360059703959117,string,acoustic
-371.46234130859375,-43.619529724121094,-119.558349609375,25.479780197143555,-2.9076149463653564,22.727760314941406,28.246206283569336,-28.46817398071289,-26.977947235107422,28.6458740234375,17.503732681274414,-23.688352584838867,-9.436661720275879,32.51063537597656,8.536643981933594,16.638790130615234,6.803731441497803,8.079766273498535,5.454682350158691,6.075299263000488,5.2142558097839355,5.7881855964660645,6.062058448791504,4.416459560394287,5.279484272003174,3.527198314666748,2414.803661746939,72.43097722072716,0.31900390625,0.03665563995556151,brass,acoustic
-413.9169921875,68.93656158447266,14.646249771118164,-7.357221603393555,-23.757112503051758,-30.990489959716797,-27.70294952392578,-11.501615524291992,7.2711944580078125,6.938060760498047,-17.286575317382812,-41.10493850708008,-29.814809799194336,20.74652862548828,18.83391571044922,6.990588188171387,5.761357307434082,8.177494049072266,6.596693992614746,5.132277011871338,7.555634498596191,8.7813081741333,7.702683925628662,5.103863716125488,5.659725666046143,4.69488000869751,569.2640448274302,89.62175263490792,0.0587158203125,0.020869210074521076,bass,synthetic
-150.93629455566406,6.7357659339904785,-89.6349105834961,9.423118591308594,-33.74187469482422,-16.892980575561523,-19.37775421142578,-1.3047925233840942,-11.703622817993164,-1.2531193494796753,-14.468109130859375,-7.124979019165039,-12.99423599243164,70.27405548095703,30.170114517211914,18.47709083557129,6.544277191162109,6.105871200561523,2.4878058433532715,2.642162799835205,2.737961769104004,2.0313005447387695,2.1001439094543457,2.135826826095581,1.782173991203308,1.7636371850967407,1906.272156325233,257.11328986725215,0.106025390625,0.016149789961166523,brass,acoustic
-419.6219482421875,96.08815002441406,56.03277587890625,44.97541809082031,31.41575813293457,18.804319381713867,8.86906909942627,4.229030132293701,-1.7801077365875244,-4.154983043670654,-3.377474069595337,-1.7743690013885498,-4.291999816894531,92.85150909423828,38.702571868896484,28.107816696166992,12.017258644104004,11.103878021240234,12.391338348388672,12.494767189025879,8.857346534729004,8.513005256652832,7.380807399749756,3.867673397064209,4.256172180175781,3.419759750366211,410.10824497141226,186.05246785398543,0.021082899305555555,0.008728141056094972,string,acoustic
-315.3262939453125,0.14681655168533325,-52.65549850463867,0.7920863628387451,2.148016929626465,11.165297508239746,19.30323600769043,16.169187545776367,-13.025507926940918,-16.431535720825195,5.7492899894714355,54.222591400146484,38.49972915649414,36.49220657348633,11.440764427185059,10.191744804382324,6.1025519371032715,3.6670117378234863,4.595475196838379,7.047989368438721,3.7757222652435303,3.8348023891448975,4.828787803649902,3.419677972793579,6.095537185668945,5.835008144378662,1556.9295588137734,86.25198185197074,0.12880765474759615,0.009985087492176489,flute,acoustic
-209.96249389648438,-26.499725341796875,-78.31900024414062,20.288162231445312,-33.965728759765625,-12.723315238952637,-1.3097631931304932,-8.462160110473633,-18.24977684020996,4.047187328338623,-13.458110809326172,-8.036404609680176,-4.7906928062438965,72.48348236083984,30.512712478637695,11.149885177612305,7.357448577880859,9.087824821472168,5.542006492614746,5.0206193923950195,3.0199761390686035,5.215417385101318,2.6588423252105713,5.831091403961182,4.76320219039917,2.247495174407959,2213.1602918129715,164.7959314254618,0.2484468005952381,0.04197908789094672,brass,acoustic
-299.6344909667969,63.18642807006836,-109.55445098876953,-16.579788208007812,-6.136083126068115,-6.499503135681152,2.089311361312866,10.385939598083496,27.014022827148438,38.46181106567383,31.285844802856445,-5.94011116027832,-18.145368576049805,21.249216079711914,16.69312286376953,11.957508087158203,15.001262664794922,5.798057556152344,5.105557441711426,5.1392035484313965,4.044950008392334,5.2568888664245605,4.6905717849731445,4.3676676750183105,5.079012393951416,8.14975357055664,1396.4950957938822,107.52480511132698,0.1680884267769608,0.0225137866417475,brass,acoustic
-372.2265930175781,135.82757568359375,2.3758633136749268,-2.955355644226074,-1.0095224380493164,-11.595381736755371,-16.64234733581543,-16.394920349121094,-13.643668174743652,-10.526875495910645,-14.17026138305664,-18.574520111083984,-20.43128204345703,78.25459289550781,31.40359115600586,24.88876724243164,7.198383808135986,5.713269233703613,8.463724136352539,6.625225067138672,8.589645385742188,9.24455451965332,4.923275947570801,4.966882705688477,5.76135778427124,3.9883508682250977,573.4087571337133,30.66567441100019,0.03977272727272727,0.007635330287160634,string,acoustic
-312.1417541503906,62.23097610473633,-73.59333038330078,-25.66071128845215,-25.49161148071289,-18.92601203918457,-12.5234375,-12.416651725769043,-14.66921329498291,-11.60326099395752,-1.7434601783752441,20.5015811920166,47.45336151123047,41.96360397338867,14.128843307495117,18.851978302001953,5.0811872482299805,6.250604629516602,4.441281795501709,2.8558285236358643,3.352789878845215,3.851926803588867,3.365359306335449,3.835092306137085,3.6952297687530518,6.387856960296631,1084.0115476824521,76.34266784169702,0.06229141383495146,0.00847084442506277,brass,acoustic
-336.04669189453125,-30.39896583557129,-8.82776927947998,12.088115692138672,18.767187118530273,-6.2038493156433105,-19.99505615234375,8.31433391571045,20.372007369995117,1.4642869234085083,6.2456440925598145,40.4154167175293,-7.338901996612549,64.19612884521484,14.865843772888184,7.139858722686768,7.562541961669922,7.024157524108887,3.1723477840423584,3.702983856201172,5.903855323791504,5.515524387359619,7.066705226898193,12.116937637329102,8.176033020019531,8.724596977233887,2491.5369750270584,237.90811028479445,0.23014322916666666,0.017284901922033784,bass,synthetic
-324.2120361328125,150.01031494140625,-22.207717895507812,-5.226423263549805,3.209115982055664,-18.283538818359375,-14.588848114013672,-12.880616188049316,-7.603443145751953,-2.1406025886535645,-7.7451276779174805,-8.16452693939209,-8.432300567626953,57.54684829711914,29.394092559814453,19.346290588378906,7.643309116363525,6.557682037353516,12.6930570602417,7.541242599487305,7.058539390563965,6.387155532836914,6.428910732269287,5.054564476013184,2.7918639183044434,5.411654949188232,824.5371768751467,243.50132139028673,0.0574951171875,0.013002064210893656,flute,acoustic
-328.6479187011719,51.31964111328125,-151.6119384765625,27.50619888305664,-23.635597229003906,-25.832555770874023,-2.2771477699279785,-15.011672973632812,-21.487539291381836,-2.6508004665374756,-10.42125129699707,-13.522860527038574,0.3807799220085144,55.575828552246094,18.24241065979004,21.299734115600586,11.400646209716797,15.702528953552246,7.496299743652344,3.9936749935150146,4.947076320648193,4.924342155456543,3.6802139282226562,4.483950138092041,5.019591808319092,3.6593456268310547,1714.138936907246,105.26654598468419,0.23394834648058252,0.03760012987320488,brass,acoustic
-345.9494934082031,60.01569747924805,-38.013816833496094,9.825678825378418,8.443124771118164,-7.163527965545654,-12.783141136169434,-6.740121841430664,-4.703786373138428,21.408763885498047,39.26329803466797,61.68051528930664,31.926502227783203,44.136016845703125,14.290621757507324,12.436123847961426,9.98251724243164,7.048696994781494,4.8624491691589355,4.855079174041748,5.3268723487854,3.7842183113098145,7.350249767303467,5.868703842163086,9.336928367614746,5.430634021759033,1083.288180497114,87.55457240371607,0.08805338541666667,0.01519073001729037,flute,acoustic
-105.85225677490234,109.96459197998047,-18.177953720092773,25.29707908630371,-20.988672256469727,-0.949096143245697,-1.3944551944732666,11.31847095489502,-0.9084345102310181,0.0684676542878151,-9.874258995056152,2.514806032180786,-1.4014352560043335,93.16657257080078,67.78626251220703,15.090608596801758,10.752789497375488,21.300800323486328,12.456209182739258,16.876136779785156,19.274532318115234,14.866595268249512,15.34774398803711,16.398353576660156,17.872028350830078,15.495911598205566,1099.1951681653347,359.0089665556329,0.071868896484375,0.02600343514785231,bass,synthetic
-475.3583679199219,-13.964924812316895,-9.029046058654785,7.129510402679443,15.705903053283691,-24.89794921875,5.934899806976318,15.100886344909668,-9.808993339538574,-11.71218204498291,16.168304443359375,4.637893199920654,-22.350095748901367,5.65905237197876,2.2870113849639893,6.447177886962891,4.903401851654053,3.8164234161376953,6.12986421585083,0.7061119675636292,5.122645378112793,2.6621077060699463,2.8434786796569824,3.542384624481201,1.0486947298049927,3.405071258544922,2624.230014795599,218.9954607376212,0.2757942044005102,0.022627989710290775,flute,synthetic
-279.0654296875,-18.01382064819336,-12.580368041992188,51.394203186035156,-45.9251823425293,-23.89151382446289,8.524639129638672,37.573204040527344,11.719953536987305,28.685699462890625,-13.293200492858887,-24.766786575317383,-30.216543197631836,38.79829788208008,23.812837600708008,8.48801326751709,11.23864459991455,4.917708396911621,4.722550392150879,4.091677188873291,4.987451076507568,4.1051344871521,3.9366869926452637,4.528469085693359,3.3492636680603027,4.038525104522705,2759.1421987982003,354.2098299240223,0.22546137595663265,0.07187158636482646,brass,acoustic
-331.77423095703125,34.93849563598633,-149.61776733398438,19.69460105895996,-25.611970901489258,-26.193246841430664,-1.4064662456512451,-19.467233657836914,-16.91451072692871,-7.2374396324157715,-8.76132869720459,-2.8867170810699463,28.01589012145996,46.076499938964844,14.699471473693848,19.377717971801758,11.279558181762695,12.7799072265625,5.162126064300537,3.122840642929077,5.05662202835083,4.228634357452393,3.332242727279663,3.5158259868621826,3.5845065116882324,5.6448655128479,1797.22952104868,86.24744197117526,0.23621544471153846,0.0344146520339957,brass,acoustic
-457.2189636230469,78.85347747802734,55.53289794921875,42.13312911987305,27.407678604125977,18.355464935302734,9.612099647521973,6.506799221038818,3.458120822906494,4.89668083190918,6.139095306396484,7.3720574378967285,3.8624725341796875,153.72421264648438,19.83299446105957,21.458942413330078,12.450698852539062,12.356022834777832,6.0945963859558105,7.505091667175293,2.990450143814087,5.63765811920166,2.9431519508361816,2.3882336616516113,3.334602117538452,2.1190433502197266,425.3789510054896,572.2876638839351,0.02001953125,0.008811510272040461,bass,synthetic
-479.55963134765625,33.21844482421875,10.410072326660156,29.952951431274414,24.33220863342285,9.984630584716797,12.848151206970215,19.697290420532227,4.432041168212891,11.820541381835938,21.474706649780273,3.441786050796509,7.081131935119629,86.06385040283203,24.51742935180664,27.993755340576172,6.906370639801025,5.398780822753906,6.252127647399902,5.635796070098877,5.444680213928223,5.028323650360107,4.395723819732666,9.841448783874512,5.362858295440674,2.552689552307129,1299.1749492179617,857.3132717150911,0.10997892680921052,0.12347640196289854,flute,acoustic
-381.8634338378906,117.74243927001953,-32.21369934082031,-17.61507225036621,-16.133159637451172,-9.930685043334961,-12.251258850097656,-10.235417366027832,-12.922929763793945,-3.367952823638916,-3.4049665927886963,-2.9880685806274414,-9.87378215789795,153.39842224121094,39.624881744384766,44.557376861572266,16.358549118041992,12.832343101501465,7.265435695648193,6.9696946144104,5.253847122192383,4.796914577484131,4.421438694000244,7.967443943023682,6.06317663192749,4.3302812576293945,1073.7783321119684,533.0599347313146,0.0886086856617647,0.027382634903385272,brass,acoustic
-221.0299072265625,179.0110626220703,1.278001070022583,28.387264251708984,8.767614364624023,13.10576343536377,-0.10967327654361725,4.64967155456543,-0.2726539969444275,4.634002685546875,-0.6450710296630859,1.5346295833587646,-0.16319040954113007,171.1893768310547,51.1402702331543,39.4664306640625,14.42326831817627,16.585233688354492,7.659822940826416,9.804261207580566,4.014240741729736,4.317948341369629,5.064772129058838,2.868898868560791,4.124575138092041,3.241610527038574,523.1109145594581,184.4324208857573,0.021337890625,0.004604106413618165,bass,synthetic
-226.7721710205078,196.16244506835938,-8.222607612609863,7.410691738128662,5.008143901824951,-14.333601951599121,5.385643005371094,6.272032737731934,-7.467133522033691,-5.476742744445801,-9.790901184082031,-9.704765319824219,-9.387408256530762,56.385597229003906,31.1207218170166,14.595698356628418,6.088748931884766,5.773926258087158,7.3785529136657715,3.8323371410369873,3.7610785961151123,5.112390995025635,4.081381797790527,4.158013343811035,4.1248884201049805,4.230544090270996,480.39927287542525,75.86912421957054,0.021968092873831776,0.005651670915945867,string,acoustic
-410.0712585449219,18.560829162597656,-12.852949142456055,-18.966529846191406,-21.83379554748535,-10.125312805175781,12.330738067626953,38.09678268432617,41.652252197265625,12.962183952331543,-26.811344146728516,-32.00459289550781,-5.366079330444336,43.56779479980469,17.72259521484375,10.84015941619873,10.141938209533691,8.839859008789062,4.407870769500732,3.3815064430236816,4.5574564933776855,6.296186447143555,5.220383644104004,5.288684844970703,5.2246551513671875,7.149868965148926,928.822569241323,142.36684565329705,0.10214046556122448,0.008173886026945746,bass,synthetic
-447.7027282714844,82.04634094238281,42.47388458251953,31.636367797851562,25.35338592529297,22.089649200439453,19.292390823364258,16.990642547607422,15.657890319824219,14.007220268249512,12.399258613586426,11.05051040649414,10.624519348144531,94.28669738769531,74.92536926269531,28.551599502563477,13.813138961791992,8.320399284362793,5.810041427612305,4.501527309417725,4.538327217102051,4.282838821411133,5.067322254180908,5.947049617767334,6.842803001403809,6.446919918060303,109.03787994810365,125.67511565064672,0.0055003446691176475,0.004252301644777315,bass,synthetic
-246.998046875,21.256628036499023,-92.10233306884766,-18.092514038085938,-37.60532760620117,-15.517228126525879,-19.96137809753418,-0.8235448002815247,11.045278549194336,37.43283462524414,13.789913177490234,-11.657598495483398,-36.90209197998047,46.136932373046875,14.474308967590332,12.767176628112793,5.790364742279053,4.994966983795166,4.227255821228027,4.539832592010498,3.1374146938323975,5.007122993469238,6.386997222900391,5.9517598152160645,4.447422504425049,4.84874963760376,1526.7677648301255,87.31039279351549,0.0982382417929293,0.01616523550427852,brass,acoustic
-462.47821044921875,134.24795532226562,52.06415939331055,42.60094451904297,27.611637115478516,10.30884838104248,3.836347818374634,1.8087704181671143,-3.2047834396362305,-3.3490355014801025,-4.6160688400268555,-4.804056167602539,-5.491368293762207,130.31231689453125,51.88081741333008,45.6611328125,16.1074161529541,13.674629211425781,18.63654136657715,13.441247940063477,9.21269416809082,9.31112289428711,7.960597038269043,6.865035057067871,5.120360374450684,4.619076251983643,417.7004361315783,157.0001077220579,0.02212367106958763,0.011428082988409317,string,acoustic
-357.2319641113281,13.008501052856445,-55.877655029296875,-10.768410682678223,-1.7676478624343872,9.333463668823242,18.85811996459961,7.9243483543396,-13.06959342956543,-16.376548767089844,1.4608771800994873,43.972103118896484,37.322265625,87.2352523803711,11.40139389038086,27.07347297668457,10.181922912597656,8.594073295593262,6.502082347869873,10.263776779174805,4.735983848571777,5.051768779754639,3.477398157119751,3.376046657562256,11.3902006149292,7.224459648132324,1475.5522223198452,132.15976343479025,0.12267485119047619,0.01919167742507426,flute,acoustic
-157.1079864501953,186.6998748779297,-12.716898918151855,10.361339569091797,19.83528709411621,6.308624744415283,-4.99274206161499,0.357149600982666,-15.211941719055176,2.2218918800354004,-0.7017183899879456,2.7584311962127686,-2.1062145233154297,93.46306610107422,23.023967742919922,22.184951782226562,9.243597030639648,5.208096027374268,5.654186248779297,6.698493480682373,4.660881519317627,6.530540466308594,3.8100364208221436,4.660089015960693,4.0545854568481445,3.6584630012512207,648.2039329209894,102.86200857210511,0.04112617924528302,0.013092907680272676,string,acoustic
-233.4950408935547,57.10601806640625,-51.98191452026367,-17.282978057861328,-27.16976547241211,-17.19403648376465,-22.575483322143555,-6.609084129333496,-14.043863296508789,-4.24821662902832,-11.787185668945312,-2.7497310638427734,-9.654134750366211,151.74862670898438,78.77603149414062,32.0890007019043,12.671534538269043,7.169922351837158,4.071179389953613,5.655078887939453,5.986573219299316,3.81720232963562,4.068776607513428,4.523097515106201,2.2108311653137207,4.454369068145752,1804.0242769173813,704.0060145594583,0.087890625,0.024340710118387728,brass,acoustic
-480.5647277832031,-24.57218360900879,13.844864845275879,17.79534149169922,-0.9936214089393616,-2.595245599746704,23.007526397705078,-1.6400114297866821,-14.164413452148438,40.742191314697266,-35.5690803527832,21.543075561523438,1.1260496377944946,34.61232376098633,1.4531800746917725,6.868326663970947,13.358606338500977,4.602635383605957,2.094759225845337,5.9294753074646,2.455129384994507,3.6740076541900635,4.778804302215576,4.071471214294434,1.5453072786331177,4.601914882659912,4414.157432643327,421.0087929632484,0.5459233498086735,0.11939094254497107,bass,synthetic
-428.1458740234375,107.44281768798828,-1.3624274730682373,-35.777610778808594,-28.041284561157227,-20.234830856323242,-16.95454216003418,-17.33554458618164,-18.47933006286621,-16.15428352355957,-12.957320213317871,-12.367524147033691,-11.812460899353027,37.66792678833008,23.63585662841797,6.998385906219482,5.540332317352295,4.30885648727417,5.322225570678711,3.5600454807281494,4.530457496643066,3.639636754989624,4.364503860473633,4.037147521972656,4.837930202484131,4.703912734985352,583.8074525106633,83.52712424499902,0.05456419665404041,0.013150643079693497,brass,acoustic
-334.00396728515625,31.070106506347656,-59.57388687133789,12.225310325622559,-4.545119762420654,-5.4632792472839355,-21.99997901916504,-16.12546157836914,-18.291471481323242,-6.9333271980285645,-12.879627227783203,-7.680639743804932,8.367975234985352,49.94390869140625,10.287578582763672,17.980443954467773,7.366397857666016,6.0542097091674805,5.31752872467041,5.738197326660156,4.4729485511779785,4.441360950469971,3.6393630504608154,5.060177803039551,4.357364654541016,4.589651107788086,1172.7728444849038,100.60074561233233,0.11738642939814815,0.038655344082506614,flute,acoustic
-399.1981506347656,-9.094042778015137,-80.14237976074219,-18.925050735473633,-11.067902565002441,11.359675407409668,23.45548439025879,34.457088470458984,11.496931076049805,-22.06117820739746,-30.710134506225586,6.883979797363281,28.271865844726562,68.45056915283203,21.677709579467773,10.44593620300293,6.28693962097168,8.622762680053711,5.444429397583008,5.188924312591553,4.161614894866943,4.506570339202881,3.931658983230591,6.569338798522949,3.3384509086608887,4.01444673538208,1787.3316145789543,444.9640150375369,0.1426398617097701,0.04616294048642401,brass,acoustic
-239.5276336669922,186.21588134765625,6.617157936096191,19.652225494384766,25.07050895690918,21.004196166992188,0.020777737721800804,3.8357863426208496,-1.6414952278137207,6.816409111022949,12.286940574645996,15.522988319396973,8.263084411621094,69.6906509399414,28.82072639465332,16.41649627685547,11.417950630187988,6.539943695068359,6.689566135406494,7.181210041046143,4.391079902648926,4.886185646057129,4.6030964851379395,4.86318302154541,5.847321510314941,4.682745933532715,451.7371861671268,115.84421097429144,0.01861346209490741,0.007939393953291357,string,acoustic
-275.79144287109375,46.81027603149414,7.359329700469971,29.494726181030273,17.211618423461914,24.993196487426758,13.458406448364258,19.353723526000977,11.580768585205078,17.769289016723633,13.857394218444824,14.600733757019043,8.852267265319824,31.97327995300293,8.438693046569824,7.545235633850098,6.143813133239746,6.157564163208008,4.886753082275391,5.837497711181641,3.9958083629608154,5.139930248260498,3.8289754390716553,4.405056953430176,3.2725579738616943,2.751811981201172,691.0863697124994,387.8432960847998,0.01284976881377551,0.006281619736571326,flute,synthetic
-217.6914825439453,150.60401916503906,-46.68618392944336,26.92354965209961,-1.1158337593078613,-6.996856212615967,-2.1811580657958984,6.940571308135986,-8.447972297668457,-9.488532066345215,-14.72400951385498,-4.889552593231201,-10.241981506347656,75.07818603515625,14.308187484741211,19.390151977539062,6.5529866218566895,8.00100326538086,4.053303241729736,4.900909423828125,4.116201877593994,5.064645767211914,4.427525043487549,4.752829074859619,4.0895795822143555,4.143378734588623,798.1890807066962,113.5519506424894,0.04547287127293578,0.011547098553735093,string,acoustic
-141.98719787597656,15.7340087890625,9.014742851257324,44.701576232910156,-9.89037799835205,2.6452722549438477,16.35039710998535,-0.4821835160255432,-12.251241683959961,35.87857437133789,-27.092254638671875,12.770573616027832,0.2746354937553406,55.388675689697266,3.913369655609131,3.150601863861084,5.453577995300293,3.2244338989257812,2.9055328369140625,3.654588222503662,2.6289560794830322,3.1946535110473633,4.414571285247803,3.958162307739258,3.319542407989502,3.708521842956543,3341.2523221651395,45.24516414813905,0.37457715850515466,0.05518647726854213,bass,synthetic
-356.9054260253906,97.26165008544922,32.30524826049805,0.7102377414703369,-18.606962203979492,-25.537353515625,-28.39670181274414,-31.02635955810547,-23.232479095458984,-20.63105583190918,-19.703493118286133,-11.068822860717773,-10.332147598266602,20.782529830932617,19.223628997802734,6.202406406402588,7.221227645874023,8.172357559204102,6.252170085906982,4.390991687774658,4.669038772583008,3.6140613555908203,3.4010536670684814,3.9858217239379883,3.143542528152466,3.075309991836548,417.0683423878538,62.06125954435943,0.042850378787878785,0.0036776723109786134,brass,acoustic
-327.8783264160156,-2.8945486545562744,-58.96485137939453,-0.06475711613893509,-2.4681594371795654,-12.500699043273926,2.7579684257507324,21.36743927001953,20.313356399536133,11.102494239807129,-28.77727699279785,-33.8104133605957,-10.856441497802734,36.91981887817383,15.185708999633789,13.202302932739258,6.503111839294434,4.056964874267578,4.515232563018799,4.668210029602051,5.355212211608887,4.821142196655273,4.039975166320801,3.6509902477264404,4.4856438636779785,4.69384765625,1633.3289775816022,157.56189981302094,0.13579433404126215,0.04134534629441456,flute,acoustic
-317.65753173828125,241.80960083007812,68.47340393066406,9.90322494506836,3.2343525886535645,-11.690363883972168,-16.791765213012695,-14.729284286499023,-10.002317428588867,-6.692505836486816,-12.385906219482422,-13.573674201965332,-9.009256362915039,42.74911880493164,26.060733795166016,19.115297317504883,9.806617736816406,6.2532429695129395,4.101439952850342,4.195133209228516,4.600367546081543,4.438755512237549,3.884951591491699,4.160538196563721,4.062478542327881,4.4764580726623535,366.880480185577,52.74807085081161,0.03762113131009615,0.004135660707281616,brass,acoustic
-251.89010620117188,31.5577335357666,-81.8896255493164,-4.906505584716797,-56.74468994140625,-12.327227592468262,-44.01343536376953,-21.743196487426758,-26.184932708740234,-24.845905303955078,6.892967224121094,11.04789924621582,52.42803192138672,34.25141525268555,23.497514724731445,14.97373104095459,6.465349197387695,10.034049034118652,5.981448173522949,6.581417560577393,4.710607051849365,4.953751564025879,5.11557674407959,5.469153881072998,6.345407485961914,8.109379768371582,1075.437141980925,125.58424771365723,0.059368959407216496,0.009047240019374384,flute,electronic
-368.2252197265625,2.4346866607666016,-7.340354919433594,-15.08172607421875,-26.370567321777344,-20.63616180419922,-13.649643898010254,14.486062049865723,27.601123809814453,23.16983985900879,-18.894929885864258,-39.872188568115234,-23.96950340270996,76.6115951538086,37.70026779174805,19.563711166381836,13.092386245727539,7.349066734313965,5.104000568389893,6.091462135314941,5.752429008483887,8.078245162963867,8.620033264160156,4.473567485809326,9.612037658691406,4.839645862579346,2031.3870725101244,1102.7588271157074,0.14396158854166666,0.0816115283374005,bass,synthetic
-222.01739501953125,28.4975643157959,-33.6871452331543,-7.389145851135254,-2.920306921005249,-20.584280014038086,-22.132843017578125,-11.751581192016602,-3.8853654861450195,17.04241943359375,13.779759407043457,37.55972671508789,21.850719451904297,46.953731536865234,15.561128616333008,8.88556957244873,7.827352523803711,6.977428913116455,6.428206443786621,5.67940092086792,5.385413646697998,5.6094183921813965,5.469944000244141,6.5085039138793945,9.621905326843262,9.906521797180176,1484.2482680848032,114.4053421888169,0.0733654908459596,0.004176978693111541,flute,acoustic
-336.73321533203125,162.45388793945312,94.8075942993164,37.32664108276367,7.787120819091797,-0.4922303259372711,1.0652903318405151,4.1424241065979,5.669447898864746,5.76141357421875,5.06246280670166,4.396963119506836,4.255579948425293,35.63959884643555,25.37636375427246,19.33827018737793,11.573988914489746,7.157810211181641,6.7290425300598145,5.201272487640381,4.319730281829834,3.6874337196350098,2.9580957889556885,2.470653772354126,2.467010974884033,2.7442519664764404,210.27080742202648,65.04874149127247,0.006766183035714286,0.003004304613191689,flute,synthetic
-166.63096618652344,88.6668701171875,-18.41465187072754,27.32963752746582,5.463423728942871,7.996140480041504,-10.985929489135742,2.318183422088623,-11.095216751098633,-6.912445545196533,-10.16932487487793,-0.22021238505840302,-5.588572025299072,68.35485076904297,13.453466415405273,13.99817180633545,5.121761798858643,4.976996898651123,8.545320510864258,4.165048599243164,5.43641996383667,4.21779203414917,3.42690110206604,4.010659217834473,4.422951698303223,4.577688694000244,979.9046113550952,104.47569947286894,0.05949920358009709,0.014476355706868482,string,acoustic
-223.0941162109375,49.517845153808594,-33.947574615478516,11.193968772888184,15.470427513122559,5.3571271896362305,-23.32094955444336,-19.37459945678711,-8.255387306213379,3.3558177947998047,0.32891833782196045,9.495599746704102,-5.664810657501221,45.58927536010742,12.321342468261719,10.116661071777344,6.940046787261963,3.514061450958252,4.400998115539551,5.177424430847168,4.370849609375,4.018792152404785,4.0323896408081055,3.229368209838867,2.690518379211426,3.6876251697540283,1145.5778462587734,105.38653380884847,0.072509765625,0.012365668429437492,flute,acoustic
-377.4209899902344,62.692142486572266,-27.5416202545166,-15.700926780700684,-32.16251754760742,-15.781575202941895,-14.358344078063965,-4.247180461883545,-9.20713996887207,-4.289543151855469,-10.412714004516602,-4.577121257781982,-7.533883571624756,164.2800750732422,38.046024322509766,25.506486892700195,9.863304138183594,6.518645286560059,4.159387111663818,9.816764831542969,4.387483596801758,9.120616912841797,3.91816782951355,7.470593452453613,3.9642810821533203,6.799814224243164,1372.1643768612917,525.655240316704,0.10525299781976744,0.03103194383484738,brass,acoustic
-320.4230041503906,10.701044082641602,-56.21078872680664,-1.1284565925598145,-2.796729326248169,-9.878954887390137,-15.38203239440918,10.522884368896484,25.82025909423828,28.37904167175293,9.547816276550293,-18.498353958129883,-41.108978271484375,41.481380462646484,12.74638557434082,12.356727600097656,7.8505072593688965,5.183944225311279,4.226583957672119,4.295272350311279,4.3347015380859375,5.511012077331543,3.984910249710083,4.5337419509887695,3.626728057861328,6.741180419921875,1479.3917224333102,150.91009960599808,0.10472035630841121,0.020596748667367545,flute,acoustic
-108.43586730957031,40.047454833984375,-67.94219970703125,8.535713195800781,-21.59571075439453,24.358680725097656,-7.508103370666504,-1.785689115524292,12.704028129577637,-3.9330780506134033,2.645259380340576,2.121645212173462,0.9256920218467712,49.350154876708984,10.493948936462402,9.508380889892578,4.856542110443115,5.159188747406006,5.388317108154297,4.028345584869385,4.706722736358643,3.4418888092041016,3.637523889541626,3.8187954425811768,3.096435070037842,3.5668978691101074,2090.6445460241284,161.85923367230376,0.1467235331632653,0.02563846613099115,flute,acoustic
-275.3035888671875,48.32204818725586,8.129279136657715,26.785749435424805,11.916224479675293,17.99701690673828,10.233968734741211,12.181757926940918,4.354864597320557,5.482485294342041,-1.3048808574676514,0.0893707275390625,-7.618141174316406,28.629182815551758,5.268949031829834,6.399772644042969,4.251979351043701,4.986211776733398,3.9380996227264404,3.345693588256836,3.6456525325775146,2.1651759147644043,3.3818891048431396,3.139192581176758,2.3230016231536865,2.5757293701171875,712.7513400539231,287.02309183322234,0.02114710856958763,0.00398620009992879,flute,synthetic
-205.4578399658203,-19.914751052856445,-51.13337326049805,-17.954349517822266,-3.6679563522338867,9.957944869995117,-9.401700019836426,-14.042736053466797,-23.10417366027832,3.6584384441375732,27.63103485107422,33.38975143432617,-1.7231522798538208,46.73900604248047,5.508981227874756,8.244217872619629,3.1676595211029053,3.7637743949890137,2.9589686393737793,5.26118803024292,3.32576322555542,5.053521156311035,3.1378519535064697,4.775649547576904,5.227175235748291,3.7212274074554443,2085.7833577415145,53.648385389397355,0.1455669981060606,0.012310321511134514,flute,acoustic
-479.5661315917969,77.83757781982422,62.49541091918945,53.970703125,41.0550537109375,31.01691246032715,17.07614517211914,6.50869083404541,1.462614893913269,0.2967437207698822,-1.0197478532791138,-3.869216203689575,-4.601253986358643,54.59026336669922,32.13784408569336,20.740333557128906,13.332562446594238,6.9966936111450195,7.346286773681641,10.103250503540039,15.093013763427734,12.112828254699707,6.7548699378967285,5.788549900054932,3.6844847202301025,4.051296710968018,227.80717594268313,304.64950710518843,0.014538823341836735,0.010307276767688674,bass,electronic
-334.3547668457031,153.61001586914062,-57.33912658691406,-11.682186126708984,12.797948837280273,9.941601753234863,1.6060045957565308,-16.90326499938965,-36.8448486328125,-12.310077667236328,3.6923019886016846,-9.094159126281738,-31.38434600830078,139.04156494140625,13.79055404663086,18.559507369995117,5.363646507263184,8.55254077911377,3.8043336868286133,4.020732402801514,6.484862327575684,7.8794846534729,6.865084171295166,3.348174571990967,5.97032356262207,6.075718402862549,1109.036590578956,91.85843650439305,0.09299538352272728,0.029147318638247918,string,acoustic
-282.4542541503906,4.285398960113525,-39.192474365234375,-36.30946350097656,-6.527987003326416,44.94046401977539,4.773096084594727,-29.18977928161621,-5.183492660522461,5.329392910003662,7.782435417175293,26.637470245361328,-42.25193786621094,42.642940521240234,2.3749053478240967,5.152740955352783,5.508000373840332,2.6730246543884277,4.989226341247559,2.7269489765167236,3.5738203525543213,3.836374282836914,2.4485416412353516,4.111833572387695,3.953831434249878,3.889702796936035,2450.935808501952,176.65179879808997,0.1752132493622449,0.020354765497171756,flute,synthetic
-293.24285888671875,206.6407012939453,-19.41767692565918,-7.329078674316406,-8.207056045532227,4.442444801330566,2.888085126876831,1.2380608320236206,-0.2595707178115845,-0.5898578763008118,-0.6951540112495422,-9.703432083129883,-10.244837760925293,93.01034545898438,21.149662017822266,34.68417739868164,14.11838436126709,8.893601417541504,6.747290134429932,8.57309341430664,5.114273548126221,6.826215744018555,7.667229652404785,8.033994674682617,9.042044639587402,4.925164699554443,623.1278035586214,150.14715972081757,0.04892485996462264,0.010801367785345265,brass,acoustic
-284.6225280761719,137.71849060058594,-67.909912109375,-36.745914459228516,-44.23189163208008,-31.389711380004883,-26.864810943603516,-24.82402229309082,-9.140705108642578,-24.25175666809082,-21.30510139465332,-16.541996002197266,-16.513999938964844,36.4459228515625,24.475954055786133,14.114127159118652,9.65172290802002,8.593901634216309,5.275043964385986,4.044952869415283,4.206935882568359,3.66705584526062,4.514971733093262,3.4333255290985107,2.9245800971984863,3.374464511871338,717.992695625363,44.90919275940277,0.06030515160891089,0.006234761825081781,brass,acoustic
-88.7748794555664,-42.61068344116211,-80.32077026367188,-25.035236358642578,-39.77370071411133,-5.6274614334106445,-12.534996032714844,2.8786041736602783,-12.391775131225586,-0.18376439809799194,-23.848831176757812,-15.96860122680664,-4.201095104217529,57.763206481933594,15.756500244140625,10.72616195678711,3.4062256813049316,4.44592809677124,2.6728322505950928,4.482381820678711,4.005821704864502,5.068135738372803,2.5109922885894775,3.3171916007995605,3.029195547103882,3.473421573638916,2580.3457139783895,225.12199133355884,0.1095361328125,0.007614700302568513,flute,acoustic
-364.0592346191406,58.36142349243164,-5.035420894622803,-14.188100814819336,-9.87976360321045,-12.889725685119629,-17.4068660736084,-25.62060546875,-34.90532684326172,-23.875017166137695,-2.8980553150177,-7.135953903198242,-20.391891479492188,31.054443359375,18.1309757232666,9.395072937011719,3.356830358505249,3.736968755722046,2.7659964561462402,2.8570139408111572,3.7646377086639404,4.947300434112549,3.5303351879119873,1.884082555770874,2.518906831741333,3.7863821983337402,575.7099079727772,51.94188797079531,0.05060188137755102,0.00594567828847708,flute,synthetic
-427.73651123046875,105.27873992919922,45.83668899536133,32.283050537109375,17.717931747436523,10.20582103729248,1.04473078250885,-4.533625602722168,-8.742717742919922,-8.976118087768555,-11.390641212463379,-12.70677375793457,-12.019810676574707,95.8646240234375,46.50528335571289,20.114973068237305,5.018658638000488,7.7031168937683105,5.177330493927002,3.5573482513427734,5.556703567504883,3.9841978549957275,4.244890213012695,3.9624550342559814,3.716545343399048,4.137407302856445,298.9486996998895,193.5468535238426,0.016218855574324325,0.003480802043971695,string,acoustic
-406.2012634277344,50.23196029663086,33.51538848876953,42.09819793701172,19.069488525390625,22.78793716430664,6.1256537437438965,7.702813148498535,2.9060261249542236,-5.925868511199951,0.03601447492837906,-8.562283515930176,-7.437501430511475,84.99597930908203,19.976932525634766,17.238780975341797,15.736981391906738,10.037999153137207,4.620759010314941,7.619842052459717,3.418336868286133,4.541888236999512,5.951092720031738,4.0913214683532715,4.19381046295166,4.01145076751709,418.2598703436146,325.4804524194619,0.020218829719387755,0.007163629550213452,bass,electronic
-304.26531982421875,12.054339408874512,-49.858154296875,-5.529012203216553,-18.387859344482422,17.09734535217285,19.12910270690918,19.135717391967773,-16.65473747253418,-19.364486694335938,-0.380569189786911,34.51853942871094,1.5367592573165894,139.04664611816406,34.59878921508789,17.301631927490234,8.6475191116333,18.162233352661133,8.867974281311035,15.099604606628418,5.8896074295043945,5.581622123718262,5.2050299644470215,11.82495403289795,12.431478500366211,3.587554931640625,2472.7091598691063,444.03362185084194,0.2276278409090909,0.0482614570945189,string,acoustic
-98.96944427490234,-14.471261024475098,-57.41262435913086,14.697721481323242,-22.12040138244629,-7.842508316040039,-33.36541748046875,8.460372924804688,-6.3166117668151855,-7.706787586212158,-24.023916244506836,-8.294764518737793,-13.127192497253418,61.02485275268555,10.513832092285156,8.37409782409668,4.215043067932129,4.122378349304199,3.6496779918670654,5.264389514923096,3.3780429363250732,4.479724884033203,3.9113197326660156,5.03385591506958,3.074345111846924,4.43151330947876,2498.554212278203,211.2914023852421,0.14699258609693877,0.026417878536507053,flute,acoustic
-408.9578552246094,92.00873565673828,50.81759262084961,38.613983154296875,30.380521774291992,21.626039505004883,16.837688446044922,12.390135765075684,10.484782218933105,8.525956153869629,6.915521621704102,6.6616058349609375,4.365236282348633,64.83047485351562,42.13836669921875,19.331180572509766,8.176469802856445,5.691056728363037,7.243059158325195,4.535191059112549,5.481838703155518,5.091987609863281,5.210228443145752,5.406637191772461,4.136590003967285,5.451446056365967,419.56526362578387,211.07005410902104,0.01443359375,0.002470838218885698,string,acoustic
-168.15663146972656,115.42926788330078,-68.88267517089844,16.902233123779297,-37.831241607666016,-17.22526741027832,-21.408967971801758,-26.88200569152832,-31.37323760986328,-19.450407028198242,-28.76903533935547,-22.102203369140625,-24.336111068725586,61.39667892456055,7.605776786804199,15.406757354736328,4.741008281707764,8.791254043579102,5.142993450164795,5.203336715698242,5.224997520446777,5.719907760620117,4.093758583068848,4.995616912841797,3.861612319946289,4.421103000640869,1151.5698881919166,98.39807895342634,0.07816256009615384,0.012838549641860141,string,acoustic
-369.3916931152344,-52.48734664916992,-33.57563400268555,18.908817291259766,-7.132572174072266,9.83319091796875,30.575014114379883,20.364086151123047,5.577528476715088,6.355711460113525,-18.078367233276367,38.99617004394531,18.0747013092041,24.777099609375,12.562274932861328,5.849414825439453,5.670198917388916,4.307777404785156,5.784755229949951,3.845588445663452,6.732451438903809,4.019011974334717,3.6106340885162354,3.959318161010742,5.055633068084717,2.5755417346954346,3154.5718797094714,57.488183952151324,0.3645768873762376,0.02904662448002546,flute,acoustic
-194.3077392578125,70.33020782470703,-60.23284912109375,7.980632781982422,-12.943097114562988,-9.286808967590332,-9.291458129882812,-16.391109466552734,-10.75033950805664,-9.44847583770752,-0.017483120784163475,-4.019190311431885,-8.782776832580566,43.663658142089844,9.70026683807373,14.494171142578125,4.218296051025391,6.058264255523682,4.122096061706543,3.236839532852173,4.613750457763672,3.416738986968994,2.9178059101104736,3.0453546047210693,3.6283843517303467,3.804216146469116,1001.9983745070124,43.83541539564906,0.050554371843434344,0.005749556618297232,flute,acoustic
-378.119140625,179.99871826171875,95.43888854980469,59.09876251220703,31.285608291625977,11.07861328125,1.3837144374847412,-2.7040817737579346,-0.7299643754959106,-0.1948264092206955,0.6697834134101868,2.968721389770508,3.3057682514190674,57.74116516113281,33.537452697753906,22.69846534729004,6.161849498748779,12.53058910369873,12.264297485351562,10.602293014526367,9.016568183898926,8.723077774047852,5.778977394104004,3.830820322036743,4.398976802825928,5.604349613189697,216.83638133849496,61.42799568097647,0.009991901676829269,0.0024092720418726656,bass,synthetic
-279.68841552734375,38.74501037597656,-12.922303199768066,-5.302585124969482,-28.2718505859375,-13.445106506347656,-7.774975299835205,18.713119506835938,22.681520462036133,24.05372428894043,0.6973874568939209,-10.439062118530273,-24.05729103088379,33.68064880371094,5.893158912658691,4.017507076263428,4.596954822540283,4.868961811065674,4.736988067626953,3.0059499740600586,2.7975430488586426,3.7270078659057617,4.392604827880859,3.9669055938720703,2.3011889457702637,3.2984812259674072,1056.0036242102674,62.022616905377824,0.09192143654336735,0.010301558641635518,flute,synthetic
-358.07757568359375,-33.082820892333984,-30.11149787902832,14.49736499786377,0.6443309783935547,13.326021194458008,0.4885999262332916,-2.993046998977661,34.39729690551758,53.374942779541016,-3.307286024093628,-20.50046157836914,-0.4903869032859802,42.37297058105469,15.158934593200684,4.875904083251953,4.516009330749512,7.0244269371032715,4.874302387237549,4.151119709014893,4.924176216125488,6.211915493011475,6.349747180938721,3.5199320316314697,4.178602695465088,4.240291118621826,2307.8333168815943,243.00550321973597,0.21376772280092593,0.0473378143888555,flute,acoustic
-416.2713623046875,-25.335344314575195,-34.14054489135742,0.7199437618255615,-29.395158767700195,-19.177431106567383,-27.46014404296875,-21.81083106994629,-23.754169464111328,10.92307186126709,34.705047607421875,49.93794250488281,19.45466423034668,96.5025863647461,41.23411178588867,7.069018363952637,15.913043022155762,12.412731170654297,7.788492202758789,6.335250377655029,7.862387657165527,15.001227378845215,6.457590579986572,7.51235294342041,10.748645782470703,6.902525901794434,1945.8290182065393,317.30217354583823,0.12153764204545454,0.04212460671154811,flute,acoustic
-203.9821319580078,152.8721466064453,-46.38756561279297,-1.9278564453125,-19.190780639648438,-10.529377937316895,-8.538521766662598,-0.1560148298740387,-8.061823844909668,-6.35162353515625,-0.2696850895881653,2.9373183250427246,-3.4163658618927,59.233402252197266,24.949525833129883,14.920401573181152,6.292242050170898,4.222596645355225,4.481522083282471,4.303427219390869,4.447161674499512,2.6315696239471436,2.2174601554870605,3.3365187644958496,3.0584514141082764,2.8666343688964844,837.6060808809035,196.76147416048514,0.07906326593137254,0.009610168889933029,bass,synthetic
-267.76177978515625,-19.223209381103516,-91.04331970214844,-14.236268043518066,-17.793092727661133,-18.670825958251953,-15.936695098876953,-10.083045959472656,7.049238204956055,36.4745979309082,32.26863479614258,17.03964614868164,-24.801429748535156,43.21770477294922,20.99315643310547,13.970534324645996,5.532378196716309,5.81615686416626,3.7498886585235596,4.276933193206787,3.265753984451294,3.26755952835083,3.620593547821045,4.995613098144531,3.380937337875366,3.9293620586395264,1870.6797652223174,100.69135576881878,0.14609375,0.02278479579128346,brass,acoustic
-276.271240234375,224.5221405029297,-64.60566711425781,-49.6695442199707,22.803884506225586,6.573189735412598,-11.136696815490723,-14.688509941101074,-21.163238525390625,-9.705658912658691,0.43279579281806946,-6.134940147399902,-9.774215698242188,45.43610382080078,16.762800216674805,24.144893646240234,8.607895851135254,7.039081573486328,8.852996826171875,6.630014896392822,6.7375054359436035,5.333919048309326,9.352510452270508,6.475335121154785,5.498776435852051,6.337687015533447,784.8562029693437,57.458882477579984,0.09471287237149532,0.0159826203134223,brass,acoustic
-312.70068359375,31.93655776977539,-56.4505615234375,-30.705371856689453,-38.9367561340332,-28.219852447509766,-21.655824661254883,-7.173286437988281,7.658811092376709,33.89344787597656,31.49153709411621,11.239043235778809,-20.46597671508789,37.6539306640625,14.424001693725586,11.3074369430542,5.979965686798096,5.9179792404174805,6.747561454772949,3.8122808933258057,4.582366466522217,3.8640480041503906,3.9874019622802734,3.442906141281128,2.925994873046875,4.149857997894287,1407.747012757245,166.58988228453623,0.09279691256009616,0.01650425348383716,brass,acoustic
-326.6637878417969,3.606189489364624,-34.27589797973633,-31.951433181762695,-41.34722137451172,2.885106325149536,17.859481811523438,17.09199333190918,-22.449851989746094,-27.86649513244629,-26.616107940673828,22.45590591430664,29.024328231811523,21.416542053222656,5.196005821228027,6.493538856506348,5.200424671173096,4.679411888122559,3.0597875118255615,5.3910017013549805,5.969571113586426,4.567674160003662,4.126839637756348,3.242403745651245,3.2499375343322754,3.947413206100464,1398.3318166601698,58.00891069382714,0.12300248579545454,0.00913545694677861,flute,acoustic
-406.3644714355469,58.0153694152832,34.46669387817383,25.333423614501953,20.08403968811035,14.233092308044434,10.55240535736084,7.188805103302002,4.74405574798584,3.330853223800659,2.1294357776641846,1.6035224199295044,1.3019092082977295,63.4581413269043,51.71525573730469,11.937538146972656,6.616488456726074,3.689793586730957,3.0383756160736084,2.1896812915802,2.778982162475586,2.828963041305542,2.437091588973999,1.8359354734420776,1.2429007291793823,1.4547603130340576,230.517942966016,219.45321712997688,0.016268643465909092,0.0024342329081798847,bass,synthetic
-387.057861328125,26.112789154052734,-87.01422119140625,37.74155807495117,-57.11845779418945,-50.98270797729492,-10.854042053222656,-20.011507034301758,-42.918663024902344,19.03458023071289,-7.907495975494385,-6.3623881340026855,5.035336017608643,181.78782653808594,6.359060287475586,27.621244430541992,6.971785545349121,18.751052856445312,14.379393577575684,18.01849937438965,1.7755956649780273,10.384013175964355,2.94862961769104,9.901204109191895,4.080058574676514,7.592833518981934,2478.0173908329352,64.88298931111106,0.2523716517857143,0.06526729569334347,string,acoustic
-173.10313415527344,12.639473915100098,-28.725008010864258,9.986852645874023,-15.261594772338867,-20.42642593383789,-27.302471160888672,-15.774622917175293,-11.689352035522461,-18.061729431152344,-18.068828582763672,-18.226490020751953,-24.899982452392578,75.45245361328125,31.121631622314453,12.972940444946289,6.100800037384033,4.857684135437012,4.382754802703857,4.500654220581055,6.265398025512695,5.663802623748779,7.072724342346191,7.007419109344482,6.9420013427734375,8.714841842651367,1821.9776743745529,306.3263214304115,0.14566744290865385,0.027103876196588977,string,acoustic
-324.8977355957031,77.08712005615234,-0.6315618753433228,-12.443819046020508,-24.941417694091797,-14.484875679016113,-24.319217681884766,-18.717670440673828,11.756242752075195,12.437085151672363,17.91202163696289,34.715187072753906,26.621095657348633,20.84534454345703,14.810129165649414,1.6087555885314941,2.7361185550689697,3.2853341102600098,5.960247039794922,3.6844513416290283,2.5304651260375977,2.3013265132904053,1.9780834913253784,2.5767664909362793,3.3471686840057373,2.3852813243865967,759.4477088202242,59.1370795743795,0.07227529393564357,0.005716622771229121,flute,synthetic
-198.98974609375,69.0363998413086,-32.41352462768555,0.09499743580818176,-5.715851306915283,-1.8614797592163086,-16.783708572387695,-10.743141174316406,-10.7283935546875,6.7550458908081055,2.1206860542297363,-3.5830087661743164,-3.032862424850464,34.82777786254883,16.693326950073242,8.86015796661377,3.7985479831695557,4.035831451416016,4.545022010803223,3.4942548274993896,3.5263936519622803,3.2422327995300293,2.6561248302459717,2.701615333557129,3.3750293254852295,3.33096981048584,1039.978444070962,205.98158017184863,0.058880678157216496,0.007304813673447442,flute,acoustic
-184.077392578125,87.41219329833984,-13.374144554138184,8.745582580566406,5.911293983459473,4.106876373291016,-0.3419196903705597,-7.259937286376953,-15.002001762390137,-8.715996742248535,-15.720908164978027,-0.5784299373626709,-13.4708251953125,51.145469665527344,20.253253936767578,14.168757438659668,8.339654922485352,6.3844146728515625,6.209404468536377,8.516104698181152,5.761244773864746,6.651237964630127,4.010674953460693,4.294168949127197,3.7621357440948486,3.9778811931610107,923.7367046767085,156.20645475916365,0.03543311050257732,0.011510706662062971,flute,acoustic
-357.65966796875,156.3391571044922,31.40192985534668,-18.51639175415039,-14.763355255126953,-12.981353759765625,-12.072809219360352,-8.125604629516602,-9.357942581176758,-9.907824516296387,-5.351129055023193,-3.318510055541992,-4.550287246704102,23.9736385345459,18.36397361755371,8.170244216918945,8.108796119689941,4.658017635345459,5.1866583824157715,4.116642951965332,3.3448169231414795,3.7986533641815186,3.57602596282959,3.7469520568847656,4.428084850311279,4.556280136108398,448.66151552210283,78.63664552188982,0.04180404243119266,0.012742761172868475,brass,acoustic
-357.10711669921875,80.76667785644531,14.22519588470459,23.02302360534668,7.707911491394043,-5.740129470825195,-6.121150493621826,-9.997881889343262,-12.297813415527344,-12.620163917541504,-18.224945068359375,-19.58426284790039,-8.160572052001953,22.54091453552246,18.09259605407715,10.762214660644531,5.218716621398926,3.586982011795044,7.235065937042236,4.47163200378418,3.4355289936065674,3.0672342777252197,4.476099014282227,5.088436126708984,4.720397472381592,3.1191718578338623,361.6314618362116,8.336633179627617,0.038306142769607844,0.0031180116273517916,flute,acoustic
-363.487060546875,41.041751861572266,-4.693639278411865,-0.27128487825393677,-18.13922691345215,-15.121576309204102,-24.50815200805664,-14.684663772583008,0.051068585366010666,15.75151538848877,21.3172607421875,30.040332794189453,20.026287078857422,21.00636863708496,18.677194595336914,5.021984577178955,7.173874855041504,4.480431079864502,4.035282611846924,5.672703266143799,3.5457518100738525,3.4366135597229004,3.1347432136535645,3.558178424835205,4.472050189971924,3.228114128112793,706.293570128597,90.39736527091874,0.07228477328431372,0.005806446878481608,flute,acoustic
-299.2215576171875,223.51705932617188,2.4247584342956543,-15.124359130859375,0.4551026523113251,-19.496456146240234,-17.485580444335938,-9.97851848602295,-9.498154640197754,-9.577783584594727,-8.648637771606445,-5.691933631896973,-3.012343406677246,71.64884948730469,37.63193893432617,18.521484375,6.9801926612854,5.564849853515625,7.294224262237549,4.0706892013549805,2.9808433055877686,3.079458236694336,3.402703285217285,2.633836269378662,2.3622186183929443,4.013026714324951,564.0260364801686,66.74147472379305,0.04578218005952381,0.01135053726981332,brass,acoustic
-411.65191650390625,55.835731506347656,-10.102242469787598,-10.999394416809082,-5.554798126220703,10.311223030090332,24.32997703552246,36.53325271606445,21.46641731262207,-15.63959789276123,-23.527647018432617,2.3079018592834473,18.994075775146484,45.2418212890625,9.272601127624512,17.324918746948242,9.906864166259766,6.067885398864746,5.071661472320557,7.46660852432251,9.14004898071289,7.924346923828125,5.7539873123168945,6.535889625549316,2.637679100036621,6.832759857177734,1235.364337589354,116.24013369485435,0.1095458984375,0.01725041405554039,flute,acoustic
-496.0428771972656,51.804439544677734,40.268333435058594,34.39961624145508,32.05112838745117,30.08356285095215,28.745512008666992,27.40983772277832,25.147836685180664,21.877904891967773,18.487911224365234,16.29969024658203,15.43679141998291,52.23054885864258,47.02448654174805,18.266088485717773,15.369575500488281,10.700366020202637,9.456949234008789,7.150967121124268,5.000974655151367,4.594870567321777,6.899616718292236,10.092598915100098,10.072625160217285,7.064927101135254,53.50110100745319,129.63227688587523,0.001893939393939394,0.007244799290663018,bass,synthetic
-307.5902404785156,70.64126586914062,-113.38594055175781,-7.894694805145264,-25.101404190063477,-21.37494659423828,-25.03644371032715,-12.565855979919434,-24.57604217529297,-5.225718975067139,-10.259271621704102,-10.929181098937988,-13.502153396606445,63.301185607910156,15.12673568725586,11.503202438354492,8.950754165649414,6.663744926452637,5.875761032104492,4.187398433685303,7.228640556335449,6.0554423332214355,5.372239112854004,7.609346389770508,4.107431411743164,4.7283406257629395,1289.966268949793,92.89587341373908,0.1260400390625,0.021026011456485263,brass,acoustic
-193.48431396484375,119.9918212890625,-60.898536682128906,23.808034896850586,-24.922306060791016,-16.484235763549805,-12.245895385742188,-20.67462921142578,-10.451416015625,-14.116050720214844,-23.024356842041016,-20.82924461364746,-17.29790687561035,41.855133056640625,7.492900371551514,13.4386568069458,5.961279392242432,6.5873565673828125,4.069759845733643,4.6780524253845215,4.1271748542785645,4.154994010925293,3.2518668174743652,3.878512382507324,4.564947128295898,3.9941587448120117,910.9853843650426,127.83068885297398,0.039849438713592235,0.010885652358603693,string,acoustic
-320.7986755371094,81.76591491699219,-101.31893157958984,-20.168704986572266,-10.217672348022461,-13.116998672485352,-15.075010299682617,-13.84654712677002,-10.043489456176758,4.222832202911377,21.312149047851562,44.95206832885742,44.73224639892578,91.4720687866211,11.223285675048828,32.32454299926758,3.924348831176758,19.883405685424805,11.996511459350586,10.197938919067383,5.6891326904296875,7.659702301025391,2.670039653778076,2.9513659477233887,5.190144062042236,4.143136978149414,1374.468708030264,67.24458133863767,0.1374267578125,0.031278397055601474,brass,acoustic
-416.1381530761719,94.59628295898438,28.18512535095215,30.123537063598633,17.090457916259766,11.771495819091797,3.414100408554077,-0.2790885269641876,-0.8227051496505737,1.5675214529037476,3.4414825439453125,1.8676683902740479,-0.45868512988090515,88.2415542602539,30.474546432495117,24.809465408325195,8.098525047302246,10.712759017944336,6.499562740325928,11.618163108825684,11.695770263671875,10.892292976379395,7.322877883911133,6.011801242828369,7.353687763214111,6.597326278686523,774.0723438927814,306.7956387857754,0.024456155711206896,0.011635419421097182,string,acoustic
-124.37197875976562,-15.736337661743164,13.412510871887207,19.486486434936523,0.4772398769855499,6.066610336303711,-7.492456436157227,2.9011754989624023,-6.9773664474487305,-1.7672128677368164,-4.571791648864746,-3.346285104751587,-12.665088653564453,72.64679718017578,14.078156471252441,3.763394594192505,1.8957343101501465,1.0288054943084717,0.7113550901412964,1.3663692474365234,1.2882601022720337,1.464455485343933,1.3860480785369873,1.7714029550552368,1.5486905574798584,1.0672882795333862,1832.3429868409391,23.474291768923283,0.02581894188596491,0.001655387968350195,bass,synthetic
-251.63632202148438,-93.62979125976562,-60.470802307128906,29.57324981689453,-19.762985229492188,-7.986120223999023,-8.693775177001953,-5.898879051208496,2.36643385887146,-9.048589706420898,5.314629554748535,34.812923431396484,-9.03262996673584,39.09174728393555,15.11707592010498,8.976434707641602,3.8918843269348145,8.395974159240723,3.0984392166137695,3.4645376205444336,4.700664520263672,4.304917812347412,4.483522891998291,5.112476825714111,5.118047714233398,3.458390712738037,2622.1626067798957,85.43273483510335,0.23018268623737373,0.01700982774363842,flute,acoustic
-143.49119567871094,-29.354820251464844,-48.87882995605469,25.58863639831543,-57.88030242919922,12.09286880493164,-45.826011657714844,3.140658378601074,1.9936344623565674,44.6396369934082,34.47071838378906,15.705415725708008,-24.207372665405273,44.227684020996094,11.008026123046875,11.772116661071777,7.46104621887207,8.422307014465332,4.5243730545043945,5.892049789428711,5.2367119789123535,4.011880874633789,6.455893039703369,5.7129740715026855,4.267049789428711,4.047253131866455,2967.484358973816,206.6514351928382,0.2718065399484536,0.05955058185289543,string,electronic
-496.3988342285156,67.99740600585938,53.15911102294922,48.69447708129883,40.61910629272461,35.89821243286133,28.897647857666016,22.473724365234375,18.58550453186035,12.350648880004883,9.72473430633545,6.395741939544678,3.5833117961883545,87.849853515625,32.25355911254883,24.331193923950195,14.180486679077148,16.724023818969727,10.880507469177246,11.076614379882812,10.696147918701172,6.77359676361084,7.390786647796631,4.10910701751709,2.95302677154541,2.9004695415496826,199.77102360141257,647.4120985448574,0.009735422036082474,0.0423962749471948,bass,synthetic
-290.4161376953125,-16.27381706237793,-29.551197052001953,-23.87518310546875,2.0383718013763428,17.22100830078125,-14.028430938720703,-12.21895980834961,12.408126831054688,27.004772186279297,-9.695908546447754,-19.303834915161133,15.610509872436523,26.108383178710938,9.086260795593262,12.62369441986084,4.275913715362549,6.565954685211182,4.954631805419922,4.936324119567871,4.318371295928955,3.4105167388916016,3.9697275161743164,3.294093608856201,3.281331777572632,3.7266268730163574,1921.901656084483,104.81929503764688,0.18309540109536082,0.01453490072072298,flute,acoustic
-175.92349243164062,45.62590789794922,11.562447547912598,52.77919006347656,17.654197692871094,15.696721076965332,-20.3414249420166,-25.460689544677734,-32.0404052734375,0.6540141701698303,2.285785436630249,-0.9497365951538086,-13.539339065551758,83.02189636230469,21.318700790405273,9.216879844665527,4.3181962966918945,4.413334846496582,5.121500492095947,3.4299423694610596,4.517029285430908,3.9697444438934326,4.333998203277588,3.006385087966919,3.1332895755767822,3.0161588191986084,2221.798506803318,425.54279738069033,0.11427573107798165,0.04403431387234888,flute,acoustic
-239.62681579589844,171.77871704101562,33.794578552246094,33.651737213134766,33.709144592285156,18.827505111694336,10.134193420410156,4.208776473999023,2.827737808227539,1.3367985486984253,1.9093222618103027,1.3250929117202759,-1.3069486618041992,42.936012268066406,23.776065826416016,13.794931411743164,18.382963180541992,10.177103042602539,6.580568313598633,4.887872219085693,4.245002746582031,3.3428773880004883,3.310580253601074,3.2273783683776855,3.0246171951293945,3.008443593978882,256.3094000886076,63.457987240803625,0.008450255102040817,0.001248601331925788,bass,synthetic
-302.9097595214844,-58.40903854370117,1.7647110223770142,6.500171661376953,-14.014760971069336,-8.00846004486084,7.228944778442383,30.2392520904541,24.653818130493164,17.160280227661133,-2.5935025215148926,16.587265014648438,18.83631706237793,108.1523208618164,25.518997192382812,9.857266426086426,16.995635986328125,7.221985340118408,7.680810928344727,5.06982946395874,6.937106132507324,16.4663028717041,4.483602523803711,4.619191646575928,9.382984161376953,3.5071003437042236,2861.271888358827,269.1522295419632,0.33509765625,0.05590856901490534,bass,synthetic
-177.70628356933594,30.125743865966797,-47.12279510498047,-1.2621173858642578,-47.14551544189453,-21.893817901611328,-29.96480941772461,-18.743257522583008,-35.73221206665039,-17.689800262451172,-8.702342987060547,8.923320770263672,11.794154167175293,60.38352584838867,5.734670639038086,7.4624223709106445,4.884904384613037,6.665290355682373,3.7387759685516357,4.643626689910889,5.002671241760254,5.043304920196533,4.632448196411133,5.354438781738281,5.230953216552734,5.946033954620361,2022.5639048743267,113.70399876578702,0.16807673527644232,0.02858161940993788,string,acoustic
-275.98065185546875,119.50575256347656,14.9689302444458,22.36713218688965,17.11607551574707,16.401588439941406,9.480978965759277,12.89242935180664,8.649860382080078,9.55681037902832,6.1675519943237305,8.183917999267578,5.804910659790039,99.1776351928711,23.228599548339844,13.491293907165527,12.207840919494629,7.708526611328125,4.088179111480713,2.8102822303771973,2.5945332050323486,2.3012759685516357,2.2142932415008545,1.8338449001312256,1.8698995113372803,1.505652666091919,458.1882298866111,158.96503177846088,0.0043487548828125,0.0009793004754467798,bass,synthetic
-231.19178771972656,182.1482696533203,-11.70709228515625,14.13304615020752,-3.8257250785827637,-14.794663429260254,-4.177305221557617,0.9959776997566223,-9.419187545776367,-12.332575798034668,-20.101829528808594,-13.288987159729004,-6.526276588439941,47.89910888671875,12.234443664550781,12.097478866577148,5.0191521644592285,5.343110084533691,4.927375316619873,3.410750389099121,3.1047539710998535,4.1846723556518555,3.2084834575653076,4.330321311950684,4.548856735229492,4.29563045501709,582.5095036290019,50.2299302884543,0.04087007962740385,0.007289040559621114,string,acoustic
-113.37562561035156,-42.20770263671875,-4.879199028015137,13.343714714050293,-5.609605312347412,-5.241148948669434,-22.755765914916992,20.247697830200195,16.564884185791016,-3.3149406909942627,11.095783233642578,-7.051490783691406,-30.039779663085938,54.050960540771484,4.959846019744873,1.7643014192581177,2.3750157356262207,1.6794527769088745,2.2785654067993164,2.949660062789917,2.7436797618865967,2.2941582202911377,1.5315487384796143,2.4365110397338867,1.936415433883667,3.2700345516204834,4037.9290509558014,11.939287411267111,0.5073544217139175,0.05801747149321291,bass,synthetic
-362.98046875,-74.25162506103516,-34.17173385620117,11.091691017150879,-16.018522262573242,27.290203094482422,3.6744580268859863,-15.743486404418945,-9.11720085144043,3.010467290878296,20.34481430053711,-14.364011764526367,-12.613755226135254,38.737483978271484,11.65720272064209,8.373038291931152,3.254371404647827,3.651522159576416,4.036087512969971,4.290642261505127,5.479358673095703,4.4339280128479,4.987955093383789,3.7075319290161133,4.056216716766357,3.719515562057495,4120.990876908735,31.96887636855996,0.5152931583737864,0.040947292996313465,flute,acoustic
-312.35723876953125,156.4931182861328,1.1402390003204346,-26.88492202758789,-3.9632060527801514,2.4093739986419678,-18.566146850585938,-17.862560272216797,-7.068356990814209,-27.19567108154297,-14.98922061920166,-8.319901466369629,-12.310050010681152,41.08067321777344,20.665037155151367,18.061016082763672,11.295000076293945,4.169797897338867,4.740584850311279,4.975983619689941,3.0061843395233154,5.2259368896484375,5.281669616699219,3.622002363204956,2.892670154571533,3.6111392974853516,538.8600042042651,44.830345256461314,0.05430932138480392,0.012136343059782242,brass,acoustic
-271.4356384277344,47.53765106201172,-140.46177673339844,36.56013870239258,-42.72120666503906,-25.982826232910156,-2.1571085453033447,-15.840412139892578,-24.264469146728516,-10.669745445251465,-12.416229248046875,-19.652076721191406,-8.236135482788086,44.538368225097656,19.71548080444336,20.908464431762695,11.50578784942627,9.914519309997559,4.694097995758057,5.489214897155762,4.366250038146973,4.1529622077941895,2.7232110500335693,3.0978140830993652,3.7877511978149414,4.1780805587768555,1746.8455188188832,151.31703613878665,0.16581833964646464,0.036436060534540037,brass,acoustic
-429.19146728515625,69.03459167480469,5.795062065124512,14.42808723449707,-32.64240264892578,-12.544543266296387,-7.627793312072754,-7.754287242889404,-30.374834060668945,16.622283935546875,2.018871307373047,-34.598419189453125,-15.618805885314941,61.1593017578125,14.625101089477539,4.947749137878418,6.238846778869629,2.421041488647461,5.412395477294922,3.340888500213623,5.311316013336182,5.382651329040527,4.878901481628418,6.307547569274902,6.160260200500488,5.230808258056641,2802.5030892115155,229.9913116598156,0.4286926839953271,0.04930092562697127,bass,synthetic
-489.0992126464844,-8.154082298278809,-8.002422332763672,16.058120727539062,-10.679702758789062,-5.552082061767578,16.696033477783203,-11.57915210723877,-3.6950063705444336,15.760663032531738,-15.048359870910645,0.01008281484246254,12.90854549407959,32.00566482543945,10.300573348999023,9.925518989562988,5.712581157684326,2.831597089767456,3.4039905071258545,5.7074384689331055,2.9960317611694336,2.3281211853027344,4.625085830688477,6.697580337524414,1.9273905754089355,2.4618923664093018,2968.146187976443,13.876561304701763,0.36393936820652173,0.02999025860332022,bass,synthetic
-275.7822265625,46.923980712890625,10.538811683654785,29.527896881103516,15.535452842712402,21.279970169067383,12.304924011230469,19.041807174682617,10.762130737304688,15.291129112243652,5.205489158630371,9.390559196472168,2.560634136199951,30.190107345581055,8.040635108947754,8.496149063110352,6.274317741394043,5.946568489074707,4.288725852966309,3.8777146339416504,4.163590431213379,4.335214614868164,3.6596555709838867,3.2385501861572266,2.351526975631714,3.2358195781707764,699.8166255980477,352.7455083605082,0.01613819355867347,0.004847494865829548,flute,synthetic
-381.6778869628906,68.6026840209961,-92.4509048461914,-25.673545837402344,-17.497222900390625,-13.491902351379395,-14.543591499328613,-10.086336135864258,7.682107448577881,26.002639770507812,33.176753997802734,28.014989852905273,-3.417715072631836,109.96158599853516,9.22329044342041,39.169071197509766,3.891828775405884,20.467750549316406,6.85507345199585,6.52818489074707,5.587765216827393,6.170616626739502,4.935406684875488,3.6722986698150635,3.588310480117798,2.690521240234375,1304.493579630552,126.26445272499573,0.108642578125,0.024373338430781148,brass,acoustic
-115.91362762451172,44.38433837890625,11.305057525634766,48.27320098876953,18.10074806213379,24.870746612548828,2.8775265216827393,6.593807697296143,-8.96744155883789,-0.5333163142204285,-9.613191604614258,0.18629463016986847,-6.06065559387207,65.22298431396484,15.550532341003418,8.467025756835938,2.546844482421875,4.1854166984558105,3.7466583251953125,3.406435251235962,3.955989122390747,3.3244385719299316,3.598982810974121,2.680166482925415,3.221874952316284,3.4737184047698975,2453.977947391434,290.70429545713307,0.17582310267857143,0.029811720800348846,flute,acoustic
-240.57608032226562,61.33917999267578,-41.457496643066406,-23.07435417175293,-29.871753692626953,-6.743115425109863,-17.227474212646484,-5.529794692993164,-11.119697570800781,-5.145510673522949,-6.026268005371094,0.05390768125653267,-10.520916938781738,178.3358154296875,58.71435546875,24.589529037475586,8.134480476379395,8.0931978225708,6.662182331085205,5.895439147949219,6.208230018615723,3.109527587890625,2.4588513374328613,4.767902374267578,2.23279070854187,4.3313446044921875,2283.7163914191888,751.2417346506065,0.11025390625,0.03812460477030026,brass,acoustic
-210.35801696777344,20.65237045288086,-48.473323822021484,5.228219985961914,-41.71975326538086,-15.771734237670898,-24.315135955810547,-9.59780502319336,-31.487754821777344,-30.245927810668945,-23.449668884277344,-4.951024532318115,13.61775016784668,60.15645980834961,12.37837028503418,8.426460266113281,5.569726943969727,6.900903224945068,3.8843185901641846,6.0495123863220215,3.33512282371521,4.894587516784668,3.8319554328918457,4.8560791015625,3.9623377323150635,4.023465633392334,1912.4915491533195,158.3810958064885,0.13888046116504854,0.021070060273822994,string,acoustic
-140.4757080078125,37.53071594238281,-36.90739822387695,11.118549346923828,-40.2008056640625,-14.25748348236084,-25.619253158569336,-15.686843872070312,-30.827369689941406,-18.338266372680664,-14.147068977355957,-0.7025281190872192,10.899846076965332,70.52983093261719,7.92881965637207,6.864151954650879,4.993829727172852,6.165412902832031,3.916624069213867,5.02870512008667,4.111636161804199,5.403160572052002,5.044468879699707,4.351684093475342,4.3266921043396,6.0542802810668945,2134.317289435969,113.9457311707059,0.16417987530048078,0.03326524095232667,string,acoustic
-335.4701843261719,77.45647430419922,4.051272392272949,19.318763732910156,-6.168832302093506,-11.62906265258789,-11.209270477294922,-14.105433464050293,-18.22284698486328,-15.612749099731445,-7.971258640289307,-2.878946542739868,-7.675432205200195,21.73002052307129,18.858259201049805,9.145157814025879,4.861054420471191,2.759174346923828,2.7253453731536865,3.294621467590332,5.152117729187012,5.983016490936279,6.445624828338623,2.93412709236145,3.4976320266723633,4.030350685119629,525.8431157067469,50.54477105957383,0.0457421875,0.003582054678903751,flute,acoustic
-424.728759765625,60.362510681152344,29.8676815032959,24.979541778564453,13.544868469238281,7.667618751525879,-0.2505711317062378,-4.915005207061768,-10.260921478271484,-11.592976570129395,-13.175619125366211,-13.086674690246582,-14.652132987976074,124.388671875,47.99317932128906,14.952080726623535,7.240236759185791,5.078860759735107,6.0287251472473145,6.286520004272461,9.326775550842285,8.084000587463379,9.187762260437012,7.120603561401367,8.246560096740723,5.4670634269714355,322.6916586178787,144.27540829896785,0.0253173828125,0.004977775294202988,bass,synthetic
-469.69970703125,69.86990356445312,50.557010650634766,29.97437286376953,12.808603286743164,11.053994178771973,-3.5392558574676514,-3.7776081562042236,-9.670120239257812,-4.603045463562012,-1.456717848777771,-15.656648635864258,-8.407411575317383,47.38630676269531,22.02281379699707,7.7587175369262695,10.622993469238281,11.171314239501953,7.897714138031006,6.806037425994873,3.0108799934387207,6.281996250152588,5.636043071746826,7.27651834487915,12.112079620361328,4.776783466339111,338.831019642891,170.28189927181288,0.02462121212121212,0.0019495346936553746,bass,electronic
-427.6725158691406,66.06246948242188,24.759103775024414,8.407818794250488,0.9546450972557068,-6.454387664794922,-10.102152824401855,-12.428654670715332,-14.04574966430664,-14.995235443115234,-15.484980583190918,-14.268275260925293,-9.057414054870605,72.23087310791016,49.6223258972168,17.434734344482422,14.381207466125488,5.320093154907227,6.097661972045898,4.698416233062744,3.973161458969116,3.181067943572998,2.433640241622925,2.971123695373535,4.106297492980957,4.457925796508789,408.6543512332617,77.08395770348285,0.048502604166666664,0.00790184641532445,bass,synthetic
-230.46624755859375,7.380873680114746,-25.562454223632812,-12.323380470275879,-29.376436233520508,-11.898228645324707,5.143847465515137,8.420731544494629,-29.544851303100586,-29.915925979614258,-1.7606968879699707,39.12919235229492,0.794768750667572,50.22645950317383,13.584569931030273,5.099691867828369,4.267143726348877,4.457507610321045,5.683539390563965,3.9361114501953125,3.8678927421569824,3.3599331378936768,3.8118174076080322,3.614851474761963,4.741621971130371,3.637646436691284,2966.083552581298,238.30925988536788,0.26533582372572817,0.04806660400680321,string,acoustic
-388.47943115234375,100.9875259399414,74.6184310913086,57.29961395263672,44.08341598510742,36.94721221923828,29.457088470458984,24.482254028320312,19.4931583404541,14.979863166809082,11.795238494873047,9.763670921325684,8.576763153076172,79.1788101196289,52.500736236572266,29.106529235839844,17.34995460510254,17.240848541259766,13.11854362487793,12.724853515625,10.747400283813477,10.133285522460938,9.761347770690918,8.852926254272461,7.628747463226318,6.601254940032959,131.73529838345502,256.2734803651831,0.01038345025510204,0.006442590829527846,bass,synthetic
-219.1714324951172,51.73942184448242,-41.201385498046875,29.774110794067383,-26.53777503967285,-21.53837776184082,-16.57974624633789,-16.226173400878906,-23.85247230529785,-11.593345642089844,-26.643890380859375,-18.560850143432617,-16.046140670776367,61.97782897949219,12.96683120727539,14.75442886352539,4.69320821762085,8.527840614318848,5.843287944793701,5.595524787902832,4.531235694885254,5.665622711181641,3.536257266998291,5.230787754058838,4.191732406616211,4.314871788024902,1260.3749197110867,187.647110516687,0.06425044221698113,0.031795976955096616,string,acoustic
-288.5574645996094,165.5866241455078,36.58580780029297,12.003203392028809,21.925874710083008,5.550061225891113,-6.942025184631348,0.5165613293647766,0.9257626533508301,-2.035987377166748,3.3046507835388184,6.029743194580078,3.6515204906463623,43.88513946533203,25.32268714904785,15.882769584655762,8.828496932983398,7.164944171905518,3.5740303993225098,5.425179481506348,3.174480438232422,4.102444648742676,3.6948935985565186,2.1312479972839355,2.250410556793213,3.2159714698791504,247.43691227186582,104.42255797158977,0.009538746843434344,0.0047148516668001845,flute,synthetic
-103.7027359008789,-0.8048131465911865,-63.27972412109375,-15.850081443786621,-14.174727439880371,18.00174331665039,2.0006611347198486,11.020408630371094,25.506046295166016,10.837472915649414,-9.84753704071045,-8.52725887298584,-4.825174331665039,46.64970779418945,8.199902534484863,8.378623962402344,6.695363998413086,4.3424882888793945,3.594447374343872,3.3168704509735107,3.7969436645507812,3.603370428085327,3.314342737197876,4.630001544952393,4.088167667388916,2.579338788986206,2319.151013910677,112.8385086552592,0.12388392857142858,0.03576608715788797,flute,acoustic
-221.57493591308594,24.331663131713867,-28.552629470825195,4.502154350280762,-38.95052719116211,-17.513044357299805,-24.56600570678711,-19.363754272460938,-21.793621063232422,-5.99049711227417,15.472203254699707,30.113933563232422,6.0602006912231445,51.15078353881836,8.895430564880371,7.158323764801025,5.799201965332031,5.033400058746338,3.8882312774658203,3.616884231567383,4.0054216384887695,5.9566545486450195,5.681778430938721,3.8349721431732178,3.925065279006958,3.3691046237945557,2025.4605958708075,219.60139064916365,0.12542665351941748,0.04874170711007548,string,acoustic
-381.7212219238281,77.65826416015625,-103.70186614990234,-34.759429931640625,-3.7813920974731445,-24.088117599487305,-22.006946563720703,-14.912696838378906,-20.358413696289062,-11.401500701904297,-9.942278861999512,-19.537193298339844,-13.638018608093262,54.11505126953125,9.798033714294434,15.855087280273438,5.810476779937744,6.743852138519287,4.809362411499023,5.398158550262451,4.561877250671387,6.300004482269287,5.6418681144714355,5.91652250289917,4.293872833251953,3.0985965728759766,1125.712330106082,85.29275626286996,0.11123046875,0.025721254766774962,brass,acoustic
-406.482177734375,41.417396545410156,17.924421310424805,4.117735385894775,9.514814376831055,-10.77231216430664,8.778216361999512,-10.648422241210938,2.087506055831909,-5.257819652557373,-0.7710141539573669,-1.9021891355514526,0.4914664030075073,320.5461730957031,24.025516510009766,10.79916763305664,2.4306023120880127,5.584047794342041,6.335691928863525,5.259800434112549,6.562169075012207,2.4256491661071777,4.320484161376953,2.059399366378784,2.3724091053009033,0.6187596917152405,3719.632829107434,246.94891839950685,0.0260009765625,0.008654948718592858,bass,synthetic
-276.2510986328125,253.05223083496094,23.597124099731445,1.3191324472427368,-17.121301651000977,26.990015029907227,-16.77240753173828,-7.990384578704834,2.672036647796631,-18.345823287963867,-10.3731107711792,-4.756897449493408,-0.07547279447317123,70.39090728759766,22.424522399902344,21.310714721679688,9.593661308288574,9.233415603637695,6.5899224281311035,10.981390953063965,4.26058292388916,4.600218296051025,5.271976470947266,5.5677266120910645,4.070878505706787,2.579669952392578,465.1988535863816,68.42423657995425,0.030670764399509803,0.006694881066036253,brass,acoustic
-387.06787109375,-54.38661575317383,-37.92369079589844,12.006668090820312,-11.223538398742676,-20.829416275024414,7.99689245223999,28.39104461669922,4.609849452972412,5.537978649139404,-0.18691086769104004,-40.671173095703125,1.9730658531188965,32.14958190917969,11.23094367980957,6.550291061401367,4.539169788360596,5.623046398162842,3.1657261848449707,2.747525930404663,4.5133466720581055,4.457706928253174,3.003351926803589,5.3971381187438965,5.756399631500244,3.410177707672119,3048.130333704114,157.90650425950346,0.3072000151699029,0.023234295237743025,flute,acoustic
-396.70086669921875,55.877777099609375,-25.10154914855957,-23.634363174438477,-20.3999080657959,-17.07804298400879,-20.437835693359375,-18.187702178955078,-15.386370658874512,-6.743547439575195,-5.573132514953613,-4.387887001037598,-1.4800962209701538,96.5369873046875,22.121007919311523,18.73314094543457,6.570824146270752,9.476252555847168,4.924489974975586,5.301265239715576,3.635852813720703,6.231800079345703,4.504964828491211,6.523329734802246,3.9776833057403564,5.7955427169799805,994.999835897183,477.3967523857908,0.07196470748546512,0.026806510172762033,brass,acoustic
-332.2337646484375,54.20540237426758,-13.854722023010254,16.526769638061523,10.648188591003418,11.30447006225586,-19.77904510498047,-7.254778861999512,17.442848205566406,2.316868543624878,-32.16364288330078,6.8746562004089355,3.5523455142974854,79.52445220947266,19.8936710357666,26.878376007080078,9.131150245666504,13.796895980834961,7.684298038482666,6.65877103805542,6.16230583190918,4.569790363311768,7.781282901763916,4.419717311859131,5.815141201019287,5.329102039337158,1552.4319212238906,338.9147448009914,0.19836989182692308,0.024573439660158743,bass,synthetic
-209.64967346191406,100.60565948486328,-49.73038101196289,29.505290985107422,-3.5289459228515625,-1.1022902727127075,0.1942346841096878,8.254332542419434,-2.0347564220428467,-1.0006097555160522,-2.219331741333008,2.2559070587158203,-8.88914680480957,53.65501403808594,9.190543174743652,13.71661376953125,9.032824516296387,6.566071033477783,5.2382426261901855,4.178725242614746,4.070392608642578,6.486941337585449,5.207554817199707,4.194549560546875,4.025540351867676,4.350431442260742,1036.7532580191157,112.09396992738147,0.04039375737028302,0.015203222159977542,string,acoustic
-418.6076965332031,48.24540710449219,33.26769256591797,31.58893394470215,14.578892707824707,11.33492374420166,2.5352678298950195,0.7517912983894348,-4.597356796264648,-5.855161190032959,-9.462055206298828,-11.199560165405273,-15.219320297241211,141.75254821777344,58.1971321105957,38.78065872192383,23.999353408813477,16.740760803222656,10.115592956542969,9.608990669250488,6.764985084533691,4.728738307952881,4.868473529815674,3.8864378929138184,4.294009208679199,4.387270450592041,728.5925708241753,855.5066976572023,0.03757772640306122,0.02338823794612989,bass,synthetic
-465.3197326660156,-20.223648071289062,-8.614656448364258,13.094595909118652,8.67361068725586,3.8021962642669678,-3.1854135990142822,39.07856750488281,7.752930164337158,-29.81662368774414,-6.5088887214660645,44.8381462097168,2.6341631412506104,20.029001235961914,9.595331192016602,8.933425903320312,6.571528434753418,12.16227912902832,5.020286560058594,4.4596123695373535,8.106898307800293,4.540722846984863,3.977367401123047,3.492825984954834,5.8660712242126465,2.540144920349121,2200.922214280435,103.3515982198241,0.24403910117574257,0.019739869172431118,flute,acoustic
-330.02752685546875,92.31708526611328,-85.16370391845703,-12.023670196533203,12.64894962310791,-1.7603542804718018,-7.908997535705566,-10.002450942993164,-8.618610382080078,-8.932719230651855,-13.625436782836914,-11.20681381225586,-4.168798446655273,34.98815155029297,17.625328063964844,20.076496124267578,12.04690933227539,6.449237823486328,4.870975494384766,5.029175758361816,4.633249282836914,4.720129013061523,4.144106388092041,4.295547008514404,4.668766498565674,6.568362712860107,1054.6313684300933,77.3795268287812,0.09142127403846154,0.03063433425327075,brass,acoustic
-316.85870361328125,54.07294464111328,-31.671171188354492,-27.523313522338867,-17.92404556274414,0.7876105308532715,-3.5195674896240234,-22.095552444458008,-24.801708221435547,3.0831921100616455,32.42625045776367,36.84566879272461,0.9102925062179565,94.7431869506836,47.597965240478516,23.797290802001953,24.818635940551758,18.502532958984375,20.386911392211914,13.325634956359863,15.503989219665527,10.079850196838379,9.70262336730957,16.58032989501953,19.487844467163086,12.398388862609863,1350.3701273025426,245.71671555082347,0.12035377738402062,0.03206401093639186,bass,synthetic
-439.0264892578125,44.15899658203125,21.58608055114746,10.3921480178833,1.0187819004058838,-9.059845924377441,-18.769697189331055,-26.454288482666016,-31.06052017211914,-29.97138786315918,-24.157869338989258,-16.301210403442383,-11.104242324829102,44.01482391357422,25.33922576904297,4.574557304382324,4.26168966293335,3.9465036392211914,5.649631023406982,6.932162761688232,7.456354141235352,9.280726432800293,8.383877754211426,7.036229133605957,5.057479381561279,5.964622974395752,446.15278085790334,138.11534251727755,0.045306581439393936,0.004115661039383687,string,acoustic
-249.7238006591797,92.15605926513672,-68.13552856445312,-3.9446845054626465,-26.037384033203125,-20.41547966003418,-17.068950653076172,-4.187990665435791,-14.08065128326416,-5.318431854248047,-9.692099571228027,-3.525395631790161,-5.9413275718688965,59.64406967163086,23.923715591430664,18.615236282348633,8.72641658782959,9.767337799072266,6.884712219238281,5.81940221786499,5.374024391174316,6.142049312591553,3.8409831523895264,4.756731986999512,4.1693243980407715,5.927337646484375,1024.8379216340113,122.02702690162498,0.08382775648584906,0.017014863941432347,brass,acoustic
-361.33538818359375,38.639007568359375,-51.79529571533203,-25.34426498413086,-15.853188514709473,-13.84302043914795,-21.425634384155273,-10.150110244750977,-2.1833510398864746,18.65946388244629,26.77005386352539,23.341848373413086,-3.9939968585968018,83.14505767822266,15.697356224060059,27.887876510620117,9.492474555969238,10.930498123168945,6.803179740905762,10.749061584472656,3.356863498687744,7.990687370300293,4.709793567657471,9.81201171875,5.843883991241455,5.8531317710876465,1133.8161532607683,109.24298939942317,0.08051990327380952,0.015445884963127524,flute,acoustic
-253.55191040039062,-26.014545440673828,-91.0450210571289,-2.3617401123046875,-23.248779296875,-6.191100597381592,-8.01963996887207,16.156431198120117,14.466224670410156,21.459714889526367,-9.848220825195312,-14.010632514953613,-13.987771034240723,41.492034912109375,10.922933578491211,7.215939998626709,4.398735046386719,5.362144470214844,4.479271411895752,4.9439921379089355,5.625652313232422,6.6127824783325195,5.517820835113525,5.726745128631592,5.426950454711914,3.639894485473633,2401.244616718056,81.88143585511584,0.26023417771464646,0.03911203155991691,brass,acoustic
-200.7684783935547,65.64212799072266,-24.672954559326172,8.790557861328125,-22.158260345458984,-18.13602066040039,-16.36264991760254,-10.406892776489258,-15.68404483795166,-15.474072456359863,-20.893749237060547,-10.339799880981445,-17.008638381958008,54.87138366699219,12.741572380065918,9.956571578979492,6.536401271820068,7.3923139572143555,5.225675582885742,6.5530877113342285,4.757940292358398,5.600563049316406,3.9390482902526855,4.908684253692627,3.2044031620025635,4.789565563201904,1245.0414200545179,127.60980661369693,0.08594215029761905,0.02130826247638726,string,acoustic
-318.6771545410156,23.666969299316406,-90.76754760742188,-18.12659454345703,-24.5277156829834,-20.628881454467773,-18.128650665283203,-12.36590576171875,-16.693031311035156,-7.559728622436523,-22.789287567138672,-6.152404308319092,3.596226453781128,46.341983795166016,22.214834213256836,13.145527839660645,4.771401405334473,7.251077651977539,5.178685188293457,4.36631965637207,3.306865692138672,4.309106826782227,4.017435073852539,3.6236722469329834,4.1851983070373535,3.3469011783599854,1412.6055417810012,100.89022254430243,0.1062890625,0.012073662055469645,brass,acoustic
-479.3524475097656,32.44917678833008,30.296125411987305,27.4946231842041,23.174381256103516,19.91991424560547,15.898276329040527,12.291057586669922,8.73865032196045,6.086803436279297,2.874798536300659,0.9215604066848755,-1.5129425525665283,66.35639953613281,15.626927375793457,11.23189640045166,8.57703971862793,5.205483436584473,3.998286008834839,3.0569067001342773,3.3464317321777344,3.7704827785491943,3.843169689178467,3.376309633255005,3.323547840118408,2.8375515937805176,214.5018705260004,324.7788939861935,0.017578125,0.002652277708921907,bass,synthetic
-334.28912353515625,159.18896484375,84.41717529296875,47.92585754394531,20.344345092773438,-0.1628323346376419,-7.245253562927246,-7.695138931274414,-5.311880111694336,-2.3576149940490723,1.1134787797927856,2.4275662899017334,1.8452284336090088,52.5191650390625,32.896121978759766,18.68746566772461,8.157281875610352,16.510826110839844,13.092775344848633,11.292832374572754,10.7638578414917,7.633654594421387,5.000629425048828,4.5119781494140625,5.770008087158203,5.796754360198975,269.3269810166236,48.87293873486541,0.014041063262195123,0.0037726357806443303,bass,synthetic
-275.20941162109375,198.38589477539062,22.147897720336914,13.421778678894043,24.220611572265625,20.678709030151367,-2.2779653072357178,2.082075357437134,-2.303683280944824,2.608624219894409,4.561856269836426,2.9383764266967773,-8.888761520385742,73.84268188476562,29.748897552490234,13.064845085144043,7.9757490158081055,4.899022102355957,4.2743682861328125,6.104593276977539,4.596297264099121,4.095948219299316,3.7316789627075195,4.334382057189941,4.169556617736816,4.344270706176758,406.9395932303508,65.92919713243667,0.02068536931818182,0.004864902911571049,string,acoustic
-458.6076965332031,106.00810241699219,70.69329071044922,54.11545181274414,40.48814392089844,26.359214782714844,19.534597396850586,14.472222328186035,9.435423851013184,7.536898612976074,5.129058361053467,2.224604606628418,2.529066324234009,61.028404235839844,44.873077392578125,19.43287467956543,9.67222785949707,6.380693435668945,9.704239845275879,6.720259666442871,5.81838321685791,6.114678382873535,4.833637714385986,4.218936920166016,4.717837333679199,3.0977139472961426,264.04187202542585,95.61583518518518,0.014910567434210526,0.002305326104215778,string,acoustic
-348.837646484375,188.14089965820312,41.17921829223633,-24.55497932434082,-7.889801979064941,12.447152137756348,8.404590606689453,-2.4967362880706787,-7.0479583740234375,-2.1652753353118896,10.225746154785156,20.933521270751953,18.787668228149414,64.16390991210938,47.72786331176758,14.174361228942871,16.231664657592773,7.693214416503906,6.582716464996338,4.261723518371582,4.885757923126221,3.173194646835327,1.6168264150619507,1.9200611114501953,2.7894937992095947,2.844853162765503,380.5803507031448,20.679431928795395,0.02461882560483871,0.007680227711682758,bass,synthetic
-327.0368957519531,219.64942932128906,16.110286712646484,-37.394535064697266,-21.68531608581543,-12.748578071594238,-6.521829605102539,-8.550386428833008,-7.591231346130371,-5.394545555114746,-8.254737854003906,-5.771722793579102,-3.5996739864349365,41.81714630126953,24.160486221313477,18.67093849182129,14.062947273254395,5.127873420715332,5.881677150726318,5.934834957122803,5.262410640716553,4.638367652893066,4.903181552886963,5.387462615966797,4.921728610992432,5.374056339263916,554.7791153004652,43.45492802763752,0.057683771306818184,0.010572055803915825,brass,acoustic
-351.0511779785156,189.57347106933594,86.09014892578125,24.877857208251953,17.46698570251465,17.028051376342773,4.945176124572754,-2.4303858280181885,-0.4379141628742218,-0.1012372151017189,-3.037459135055542,-3.3803751468658447,-2.184624433517456,19.486894607543945,20.825265884399414,9.602402687072754,5.99764347076416,5.847303867340088,6.121473789215088,5.6340789794921875,5.426166534423828,5.120973110198975,5.026444435119629,4.83219051361084,4.592586994171143,4.484192371368408,227.9159759623829,40.707956335144445,0.019199017396907218,0.005795494165826324,bass,synthetic
-214.6625213623047,14.033681869506836,-46.585330963134766,-1.785456895828247,-39.22081756591797,-22.979169845581055,-33.43644332885742,-15.115631103515625,-15.978006362915039,4.253493785858154,0.5981741547584534,-6.76248836517334,-32.733848571777344,63.103759765625,11.047500610351562,7.652966499328613,4.387211322784424,6.384982585906982,4.513326168060303,6.67439603805542,4.479075908660889,6.894616603851318,4.733429431915283,4.548314571380615,4.596210956573486,4.803591728210449,2402.25235447618,234.84983245408426,0.2194542518028846,0.05393479980454086,string,acoustic
-445.6252746582031,-5.490274906158447,-15.269747734069824,-18.615318298339844,10.031661033630371,26.948833465576172,-2.2130393981933594,-26.4055118560791,-3.9556469917297363,11.304061889648438,21.655048370361328,-5.386051177978516,-30.30141830444336,12.901912689208984,4.5125908851623535,8.573716163635254,8.413549423217773,3.813114643096924,7.824986934661865,1.5170860290527344,5.474318504333496,2.235020875930786,3.4574949741363525,2.9459762573242188,1.7405294179916382,3.999326467514038,1706.3543323693789,129.51824547784557,0.16218411192602042,0.01297964561627772,flute,synthetic
-374.500732421875,135.0333709716797,5.140219211578369,41.73637008666992,22.907512664794922,2.0061798095703125,-8.964868545532227,-8.707379341125488,-10.387601852416992,-5.109686851501465,-5.9562554359436035,-8.039678573608398,-18.390335083007812,104.27912139892578,32.490882873535156,22.349437713623047,16.79205894470215,9.606091499328613,5.90031623840332,5.785490989685059,6.417142391204834,4.977715015411377,6.996394157409668,4.212626934051514,8.054123878479004,12.356844902038574,987.1431410751683,248.41262775618512,0.055018833705357144,0.010117689076221804,string,acoustic
-105.41068267822266,-15.4181489944458,-57.043148040771484,-16.070180892944336,-8.047955513000488,12.846776962280273,-26.864452362060547,9.733227729797363,-10.776248931884766,-13.89276123046875,-11.944611549377441,6.799952983856201,-16.474201202392578,51.66807556152344,16.85801887512207,9.452347755432129,4.595836639404297,4.373773574829102,6.303356647491455,4.514630317687988,4.57483434677124,3.241440773010254,3.5517001152038574,2.7581913471221924,4.677952289581299,3.8135533332824707,2581.719079304785,272.2083360183292,0.17485949457908162,0.02786661450376896,flute,acoustic
-362.55462646484375,75.03606414794922,-10.462956428527832,36.13264846801758,5.95291805267334,4.646145820617676,1.727646827697754,4.527965545654297,1.693150520324707,5.903091907501221,3.45965313911438,0.9777334332466125,-4.546228885650635,142.30628967285156,15.281253814697266,38.794921875,10.658302307128906,18.399555206298828,9.825028419494629,15.1946439743042,6.700704097747803,8.929119110107422,5.708557605743408,8.36981201171875,5.641282558441162,9.377241134643555,1123.9549523523228,435.4398914626585,0.05185081845238095,0.03978949921504305,string,acoustic
-414.01763916015625,61.50545883178711,20.080345153808594,17.383956909179688,0.5874438285827637,-6.228061676025391,-13.233986854553223,-18.82622528076172,-18.536216735839844,-21.91059112548828,-23.28947639465332,-23.10917091369629,-21.097524642944336,79.5887680053711,37.08756637573242,17.078458786010742,6.398096561431885,10.817859649658203,9.328529357910156,10.639012336730957,11.181784629821777,6.520340919494629,5.791975975036621,4.885920524597168,3.6435883045196533,3.043877124786377,386.0535441452342,182.82178439369844,0.03161168981481482,0.004097324648636676,string,acoustic
-132.4609375,127.36076354980469,-69.61569213867188,14.284492492675781,-34.67084884643555,-17.538772583007812,-18.86463737487793,-19.619855880737305,-18.531627655029297,-10.840099334716797,-9.773548126220703,-13.617156028747559,-21.51164436340332,65.98927307128906,9.113409996032715,18.16669464111328,4.803339958190918,6.499791145324707,3.6963586807250977,4.044711112976074,3.575809955596924,3.6845686435699463,3.638770580291748,2.921457290649414,3.171412467956543,3.6926376819610596,1149.583453530821,97.87601607400553,0.08536086309523809,0.014963104186372906,string,acoustic
-423.36553955078125,-32.4647216796875,-6.115497589111328,14.04727840423584,8.970966339111328,-22.14029312133789,4.896660804748535,23.365253448486328,-23.729795455932617,-7.819075107574463,34.8396110534668,-27.55280113220215,-2.990882158279419,39.153255462646484,5.811078071594238,6.510519504547119,5.866440296173096,3.27424693107605,6.680755138397217,1.5650948286056519,4.8111467361450195,3.840954065322876,2.278883218765259,5.727105140686035,5.056678295135498,3.3155174255371094,2710.8971099289042,76.652161752063,0.28627232142857145,0.033286184259648376,flute,synthetic
-301.4098815917969,101.2466812133789,-44.95492935180664,-1.8994709253311157,-29.008089065551758,-24.948768615722656,-25.8145809173584,-21.894548416137695,-32.647037506103516,-37.644962310791016,-40.98042678833008,-37.835140228271484,-18.466873168945312,108.2679672241211,18.378263473510742,21.72166633605957,5.780839920043945,18.73573112487793,6.122184753417969,12.186412811279297,6.956605911254883,9.007918357849121,5.248194694519043,5.834100723266602,5.034217357635498,3.384066343307495,941.8045992555129,94.81914619021553,0.0537109375,0.010621286379007456,string,acoustic
-372.4210205078125,25.254592895507812,-38.83754348754883,-1.2418849468231201,30.359689712524414,46.55861282348633,18.066816329956055,-8.68224048614502,-3.0446736812591553,35.398590087890625,8.040221214294434,-21.517858505249023,13.339408874511719,31.197078704833984,10.666913032531738,7.809694766998291,5.027620315551758,5.847060680389404,7.281668186187744,7.859561443328857,5.8950886726379395,3.5833821296691895,4.7233710289001465,4.162108421325684,3.8774831295013428,7.494785308837891,1650.3552233134462,99.94876458186393,0.1721698113207547,0.013289911195084124,flute,acoustic
-103.36888122558594,21.93042755126953,-35.15094757080078,-3.126624345779419,-38.404178619384766,-0.38129815459251404,-7.483202934265137,-4.129698753356934,-13.288180351257324,2.2182812690734863,5.884366512298584,-4.915352821350098,-5.0242600440979,57.15766906738281,8.677510261535645,8.999007225036621,4.732418060302734,5.593503952026367,4.5853142738342285,3.279977321624756,3.496129035949707,3.4528536796569824,5.162386417388916,4.665463924407959,3.479219913482666,2.9483234882354736,2131.002350618587,182.41928167582103,0.11225486288265306,0.02126567434177182,flute,acoustic
-97.68666076660156,179.56797790527344,-61.684471130371094,41.290096282958984,19.490631103515625,23.542543411254883,-2.589019775390625,15.724067687988281,4.091615200042725,0.06598488241434097,-17.183727264404297,-4.470981597900391,3.862274408340454,71.0796890258789,28.234189987182617,23.524925231933594,12.559481620788574,7.995938777923584,3.066554546356201,6.1163434982299805,3.4310975074768066,3.5576529502868652,1.6856968402862549,3.010235071182251,1.9865782260894775,2.063430070877075,1035.9117286382132,256.5656761373156,0.07801489736519608,0.02339916278824197,bass,synthetic
-490.064697265625,-16.732769012451172,-7.0470404624938965,18.077720642089844,9.447982788085938,-11.299036979675293,-3.377203941345215,30.86669158935547,-8.078577995300293,-16.291215896606445,34.33659362792969,-4.8877482414245605,-12.461824417114258,25.639009475708008,12.38459300994873,7.631761074066162,6.644744396209717,5.5463547706604,5.346851825714111,3.7224671840667725,13.332447052001953,3.7973251342773438,8.38845157623291,14.70630931854248,5.012707233428955,5.2864909172058105,2591.687710353012,435.32317115317005,0.19887843276515152,0.05913177816800639,bass,synthetic
-312.9450988769531,203.0080108642578,10.722704887390137,-25.484329223632812,-14.121786117553711,-10.621567726135254,-8.79433822631836,-14.151260375976562,-9.793229103088379,-4.289752006530762,-3.355084180831909,-3.9612457752227783,-5.529726982116699,73.92306518554688,34.19209289550781,19.893056869506836,10.96485710144043,7.062695026397705,9.8643798828125,5.901878833770752,6.030534267425537,2.6630733013153076,3.714552402496338,5.1781005859375,4.646910667419434,5.580521106719971,629.5375955829987,74.44940861910479,0.0543212890625,0.011510266034045412,brass,acoustic
-373.12420654296875,40.43077850341797,1.540442943572998,1.6928236484527588,-12.340553283691406,-14.523812294006348,-17.556535720825195,-13.280068397521973,-14.924091339111328,-16.105527877807617,-16.692426681518555,-2.5383529663085938,20.749170303344727,50.73173904418945,21.503267288208008,18.156360626220703,10.182639122009277,7.476917743682861,9.169034004211426,6.067134857177734,7.359738826751709,5.40565824508667,6.183468818664551,4.930273056030273,4.866609573364258,3.4714090824127197,574.539087133319,127.27377575656523,0.0545068359375,0.004713194045706986,bass,synthetic
-472.53643798828125,96.45643615722656,84.09101867675781,75.10469818115234,59.101776123046875,47.1938591003418,35.13396072387695,25.837051391601562,17.55632972717285,11.919021606445312,7.860744476318359,3.4967265129089355,0.9216644763946533,51.56514358520508,32.698116302490234,26.162364959716797,14.968277931213379,13.39729118347168,9.5701322555542,11.95795726776123,11.754446029663086,11.56958293914795,9.251163482666016,7.165051460266113,5.887269973754883,4.255203723907471,147.59077960245205,102.93009790373314,0.01103615274234694,0.0014154138148952825,bass,electronic
-505.6671142578125,29.32785415649414,16.170385360717773,12.504807472229004,8.709922790527344,5.282603740692139,1.8567500114440918,0.18960225582122803,-0.16143375635147095,-0.23192860186100006,-1.3694616556167603,-2.0856595039367676,-1.5734820365905762,70.26885986328125,47.902870178222656,22.534618377685547,14.895538330078125,9.014466285705566,5.531428813934326,5.780845642089844,7.1361985206604,7.418761253356934,6.065886974334717,4.885986328125,5.1429338455200195,4.455420970916748,1081.4426432716778,1486.448363206934,0.035380859375,0.06150911369095737,bass,synthetic
-459.5401916503906,-22.603498458862305,-13.365610122680664,7.068814754486084,25.232479095458984,-34.48317337036133,7.504489421844482,18.495948791503906,-12.167439460754395,-12.306195259094238,16.658531188964844,7.448860168457031,-27.77427101135254,21.252307891845703,3.703346014022827,4.960687160491943,2.822972059249878,4.185917854309082,5.169469833374023,1.7161692380905151,3.6022090911865234,2.758394241333008,2.9545130729675293,2.807701349258423,1.785097360610962,3.4731216430664062,2714.929204407031,71.88385912423303,0.27286537247474746,0.0216271611168053,flute,synthetic
-355.1912841796875,132.17823791503906,66.4452896118164,36.46064376831055,30.40896224975586,20.02922248840332,9.213059425354004,3.5226190090179443,0.5839690566062927,0.3114683926105499,-1.5282480716705322,-5.894611835479736,-6.237710952758789,20.85306167602539,20.932443618774414,8.01742172241211,3.0819125175476074,2.539128065109253,3.908766031265259,4.9067583084106445,2.656768321990967,1.8351589441299438,2.775787591934204,3.5848841667175293,3.005492687225342,1.6033926010131836,175.47996658692657,91.40690920145434,0.016122855392156864,0.0012699369670627475,flute,acoustic
-454.1094665527344,161.48611450195312,75.25505828857422,43.2508430480957,21.944467544555664,1.4245015382766724,-7.546000957489014,-8.740669250488281,-8.059748649597168,-7.571756362915039,-5.857148170471191,-5.226168632507324,-5.058724403381348,100.1878662109375,53.79861831665039,38.85001754760742,24.840402603149414,10.744789123535156,10.531497955322266,7.690968036651611,5.212764739990234,3.9673244953155518,3.8557400703430176,3.222261667251587,3.292484998703003,3.621152639389038,331.17672415917684,75.87547209049148,0.02953814338235294,0.00904623480252273,brass,acoustic
-212.64173889160156,45.928585052490234,-82.6426010131836,-1.3449510335922241,-54.967411041259766,-26.5034122467041,-20.249652862548828,-8.744514465332031,-20.120712280273438,-16.61389923095703,-13.73563003540039,-17.547664642333984,-13.281815528869629,42.56953811645508,30.901960372924805,9.675201416015625,3.5311436653137207,7.060085773468018,2.2609305381774902,4.304720401763916,2.990294933319092,4.072041034698486,3.092611789703369,2.5481536388397217,2.05165433883667,2.2319483757019043,1406.7919129135216,134.06417030228414,0.0946826171875,0.011123191557923703,brass,acoustic
-271.09893798828125,-90.82489013671875,-67.81736755371094,-9.290297508239746,0.634774923324585,17.368392944335938,-3.7357606887817383,-19.88237762451172,-24.641937255859375,23.418794631958008,14.054780006408691,-10.450679779052734,-18.005861282348633,32.841583251953125,14.388309478759766,4.969260215759277,5.1321845054626465,6.227073669433594,8.138089179992676,6.968104839324951,3.5660793781280518,7.127188205718994,5.561681747436523,5.995025157928467,4.95200252532959,3.458094358444214,3034.8703651116584,158.8908329920947,0.1671746764520202,0.016322080049323603,brass,acoustic
-405.89300537109375,125.80081939697266,78.51284790039062,51.06300735473633,22.40447235107422,8.320133209228516,-2.8817505836486816,-6.528688907623291,-10.658421516418457,-11.160778045654297,-12.208455085754395,-10.646191596984863,-11.330061912536621,178.3538818359375,44.6174430847168,46.735076904296875,22.275711059570312,19.681015014648438,9.338906288146973,8.432281494140625,3.4728965759277344,4.697124481201172,3.2677085399627686,3.373084306716919,2.4552416801452637,3.9224252700805664,429.71076306618954,483.15421465331957,0.019205729166666668,0.0028703112123288407,bass,synthetic
-175.87107849121094,18.251455307006836,-131.0001983642578,26.581031799316406,-41.18086242675781,-14.631590843200684,-1.806320309638977,-11.14144229888916,-21.68024253845215,9.198810577392578,-15.950873374938965,-3.5502874851226807,-5.700463771820068,78.77249145507812,23.789674758911133,8.184863090515137,10.226578712463379,17.33578109741211,4.206371307373047,7.88589334487915,4.203978538513184,5.363097190856934,2.6321961879730225,6.073168754577637,5.223763465881348,3.9439802169799805,2009.513439418114,137.49968953154712,0.23856026785714285,0.036535139525659024,brass,acoustic
-464.5767517089844,116.17340087890625,49.841064453125,37.79248046875,31.10057258605957,20.126541137695312,16.049549102783203,12.10206413269043,7.613324165344238,5.053765773773193,3.477829933166504,2.8787081241607666,2.5274295806884766,70.26493072509766,43.92643737792969,17.052812576293945,5.919867992401123,4.848767280578613,10.641945838928223,6.796167373657227,5.531601905822754,4.997133255004883,5.411181926727295,7.6229329109191895,6.909390449523926,4.862709045410156,480.0292311089866,184.84794439138233,0.014497797539893617,0.00441584997959132,string,acoustic
-279.64825439453125,19.15165901184082,-37.896514892578125,7.299788475036621,14.9978666305542,6.1048150062561035,-25.142295837402344,3.3874847888946533,18.19546890258789,7.769107818603516,-23.022319793701172,-0.927900493144989,17.60025405883789,41.28476333618164,3.717179536819458,5.2088942527771,3.4529991149902344,4.257319927215576,2.6375887393951416,3.4427998065948486,3.970203161239624,3.5693578720092773,2.6332685947418213,3.358410120010376,2.8482534885406494,3.0422706604003906,1836.4877327065722,13.48950247955344,0.20399194834183673,0.022834710733602707,flute,synthetic
-254.74917602539062,102.40709686279297,-60.52615737915039,32.98057174682617,-3.8821401596069336,-14.408581733703613,-17.5051212310791,-16.475181579589844,-3.907048225402832,-3.1020851135253906,-9.582505226135254,-3.7132210731506348,-6.927643299102783,105.99913787841797,12.902438163757324,24.636791229248047,6.927989482879639,18.905065536499023,3.4252712726593018,13.921244621276855,9.3665189743042,7.385256290435791,4.796585559844971,3.8657336235046387,5.183557510375977,6.6140971183776855,1322.8477930084346,169.50740214491205,0.059770063920454544,0.023744210395816465,string,acoustic
-287.52972412109375,20.901676177978516,-137.0819091796875,-7.160772800445557,-25.064788818359375,-17.38433074951172,25.853906631469727,17.03314971923828,8.755144119262695,-19.286157608032227,-25.9478759765625,3.0152080059051514,20.959165573120117,40.24909973144531,6.828697204589844,20.236907958984375,10.566970825195312,11.286152839660645,6.64070987701416,6.177443504333496,6.022279262542725,4.399505615234375,5.244520664215088,7.127573490142822,4.229116916656494,5.0022454261779785,1630.0013274568241,122.4630406954738,0.13563257334183673,0.021952776159772047,brass,acoustic
-372.05609130859375,71.43303680419922,17.652362823486328,11.340315818786621,9.185857772827148,0.010908416472375393,0.39298203587532043,2.292872905731201,3.172126293182373,-5.91093111038208,-31.04825782775879,-53.4758415222168,-62.393768310546875,27.735183715820312,28.452098846435547,12.965518951416016,5.9039306640625,1.9040228128433228,2.1249516010284424,1.256329894065857,2.0701310634613037,3.1725473403930664,3.34445858001709,3.9777462482452393,6.6906304359436035,8.461956977844238,398.88316038187634,73.74105290253804,0.03225500606796117,0.002375402194016996,bass,synthetic
-289.42535400390625,93.65872955322266,-4.747590065002441,5.248777389526367,-15.963046073913574,-16.155113220214844,-18.85602569580078,-5.494747161865234,-29.848072052001953,-25.805747985839844,-16.52307891845703,-19.163265228271484,-17.974735260009766,47.6871452331543,19.758352279663086,11.943168640136719,4.363678455352783,6.586120128631592,4.57936954498291,4.564244747161865,3.696871042251587,5.490184783935547,5.074983596801758,3.5726401805877686,3.468691110610962,4.282532215118408,568.642138850772,106.68088586345681,0.0288916015625,0.003946360835928599,flute,acoustic
-221.16424560546875,64.2612075805664,-15.789799690246582,31.104887008666992,9.145702362060547,8.7522554397583,-11.39586353302002,-0.6227526664733887,-4.4556427001953125,-7.881433486938477,-16.965137481689453,-6.25796365737915,-7.165369033813477,54.69392013549805,15.103785514831543,11.08145809173584,5.6040143966674805,5.044848918914795,4.427244186401367,6.6999077796936035,4.543834686279297,4.351582050323486,3.7910983562469482,4.917149543762207,4.930335998535156,3.7337231636047363,1138.4087662309219,150.62385199751208,0.044308035714285716,0.014878377055800567,string,acoustic
-253.97988891601562,-24.455799102783203,-45.27012252807617,10.886175155639648,-20.21501922607422,3.969280958175659,-28.47248077392578,-9.471318244934082,1.4971193075180054,7.999919891357422,-42.92572784423828,13.395374298095703,23.848651885986328,52.019771575927734,11.448698997497559,6.749969005584717,6.457154750823975,8.476736068725586,6.259243011474609,3.5721051692962646,4.381410121917725,8.553662300109863,4.11059045791626,5.860532283782959,5.926778793334961,4.2056684494018555,3145.1092454292148,123.23256550520642,0.3306884765625,0.04121610780798025,string,acoustic
-334.905517578125,122.74517822265625,-14.492953300476074,-41.10268020629883,-27.793272018432617,-21.25978660583496,-21.54465103149414,-17.094762802124023,-11.583395004272461,-9.08016300201416,-6.134628772735596,-7.472249507904053,-2.597071886062622,23.346830368041992,15.001225471496582,14.52074909210205,8.918315887451172,5.6739630699157715,4.122256755828857,4.207760334014893,3.484834909439087,4.132213115692139,4.3691606521606445,4.877773284912109,3.758462905883789,3.5743093490600586,642.7702486480387,72.89252778775881,0.05098203855140187,0.0069973209660244805,brass,acoustic
-364.1562194824219,139.05409240722656,94.0257568359375,48.172157287597656,19.59254264831543,9.133355140686035,7.224596977233887,6.219106197357178,4.960306167602539,4.884714603424072,5.880361557006836,6.568042755126953,6.320176601409912,19.111968994140625,22.719606399536133,13.719862937927246,6.728475570678711,3.1872150897979736,3.0231213569641113,2.694734573364258,1.2774195671081543,1.278334617614746,0.9708325266838074,1.2489274740219116,1.1115070581436157,1.6029690504074097,127.74637202274943,14.97680965622945,0.008938536352040817,0.0013242479743606676,bass,synthetic
-320.8075256347656,85.99347686767578,-94.31446838378906,-10.468424797058105,-13.044560432434082,-3.760793447494507,-8.296806335449219,-7.902421474456787,-8.541996955871582,-1.0451750755310059,-9.708348274230957,-9.236428260803223,-3.9255917072296143,101.68396759033203,11.85936164855957,18.99039649963379,5.654026508331299,16.492156982421875,4.944807529449463,9.991670608520508,3.8136942386627197,8.608660697937012,4.465507507324219,6.6831254959106445,3.871480703353882,4.813450336456299,1474.182378351608,106.4673526436507,0.15264601934523808,0.02810844305033391,brass,acoustic
-301.4134521484375,210.90170288085938,16.267589569091797,-39.461883544921875,2.2911806106567383,6.095602035522461,-23.560935974121094,-11.042069435119629,-5.739508152008057,-27.81182098388672,-12.64902114868164,-4.2630133628845215,1.6336760520935059,39.92687225341797,17.629493713378906,14.894293785095215,10.798029899597168,4.736377239227295,3.9371368885040283,8.030097007751465,3.1382696628570557,3.6460483074188232,4.00710916519165,4.195941925048828,3.0425162315368652,3.1274781227111816,499.75693370184666,27.766750885805575,0.040677212252475246,0.011301132885273402,brass,acoustic
-291.58892822265625,94.6019058227539,-21.15381622314453,16.979284286499023,-3.8022611141204834,-5.148985862731934,-13.17729377746582,-17.17404556274414,-19.449615478515625,-8.697405815124512,-0.31173697113990784,-0.45389890670776367,2.7964348793029785,38.486900329589844,17.245426177978516,6.234930038452148,2.148961305618286,1.418304681777954,1.8648765087127686,3.8601505756378174,5.651453971862793,3.5636491775512695,1.1575798988342285,2.583125114440918,0.6303655505180359,2.4786219596862793,778.2518543314848,7.612329499763984,0.05362536243556701,0.0061866659322183685,bass,synthetic
-166.7040557861328,82.03104400634766,-44.65776062011719,4.065147399902344,-23.63751792907715,-16.137460708618164,-4.625916957855225,-4.421864986419678,-24.372228622436523,-25.39935874938965,-21.821250915527344,3.6851582527160645,5.510036945343018,64.8485107421875,10.170123100280762,7.846999168395996,4.196230411529541,4.778858184814453,3.618764638900757,2.9745702743530273,3.858706474304199,3.8969075679779053,3.86495304107666,4.954963684082031,3.937351703643799,5.8515238761901855,1525.947923999681,92.2649029519287,0.1057710193452381,0.023010962974667717,string,acoustic
-290.9224548339844,82.35752868652344,-108.81385803222656,-20.55682373046875,-2.1273422241210938,-25.213428497314453,-7.7557759284973145,-9.148036003112793,-15.336396217346191,-0.289590060710907,-16.11977767944336,0.34335029125213623,-13.431156158447266,43.4621696472168,17.846776962280273,15.59622573852539,5.651583671569824,5.450435161590576,5.655421733856201,3.0251071453094482,2.7437584400177,5.296009540557861,3.14813494682312,3.615506887435913,3.3600804805755615,2.875068426132202,1259.3487559391729,72.26857350086019,0.12377189867424243,0.0183599316453515,brass,acoustic
-405.13140869140625,50.79938507080078,26.341793060302734,34.883785247802734,10.426348686218262,11.765999794006348,0.2080054134130478,-1.1321077346801758,-10.229766845703125,-10.23710823059082,-16.31755828857422,-17.09431266784668,-13.92995834350586,104.96908569335938,15.336711883544922,10.56369686126709,17.377792358398438,8.316802978515625,11.466304779052734,4.877044677734375,5.419497489929199,4.764205455780029,6.673332691192627,4.516355037689209,6.969360828399658,3.5326132774353027,639.3297743460107,349.92563602869745,0.03729717548076923,0.005584383425941261,bass,electronic
-366.978759765625,-36.11302185058594,-52.8210334777832,-18.175046920776367,-41.58964157104492,12.833285331726074,43.26356506347656,25.605777740478516,-24.385820388793945,-42.33290481567383,-2.486342668533325,42.85380172729492,14.160332679748535,18.479408264160156,9.34715747833252,5.964352130889893,4.595978736877441,5.629948139190674,3.9019594192504883,4.503427028656006,3.6417129039764404,3.5733096599578857,4.605894565582275,2.943329095840454,4.521739482879639,4.1098551750183105,1677.1137798121122,74.02389129650705,0.13008502998737373,0.009416863090584626,flute,acoustic
-17.48272705078125,118.1634750366211,-6.241439342498779,28.651906967163086,-1.4675848484039307,13.139517784118652,-4.4162397384643555,6.01521635055542,-5.287118434906006,5.2745490074157715,-5.081201076507568,2.4971539974212646,-5.985169887542725,56.679161071777344,27.969209671020508,9.75574779510498,11.179977416992188,4.654977321624756,6.620575428009033,3.6934518814086914,4.071516513824463,2.7841031551361084,3.6510848999023438,3.4446282386779785,3.7391304969787598,2.6260998249053955,1307.4586492042893,413.7986637242364,0.04168278155940594,0.02452314765394838,bass,synthetic
-423.17108154296875,109.79010772705078,83.17426300048828,56.4109992980957,39.22906494140625,30.735719680786133,25.106983184814453,19.106550216674805,13.492772102355957,9.714054107666016,7.5006279945373535,5.4369072914123535,2.697763442993164,15.895401000976562,19.24510383605957,12.501028060913086,7.591394424438477,6.047495365142822,6.165402889251709,6.11044454574585,5.830486297607422,6.053125381469727,5.957775115966797,5.602412700653076,5.657001972198486,6.4330525398254395,124.16610997378379,60.746095396241,0.010571487550813009,0.0034380330237582125,bass,synthetic
-263.7329406738281,194.35342407226562,-116.80096435546875,-7.716427803039551,-16.45561981201172,-26.911237716674805,-19.03514862060547,-31.885038375854492,-11.210094451904297,-12.485823631286621,-15.528637886047363,-14.017348289489746,-10.166435241699219,59.19637680053711,18.815574645996094,21.28221893310547,11.767887115478516,11.747661590576172,5.538376331329346,4.843685150146484,4.806758880615234,3.8160855770111084,2.932762384414673,4.141772270202637,2.385669708251953,2.666322946548462,956.1300937592282,93.20504313789094,0.069267578125,0.006826521137345365,brass,acoustic
-444.59063720703125,170.362548828125,95.4918212890625,40.354732513427734,16.605470657348633,3.418853759765625,-8.04810905456543,-9.492897987365723,-1.1426817178726196,2.5321197509765625,-3.731863498687744,-9.539116859436035,-7.882467269897461,57.376590728759766,54.276527404785156,13.112049102783203,12.825267791748047,5.962884902954102,5.052430629730225,7.826401233673096,8.776899337768555,4.6269850730896,2.8359997272491455,4.768759727478027,7.884418964385986,6.292018890380859,281.9477774204621,74.3450235669261,0.016038161057692308,0.005819633586389237,brass,acoustic
-336.8047790527344,221.71522521972656,28.943099975585938,-1.9411468505859375,4.865515232086182,-4.032508850097656,-9.879345893859863,-10.73747444152832,-8.917874336242676,-10.161358833312988,-9.415849685668945,-8.082520484924316,-7.185224533081055,82.8351058959961,38.734962463378906,25.1590576171875,8.876911163330078,5.079107284545898,8.548215866088867,5.162506103515625,4.61263370513916,4.0573577880859375,4.098862648010254,2.913245439529419,3.5398736000061035,2.4105169773101807,444.6030495396521,34.51508542847529,0.03534731657608696,0.008941929873615974,brass,acoustic
-340.95587158203125,30.342426300048828,-104.28657531738281,-12.222322463989258,-23.69675636291504,-10.530482292175293,-19.778728485107422,-12.120555877685547,-7.741183757781982,9.98701286315918,37.155818939208984,43.79072570800781,21.819639205932617,34.10466766357422,13.053250312805176,13.575058937072754,8.133801460266113,6.836420059204102,4.529937744140625,4.157387733459473,3.703658103942871,3.6634562015533447,2.9270029067993164,4.530622482299805,3.6494557857513428,3.790553092956543,1471.1807945098121,106.08212301608174,0.1439208984375,0.020013203434968405,brass,acoustic
-153.66468811035156,172.769775390625,-23.20370101928711,14.973078727722168,-13.253015518188477,-18.75308609008789,-22.805171966552734,-11.344428062438965,-26.576284408569336,-18.37731170654297,-15.399890899658203,-18.634485244750977,-16.66166877746582,81.59052276611328,16.038860321044922,25.15960121154785,8.2198486328125,10.545345306396484,8.22714900970459,6.788773059844971,6.857364177703857,7.65156888961792,4.316193580627441,4.589838027954102,4.910516262054443,3.845155954360962,678.0651666401939,97.41978768295769,0.04426926832932692,0.008195612496636447,string,acoustic
-351.0322265625,0.6349468231201172,-15.59329605102539,33.68269729614258,37.03445053100586,-10.990601539611816,7.587002277374268,33.485774993896484,0.6678363084793091,14.891156196594238,37.32108688354492,-1.8085349798202515,1.5440895557403564,32.20249557495117,8.153912544250488,7.18664026260376,4.188295841217041,3.422520637512207,3.868704080581665,4.691608905792236,3.9188671112060547,3.8639068603515625,3.70570969581604,3.6693289279937744,3.4310905933380127,3.1916892528533936,2624.9939143915267,142.2692142110498,0.28975462682038833,0.022410333830287177,flute,acoustic
-510.4765625,-27.92182731628418,-14.170133590698242,-5.842843055725098,-5.8932390213012695,16.296527862548828,5.292299270629883,-23.527950286865234,-23.359216690063477,57.24281692504883,47.8665657043457,-21.583236694335938,-27.609498977661133,40.505035400390625,6.952472686767578,10.102689743041992,7.498048782348633,3.502490997314453,4.736840724945068,6.422643661499023,4.808218479156494,4.870640277862549,6.40199613571167,5.521369934082031,3.477259635925293,3.0759267807006836,2767.9281120329983,485.44611778005117,0.34840593434343436,0.06521117925666105,bass,synthetic
-399.07696533203125,5.606578350067139,-80.17823028564453,-27.627971649169922,-3.107715606689453,17.38520622253418,11.225838661193848,-17.425371170043945,-12.380782127380371,12.276448249816895,1.1303602457046509,-25.50176239013672,-0.1485293209552765,29.01363182067871,5.316998481750488,15.064807891845703,5.456457614898682,4.885224342346191,5.640635967254639,4.801865100860596,3.6688311100006104,4.075803279876709,4.546141147613525,3.61103892326355,3.47617244720459,2.6936726570129395,1651.2842745653804,72.5432127808503,0.17127552599009901,0.015210829244923674,flute,acoustic
-443.489990234375,-20.463237762451172,-26.00189971923828,28.038230895996094,0.9577035903930664,-16.68024253845215,9.175580978393555,14.928186416625977,-2.7584340572357178,13.797682762145996,-0.46802425384521484,-27.414833068847656,8.445858001708984,68.48766326904297,17.553380966186523,10.823359489440918,7.325727939605713,6.351866245269775,8.517382621765137,4.964178562164307,6.616321563720703,10.572473526000977,4.192300796508789,10.377731323242188,9.496236801147461,4.7780442237854,2746.4278579435877,96.35901226550357,0.281890869140625,0.054106134090693814,flute,acoustic
-199.02273559570312,-0.2434239387512207,-51.93002700805664,-7.973917484283447,-42.465145111083984,-21.65363883972168,-29.508562088012695,-16.866060256958008,-29.24168586730957,-7.5219855308532715,5.8765411376953125,18.513225555419922,-16.688142776489258,64.57202911376953,10.14285659790039,8.682369232177734,5.169442176818848,5.8602776527404785,4.772303581237793,4.432938098907471,3.8973681926727295,7.48942232131958,6.4032816886901855,5.696795463562012,4.171177387237549,3.512025833129883,2546.6600246238177,208.9305770285875,0.24017333984375,0.04480161805121907,string,acoustic
-172.24664306640625,157.70742797851562,-10.232638359069824,29.038639068603516,0.7641103267669678,-11.454846382141113,-16.312955856323242,2.255157232284546,-9.364126205444336,-9.118095397949219,-20.460704803466797,-15.26350212097168,-16.796497344970703,68.94503784179688,9.410491943359375,17.052339553833008,5.638567924499512,3.633898973464966,4.217553615570068,5.860744953155518,3.8504037857055664,4.647767543792725,3.4102888107299805,4.65982723236084,3.534461498260498,4.508857250213623,683.9808982998052,69.41567096889126,0.04440487132352941,0.0070137632678070935,string,acoustic
-363.19989013671875,-55.849063873291016,-86.47515869140625,5.772305011749268,12.593120574951172,26.271343231201172,6.943343162536621,-17.71612548828125,-31.353618621826172,14.804062843322754,39.835994720458984,4.226305961608887,-15.686649322509766,43.22123718261719,12.25525951385498,9.852204322814941,5.6253862380981445,3.9053831100463867,5.11436128616333,3.384998083114624,4.795942306518555,4.503897666931152,3.489272117614746,3.4685747623443604,3.6201186180114746,3.3790903091430664,2268.879263286295,159.07110730788128,0.1883895420792079,0.04103124173434352,brass,acoustic
-309.0216979980469,128.27590942382812,0.4872589409351349,-11.995172500610352,-1.9073017835617065,-14.377874374389648,-13.84436321258545,0.6857147812843323,0.42076990008354187,-17.288898468017578,-33.12731170654297,-30.592811584472656,-11.6333646774292,27.684894561767578,19.411540985107422,5.002422332763672,3.379265785217285,2.5153441429138184,3.4405300617218018,3.3319809436798096,1.9963088035583496,2.7905025482177734,2.81009840965271,3.3645565509796143,3.5477116107940674,3.7597663402557373,552.5569190963251,58.478119750264874,0.036137646967821783,0.002837589642210198,flute,synthetic
-517.454345703125,88.95372009277344,28.00511932373047,-6.7737531661987305,-17.003557205200195,-22.130247116088867,-21.88762664794922,-13.295429229736328,-1.4900705814361572,9.493547439575195,19.7857666015625,26.80329132080078,23.156970977783203,90.74513244628906,84.1455078125,15.839777946472168,16.391788482666016,12.959129333496094,14.909833908081055,15.58576774597168,10.366902351379395,6.0777106285095215,5.6956281661987305,5.857420921325684,4.993436336517334,4.730889797210693,554.684591963401,196.28199277534605,0.057562934027777776,0.014178748204613694,bass,synthetic
-312.6731872558594,-38.667259216308594,-11.802213668823242,7.713747024536133,-28.915544509887695,-6.850894451141357,6.315613269805908,44.53156661987305,64.20206451416016,40.3469123840332,-16.741127014160156,-31.95850944519043,-10.252330780029297,27.004913330078125,14.720481872558594,4.0553202629089355,5.663614273071289,5.01003360748291,4.256777286529541,3.988030195236206,5.777114391326904,7.360581874847412,5.443429470062256,4.914538860321045,4.347548007965088,3.177962064743042,1890.6778324726006,249.3894864260536,0.11012401395631068,0.03049230526143208,flute,acoustic
-236.75173950195312,-29.15366554260254,-10.324376106262207,35.04505157470703,-39.32656478881836,-17.490978240966797,24.466543197631836,50.32806396484375,10.323017120361328,15.6297607421875,-27.92033576965332,-24.233779907226562,-20.890172958374023,49.14929962158203,16.49028778076172,9.878552436828613,7.768081188201904,5.866250514984131,4.574988842010498,5.152539253234863,5.750308036804199,5.323988437652588,5.351827621459961,4.16837215423584,3.1703810691833496,4.418468952178955,2879.7415218349047,288.84055534963954,0.2573145498143564,0.08693073656075086,brass,acoustic
-148.7142791748047,29.771608352661133,-25.927337646484375,21.03740119934082,-32.905487060546875,-12.388457298278809,-18.840524673461914,-2.949462652206421,-17.96054458618164,-7.448091506958008,-11.160499572753906,9.700017929077148,20.541574478149414,51.14503860473633,15.381850242614746,5.385426044464111,3.848672866821289,5.426327705383301,3.6059298515319824,4.505307197570801,3.4354584217071533,4.866117477416992,3.5555357933044434,3.645127296447754,3.7842066287994385,5.0835371017456055,2245.366796942972,235.0052850423827,0.16011358464805825,0.06429736292501029,string,acoustic
-141.62176513671875,5.460559368133545,-69.95333099365234,-10.577296257019043,-47.25677490234375,-17.560150146484375,-25.5360164642334,-12.985600471496582,-25.26527214050293,1.7196741104125977,11.22384262084961,15.61667537689209,-17.012859344482422,59.15148162841797,9.633914947509766,12.198405265808105,5.505804538726807,5.642016887664795,4.945440769195557,6.1536030769348145,5.3374481201171875,6.5342912673950195,6.118671417236328,5.610014915466309,4.682000160217285,4.824457168579102,2412.315920495417,163.1542250896356,0.22141421419902912,0.03773483869570807,string,acoustic
-537.1961669921875,12.67163372039795,-2.587522268295288,0.31607502698898315,-2.6249539852142334,-0.6048510074615479,1.5100359916687012,3.4850833415985107,2.749598503112793,2.4261624813079834,0.9075621962547302,-0.7315482497215271,0.8605801463127136,99.49443817138672,33.68954086303711,9.886932373046875,7.239360332489014,9.864152908325195,4.827235698699951,4.283050537109375,8.877287864685059,7.989666938781738,6.327420234680176,5.409830093383789,3.3311753273010254,3.7897017002105713,379.0136212193188,798.2476697154972,0.0166748046875,0.041614247568595775,bass,synthetic
-358.959716796875,139.0264434814453,29.873165130615234,-18.78870391845703,-16.650867462158203,-10.636885643005371,-10.238386154174805,-11.420584678649902,-11.172540664672852,-8.653104782104492,-6.650728225708008,-6.066380023956299,-8.574004173278809,21.997215270996094,17.4775447845459,7.878306865692139,7.011476039886475,5.102633953094482,3.6702733039855957,4.6563615798950195,3.828397750854492,3.3346517086029053,3.6957924365997314,3.842430830001831,4.649013996124268,4.661297798156738,429.947563983276,62.96514583239664,0.035829897280092594,0.007860310832576043,brass,acoustic
-201.66783142089844,9.926155090332031,-34.42148208618164,0.6536422967910767,-13.894637107849121,-10.936694145202637,-24.102264404296875,-14.982048034667969,-5.469091415405273,11.300932884216309,15.1097993850708,35.19935607910156,20.66712760925293,32.174652099609375,6.39964485168457,5.972762107849121,3.3995485305786133,3.298687696456909,4.537291049957275,3.8114781379699707,3.768568754196167,4.73866081237793,2.9439046382904053,3.8273096084594727,5.057847499847412,4.137828826904297,1311.6282847941418,139.16800248487428,0.06935088488520408,0.005097068095465686,flute,acoustic
-222.27163696289062,181.0107421875,-70.92898559570312,-27.291305541992188,42.51523208618164,-6.017086029052734,-25.923704147338867,5.102010250091553,10.698104858398438,-10.09213638305664,-12.364989280700684,4.114252090454102,5.187441825866699,72.74503326416016,45.4721794128418,17.86577033996582,8.530193328857422,9.416582107543945,7.349573612213135,5.25843620300293,6.214814186096191,7.211438179016113,4.688230514526367,4.417205333709717,3.480806589126587,3.657135486602783,1389.7514856173154,72.7745407669822,0.21583946078431374,0.01733306355656082,bass,synthetic
-455.6003723144531,-6.509162902832031,-19.104894638061523,-2.7726693153381348,21.316781997680664,7.006211757659912,-29.740070343017578,4.671992301940918,16.105974197387695,6.762821674346924,-21.84514808654785,-6.767848491668701,26.714574813842773,8.361357688903809,2.09580659866333,8.645943641662598,1.9452544450759888,7.960885047912598,1.4865164756774902,6.567107677459717,1.3635611534118652,4.511616230010986,1.0632624626159668,3.575852394104004,1.0827914476394653,3.294187545776367,1891.6211213394233,89.12638626560769,0.2044254225127551,0.016299118931822894,flute,synthetic
-363.6221618652344,-31.680665969848633,-25.235858917236328,23.072261810302734,5.368322372436523,30.758975982666016,14.269335746765137,-9.030684471130371,-7.496172904968262,47.34577941894531,42.99906921386719,-3.021390199661255,-22.08722496032715,33.40026092529297,7.840278148651123,6.403358459472656,6.115976810455322,3.810530424118042,4.528289318084717,4.80365514755249,4.072884559631348,4.79485559463501,6.668852806091309,4.9083051681518555,4.119596004486084,3.8729639053344727,2163.538440489999,119.12335570775858,0.17066127232142858,0.02178038961599427,flute,acoustic
-278.5060119628906,-61.40167236328125,64.30264282226562,0.1837834119796753,-10.884838104248047,-20.383350372314453,-9.192408561706543,3.754225254058838,-35.681373596191406,-0.6951911449432373,19.858829498291016,46.074928283691406,9.53580379486084,44.33009338378906,18.75478744506836,12.117931365966797,10.079093933105469,8.327341079711914,5.438331604003906,6.3561320304870605,5.915920734405518,3.90506649017334,5.118018627166748,6.646157264709473,5.754824161529541,4.368585109710693,4099.259081295881,305.8334973832242,0.4783035432449495,0.11173851303712133,brass,acoustic
-80.64128875732422,20.902196884155273,-104.3333511352539,-3.6822311878204346,-33.56410598754883,-15.779327392578125,-27.891357421875,-23.476770401000977,-32.46461486816406,-15.099430084228516,-28.732378005981445,-11.015447616577148,-19.050525665283203,68.48848724365234,8.824247360229492,18.308826446533203,3.5633232593536377,7.012389183044434,3.4911019802093506,4.484077453613281,3.440777063369751,4.4575653076171875,3.367215156555176,4.083351135253906,3.157421350479126,3.3216798305511475,1790.860507187925,187.77346254898234,0.061796875,0.020612446981885843,flute,acoustic
-219.09080505371094,19.21635627746582,-34.360836029052734,3.2381045818328857,-40.14131546020508,-16.764862060546875,-23.795400619506836,-17.838741302490234,-20.579011917114258,-4.655418395996094,16.34140968322754,30.864084243774414,6.335390567779541,51.62031173706055,9.092321395874023,7.593690395355225,5.807890892028809,5.0435662269592285,3.900683879852295,3.640946388244629,3.9698596000671387,5.901604175567627,5.606382846832275,3.849747657775879,3.9443578720092773,3.3763532638549805,2071.4301430726655,215.58669530658872,0.13815515018203883,0.05040433343318446,string,acoustic
-307.30352783203125,264.75732421875,62.534523010253906,-15.230216979980469,-14.766561508178711,-19.221229553222656,-17.627843856811523,-8.270230293273926,-9.220505714416504,-7.26037073135376,-5.969827651977539,-14.973692893981934,-15.719264030456543,45.40013885498047,30.914337158203125,19.738941192626953,12.94713020324707,6.976243019104004,4.682693958282471,8.402061462402344,6.741418838500977,6.5082621574401855,3.3750483989715576,4.128482818603516,4.196046352386475,4.220166206359863,381.3889972642562,29.466504211511793,0.042117883663366336,0.007010395093663334,brass,acoustic
-310.8525695800781,92.50752258300781,-56.112579345703125,-53.75848388671875,-50.86575698852539,-1.8724241256713867,-2.9224298000335693,-60.568092346191406,-39.91320037841797,-17.460834503173828,-25.910541534423828,12.034420013427734,-25.36728858947754,128.96749877929688,8.919981002807617,9.627212524414062,5.319040775299072,14.540348052978516,11.471637725830078,7.850345134735107,6.97096586227417,4.903597831726074,3.194706678390503,12.133259773254395,2.9401636123657227,5.381982326507568,1554.004161877922,73.66894140445262,0.131298828125,0.03145035413048415,string,acoustic
-314.4251708984375,161.38291931152344,4.366661071777344,37.746978759765625,76.35832214355469,21.945417404174805,10.589710235595703,39.8862419128418,23.437423706054688,7.377572059631348,21.387493133544922,15.829936027526855,1.0533778667449951,30.908178329467773,23.35678482055664,6.206508636474609,4.830189228057861,10.985238075256348,2.57051682472229,1.6134634017944336,5.994380950927734,3.367248773574829,1.5450776815414429,3.1840837001800537,2.068535327911377,1.0241180658340454,220.85147287115407,368.6401309489805,0.01878886320153061,0.0028060284954471767,bass,synthetic
-520.3157958984375,-12.50010871887207,10.240248680114746,16.965023040771484,-15.68403434753418,23.822973251342773,-6.189473628997803,-1.2658308744430542,24.261077880859375,-20.20665740966797,21.986072540283203,2.486888885498047,-7.58964729309082,6.634653091430664,4.105097770690918,3.148268699645996,4.911914348602295,4.091814041137695,6.608492851257324,1.7536557912826538,1.522406816482544,4.471282005310059,2.8402152061462402,4.204407215118408,0.9823580980300903,1.5616474151611328,3947.26332893864,5.483122992464223,0.48284110637626265,0.05112297880967102,bass,synthetic
-325.26318359375,-17.487680435180664,-91.81478881835938,-4.775425910949707,-33.18545913696289,-7.923533916473389,-23.052627563476562,-15.660333633422852,-18.546480178833008,0.9999864101409912,-22.87688636779785,-5.160607814788818,-15.994585037231445,62.91887664794922,23.789718627929688,10.394902229309082,5.958024501800537,5.967977046966553,3.5557291507720947,2.9642744064331055,3.1032071113586426,3.837968587875366,2.790391683578491,4.36752462387085,2.4657022953033447,4.181124210357666,1831.738214998103,182.7601680344557,0.1721337890625,0.026744216917722143,brass,acoustic
-271.60552978515625,-27.376129150390625,-42.44722366333008,-1.1333825588226318,10.539925575256348,5.1324310302734375,-24.68878173828125,-14.668808937072754,-3.2668349742889404,8.899628639221191,-11.262411117553711,31.316267013549805,27.433740615844727,30.105091094970703,6.47180700302124,9.4470796585083,3.3217411041259766,7.902993679046631,4.2957353591918945,5.112235069274902,3.77278995513916,6.168910026550293,3.5958926677703857,4.897601127624512,5.054182052612305,3.6979384422302246,2273.786487109554,108.66250841973171,0.2070262161726804,0.01476251202959313,flute,acoustic
-226.40838623046875,106.4463882446289,-68.30082702636719,6.516350746154785,-31.858516693115234,-4.543095111846924,-23.78501319885254,-1.245959758758545,-7.406081199645996,-3.353742837905884,-5.9149580001831055,-3.8914997577667236,-8.293278694152832,69.32608032226562,22.31705093383789,22.746000289916992,8.551511764526367,13.448741912841797,6.559773921966553,8.98654556274414,4.936807632446289,4.77257776260376,4.935320854187012,4.7921977043151855,4.488914966583252,3.935760974884033,1014.3787355473158,152.63160198276458,0.09042329877336448,0.019566599103521664,brass,acoustic
-334.714111328125,8.317648887634277,-51.221458435058594,-17.17348289489746,3.9098055362701416,21.95074462890625,11.684135437011719,-5.9735260009765625,-13.740533828735352,23.91455078125,20.00684356689453,-0.43431735038757324,-7.72721529006958,40.37674331665039,8.1253080368042,7.174499988555908,4.012024879455566,3.7542014122009277,4.08070182800293,3.612210512161255,4.9608964920043945,4.493809700012207,3.763914108276367,3.4236929416656494,4.445988178253174,3.609928846359253,1641.862749274471,46.4908152410966,0.16185338288834952,0.013991489091235182,flute,acoustic
-271.26812744140625,94.15011596679688,-98.79557800292969,-21.515792846679688,-32.603370666503906,-13.82600212097168,-14.320241928100586,-15.810253143310547,-11.578280448913574,-13.082995414733887,-12.450216293334961,-4.898154258728027,-17.662267684936523,64.04896545410156,17.583087921142578,22.883298873901367,7.50533390045166,7.434002876281738,5.0819501876831055,6.140030860900879,4.6868462562561035,5.937283992767334,3.5081140995025635,4.65645170211792,3.415046215057373,5.640394687652588,1144.7866740434063,101.83832579538722,0.14223724941037735,0.023759576578166026,brass,acoustic
-496.56915283203125,79.628662109375,57.45553207397461,50.762046813964844,40.59080123901367,32.47066879272461,25.461750030517578,17.92894172668457,11.459552764892578,7.549088478088379,5.372676372528076,4.982259273529053,3.994826555252075,78.67767333984375,54.281028747558594,35.070003509521484,21.081621170043945,15.6456880569458,12.102158546447754,11.220890045166016,12.778773307800293,14.020743370056152,12.120302200317383,8.789225578308105,6.285355567932129,8.116155624389648,202.31791606239602,131.04147343613766,0.014663384885204082,0.00623842611161179,bass,synthetic
-414.06329345703125,153.86941528320312,71.91851043701172,35.61282730102539,17.12074089050293,3.4907419681549072,-6.913731575012207,-10.318869590759277,-8.299281120300293,-6.044219970703125,-6.517451286315918,-9.48248291015625,-7.982171535491943,95.96765899658203,48.06083679199219,31.670928955078125,22.575408935546875,8.541308403015137,4.036018371582031,3.2488927841186523,3.8468587398529053,4.1996564865112305,4.892665863037109,2.6133365631103516,4.36338996887207,3.0526208877563477,348.5427826733899,83.58323596488195,0.022017045454545456,0.0066558648182521345,string,acoustic
-217.3043975830078,54.123687744140625,-45.614322662353516,23.327041625976562,-31.07387924194336,-15.00942325592041,-17.708599090576172,-2.8132827281951904,-14.807596206665039,-5.945533752441406,-7.4517059326171875,-4.3763580322265625,-7.785769462585449,49.80729293823242,12.50986099243164,9.645600318908691,5.034121990203857,6.1687703132629395,3.0059287548065186,4.153650283813477,3.1580896377563477,3.6901307106018066,4.384385585784912,3.72208571434021,3.2707571983337402,3.5962040424346924,1371.871602688201,141.2541772334637,0.08614608616504854,0.014669849645249242,string,acoustic
-259.9726257324219,1.7534452676773071,-45.384002685546875,10.028063774108887,-6.873283386230469,-7.408193588256836,-35.89482116699219,21.50160026550293,-5.867496967315674,-41.89735412597656,4.5625810623168945,24.147600173950195,-33.31928634643555,68.01119232177734,11.040160179138184,8.600955963134766,6.166398048400879,7.884159564971924,4.3334269523620605,8.322340965270996,6.871841907501221,7.323847770690918,6.185004234313965,6.756226062774658,6.556180000305176,5.882097244262695,3239.473847362009,182.3398579261567,0.3385802151864035,0.04185584163204133,string,acoustic
-312.8844909667969,20.036497116088867,-55.47399139404297,-5.3284735679626465,-6.700302600860596,-4.646877288818359,-7.922272682189941,19.043760299682617,21.399797439575195,32.51590347290039,-4.715419292449951,-18.086490631103516,-17.22067642211914,40.3306884765625,9.8988676071167,10.375974655151367,4.566310405731201,3.6720690727233887,4.127407550811768,5.04929256439209,4.215081691741943,5.818772315979004,4.367553234100342,4.138203144073486,3.3348846435546875,4.110851287841797,1401.7620330322238,79.98124951976415,0.10834209735576923,0.025454767023553652,flute,acoustic
-301.4464111328125,81.60309600830078,-85.35166931152344,3.508906602859497,-18.318119049072266,-4.7246503829956055,-13.121111869812012,-6.127151966094971,-14.778618812561035,-10.986587524414062,3.229057788848877,4.734161376953125,4.72330379486084,56.5089111328125,19.097482681274414,14.587746620178223,8.183375358581543,9.690240859985352,5.796350002288818,7.834405899047852,6.539351463317871,7.973205089569092,4.166110992431641,6.3937249183654785,3.5739688873291016,5.234471797943115,1309.0285629555096,123.39680584074888,0.12321115654205607,0.028729239801645823,brass,acoustic
-188.47691345214844,23.61512565612793,-42.33854675292969,9.551935195922852,-39.06090545654297,-15.262211799621582,-20.89361572265625,-16.939430236816406,-26.393095016479492,-19.124509811401367,-11.654356002807617,0.43765416741371155,-4.744882583618164,63.84993362426758,13.234936714172363,13.483988761901855,4.503713607788086,8.502580642700195,4.113001823425293,4.645889759063721,3.646350860595703,3.886836051940918,3.536480188369751,4.134954929351807,4.363492965698242,3.047173023223877,1888.1169184582666,258.4373088956373,0.11578369140625,0.04616516268556742,string,acoustic
-266.08245849609375,211.3695831298828,-46.090274810791016,-8.375393867492676,-2.9286696910858154,-12.76012134552002,-8.117524147033691,-8.432759284973145,-5.931595325469971,-2.638306140899658,-6.185378551483154,-6.153306484222412,-6.546107292175293,97.66686248779297,19.17754554748535,25.887588500976562,10.035255432128906,11.933218002319336,5.209501266479492,5.520920276641846,4.030162334442139,5.1850481033325195,4.2606730461120605,3.9837613105773926,4.362931728363037,3.131497621536255,793.0357285979422,43.52004780765806,0.06339164402173914,0.01205505959554824,brass,acoustic
-410.1114501953125,96.46477508544922,32.9784049987793,3.0135691165924072,6.4555487632751465,11.993694305419922,7.498700141906738,1.1878024339675903,-0.3833498954772949,0.040225427597761154,1.3924789428710938,4.3150200843811035,3.728591203689575,25.685131072998047,17.639286041259766,13.90570068359375,7.538378715515137,5.055050373077393,4.672024250030518,3.631687641143799,2.828004837036133,2.3468241691589355,2.572913646697998,2.054316997528076,1.8541768789291382,1.200819492340088,269.7915019671489,83.8484688190674,0.016805843431122448,0.002336434574094241,flute,synthetic
-157.42213439941406,167.87644958496094,-44.94650650024414,14.100595474243164,-7.812570571899414,-16.016399383544922,-2.479734420776367,3.7838668823242188,-11.139257431030273,-13.273618698120117,-15.765414237976074,-7.296269416809082,-13.642786026000977,81.63909912109375,15.19857406616211,18.779224395751953,4.9648308753967285,4.7755866050720215,5.1459503173828125,3.939312219619751,5.83633279800415,4.227730751037598,4.303770065307617,4.747272968292236,3.940852165222168,3.369386911392212,911.9689264587435,98.43516753214669,0.07047678154205607,0.012382364490219823,string,acoustic
-235.948974609375,102.47168731689453,-29.028331756591797,17.840126037597656,4.908550262451172,6.089809417724609,-10.221357345581055,-1.3101083040237427,-12.88698959350586,-3.8353681564331055,-11.472583770751953,-18.229656219482422,-7.6998467445373535,49.51850891113281,10.717411041259766,12.797698974609375,4.704425811767578,6.78557825088501,3.6451001167297363,5.210854530334473,3.4983761310577393,5.296865940093994,3.9961259365081787,3.760861873626709,5.143421173095703,3.870594024658203,908.2903276964119,137.02088628127194,0.04769810267857143,0.018438225398379263,string,acoustic
-255.79261779785156,236.03793334960938,-30.80919075012207,-24.214317321777344,-8.385061264038086,18.97233772277832,-19.669708251953125,-8.981001853942871,-7.48369836807251,-31.324737548828125,-2.4476892948150635,-4.791601181030273,-3.274916172027588,60.77176284790039,16.240781784057617,23.799205780029297,8.522656440734863,4.276330471038818,4.959835529327393,6.896167755126953,3.599236488342285,3.759978771209717,6.042062759399414,2.4923627376556396,3.770200729370117,3.303051710128784,617.8634372667183,50.74001333487729,0.047798383353960396,0.0067560126751224905,brass,acoustic
-281.6378479003906,6.050800800323486,-61.002803802490234,-7.110434532165527,-17.647945404052734,-15.529190063476562,-21.458951950073242,1.899032711982727,2.6549696922302246,22.559707641601562,17.656312942504883,14.612439155578613,-20.518447875976562,47.64236831665039,14.26077651977539,12.392168998718262,5.275115966796875,4.357874870300293,6.390707492828369,4.80942440032959,3.2458198070526123,3.9556562900543213,5.17911434173584,5.478525638580322,3.8223068714141846,3.8603553771972656,1523.9734013958962,187.48580416218215,0.11353701636904762,0.037641934543093586,flute,acoustic
-453.94073486328125,80.9732437133789,35.76664733886719,30.837392807006836,16.69170570373535,3.367643117904663,0.9517338871955872,-1.1211034059524536,-2.421562671661377,-2.971785068511963,-1.933998942375183,-3.8114261627197266,-7.525018692016602,77.40493774414062,44.99483108520508,17.190019607543945,7.052270889282227,3.216423988342285,8.177581787109375,4.18842887878418,3.292701482772827,2.3472580909729004,3.215825319290161,3.0496826171875,4.0906572341918945,6.323570728302002,356.775297897955,148.98876607362143,0.024216110641891893,0.0037846959608924214,string,acoustic
-426.6280212402344,58.665409088134766,31.31936264038086,16.335071563720703,7.916001796722412,0.32861682772636414,-4.343642711639404,-7.4552001953125,-9.860090255737305,-11.393932342529297,-12.689811706542969,-13.78203296661377,-14.882367134094238,57.74440002441406,44.86203384399414,9.26841926574707,10.365521430969238,4.882200241088867,5.619011402130127,4.802793979644775,4.010329723358154,3.6686549186706543,2.590797185897827,1.5091136693954468,1.0022023916244507,1.3990259170532227,348.4469401507673,121.5482268730209,0.039392419763513514,0.005162560170830776,bass,synthetic
-89.671875,78.46353912353516,0.2489611804485321,42.61965560913086,-10.042546272277832,13.988252639770508,-6.234865188598633,2.9131522178649902,-6.295778751373291,3.961580991744995,-2.922577142715454,6.018642902374268,-4.317673683166504,87.4105453491211,19.523008346557617,15.118634223937988,7.467833518981934,9.823224067687988,3.8343465328216553,6.374077320098877,4.057666778564453,5.144648551940918,3.06227707862854,4.179690837860107,3.1132619380950928,3.412147045135498,1179.768484961354,274.9236932502952,0.01095610119047619,0.0012221881025777743,bass,synthetic
-303.1754150390625,112.9974136352539,-37.420162200927734,15.213820457458496,-14.074798583984375,-7.120938777923584,-5.205561637878418,-3.899742841720581,0.13316118717193604,4.834444046020508,-3.939826011657715,-0.574424684047699,-0.4799043834209442,45.65354537963867,13.866992950439453,16.122867584228516,8.68246841430664,11.161210060119629,6.198030471801758,5.52744197845459,7.214151859283447,6.001821994781494,4.429658889770508,5.107936382293701,4.267368316650391,5.402075290679932,753.5295105275942,77.71645888082945,0.07140531994047619,0.011300414582937695,flute,acoustic
-590.2882080078125,-94.44696044921875,13.540166854858398,-14.38478946685791,-7.632482528686523,-7.311083793640137,-9.990877151489258,-13.894572257995605,-13.546340942382812,7.8924031257629395,23.915802001953125,35.031166076660156,9.351571083068848,43.69819259643555,24.402849197387695,21.300151824951172,12.991406440734863,7.116946697235107,5.045908451080322,2.2784652709960938,3.3123414516448975,2.886375665664673,2.671537160873413,3.379443645477295,3.0369813442230225,1.8388240337371826,3788.8364330288405,665.1137548763086,0.6627579874067164,0.1273735891817689,bass,synthetic
-385.1681823730469,24.264333724975586,-18.943124771118164,-1.7668288946151733,-12.995803833007812,-14.899521827697754,-31.002065658569336,-20.06180763244629,-8.830975532531738,8.088607788085938,18.5841007232666,20.33686637878418,-11.238314628601074,89.00601196289062,7.29332160949707,18.121679306030273,4.285987854003906,5.160061836242676,5.686777591705322,16.013269424438477,12.387785911560059,11.690652847290039,8.3778657913208,8.97096061706543,8.88457202911377,3.814762592315674,1328.693233073011,295.91713753124156,0.07948521205357142,0.017856086972218407,string,acoustic
-347.6783447265625,170.83462524414062,-16.354318618774414,-24.881677627563477,-22.620630264282227,-24.451032638549805,-14.295418739318848,-21.764780044555664,-22.92481231689453,-18.494056701660156,-15.903006553649902,-10.867773056030273,-7.977368354797363,36.66190719604492,16.117769241333008,9.408210754394531,11.529694557189941,6.397549629211426,6.661888599395752,4.683416366577148,4.106937408447266,4.132788181304932,3.7955892086029053,4.747077465057373,4.219508171081543,4.483017444610596,561.5727759189549,68.15924526068186,0.048369140625,0.01041832923337003,brass,acoustic
-176.6783905029297,189.47201538085938,-83.73426055908203,10.703664779663086,-24.750917434692383,-14.627321243286133,-9.885465621948242,-21.41181755065918,-18.050230026245117,-10.871872901916504,-18.060802459716797,-12.359485626220703,-13.700807571411133,70.76524353027344,14.637045860290527,25.8677921295166,13.500659942626953,8.479714393615723,6.615560531616211,8.014482498168945,5.43623161315918,5.954990386962891,5.124096870422363,7.768218517303467,4.465823173522949,4.959831237792969,856.726985164733,74.72244871153462,0.07448636568509616,0.013814808595115576,brass,acoustic
-328.4652099609375,123.50823974609375,11.566394805908203,32.194061279296875,7.9088335037231445,3.2801084518432617,-9.9743070602417,-8.291606903076172,-4.903101921081543,-3.0326056480407715,-3.595278024673462,-0.21138177812099457,0.7085317373275757,86.18714904785156,16.906007766723633,24.604461669921875,9.51492977142334,10.29834270477295,6.636911392211914,15.107633590698242,13.898258209228516,8.671372413635254,6.1743550300598145,7.315654277801514,5.209894180297852,5.476913928985596,859.2991580891024,181.71275766793426,0.035442073170731704,0.01088948926534707,string,acoustic
-391.34466552734375,-18.181522369384766,-19.524797439575195,7.233959674835205,-19.02954864501953,-10.87504768371582,-37.063079833984375,27.077795028686523,-5.049684524536133,-48.27101516723633,2.7464778423309326,7.254924774169922,23.68192481994629,70.48233032226562,20.622406005859375,11.949488639831543,13.800461769104004,10.91606616973877,5.495275497436523,8.17873764038086,4.877101421356201,5.3827643394470215,10.199664115905762,3.205470323562622,7.040839195251465,10.292865753173828,2017.7109488352885,109.4443756684069,0.14147571681701032,0.011179748570279766,bass,synthetic
-216.28440856933594,41.381317138671875,-24.02092933654785,15.769807815551758,-24.855112075805664,-0.6878043413162231,-10.796049118041992,20.092466354370117,-5.212843894958496,-17.399181365966797,-29.65787696838379,16.734413146972656,17.396753311157227,52.34818649291992,9.523120880126953,4.496838569641113,4.20250129699707,4.018572807312012,4.34187650680542,5.590330600738525,5.0571722984313965,5.7477545738220215,3.4899861812591553,4.054027080535889,3.0863680839538574,4.221573352813721,2539.5258310143577,125.78422955297506,0.26195331648284315,0.03130401210055349,string,acoustic
-323.0775146484375,164.377685546875,90.00543212890625,33.6486930847168,11.928955078125,14.098710060119629,19.63617706298828,15.963798522949219,7.746099948883057,3.2233920097351074,3.7696566581726074,4.957291126251221,3.553985595703125,34.4324951171875,27.5054874420166,20.383703231811523,6.886291027069092,6.780418395996094,4.29218053817749,3.941047430038452,4.5015974044799805,2.5560970306396484,2.1777796745300293,1.9960088729858398,1.712884545326233,1.7972480058670044,124.52332829713193,62.742003508284256,0.005183672664141414,0.0022410348358960514,flute,synthetic
-318.51531982421875,160.987548828125,28.05179786682129,0.4170148968696594,4.359593391418457,7.7406463623046875,-1.7658591270446777,-2.2952611446380615,-3.0096309185028076,-3.4621641635894775,-7.5152363777160645,-4.484616279602051,-3.86370849609375,45.225528717041016,33.52925491333008,10.885190963745117,8.47200870513916,7.000435829162598,2.8659894466400146,8.215898513793945,7.450444221496582,3.7224786281585693,3.0102944374084473,3.7841057777404785,6.956679344177246,7.325155258178711,646.80460318212,234.23295664106215,0.02745643028846154,0.00794091854071716,flute,acoustic
-277.27294921875,46.45582580566406,4.962053298950195,26.64377212524414,8.93666934967041,10.505937576293945,-4.061635971069336,-3.149049758911133,-11.251555442810059,-11.084760665893555,-19.724576950073242,-18.05146598815918,-24.43817710876465,30.73979949951172,8.290421485900879,8.567950248718262,6.261264801025391,4.9421586990356445,2.9341559410095215,3.0774402618408203,2.9498891830444336,3.269763708114624,3.5376923084259033,4.781184673309326,4.924232006072998,4.126572608947754,725.5296926844177,212.36064037337917,0.03384088010204082,0.0046208887713084295,flute,synthetic
-425.84130859375,63.73923873901367,60.990814208984375,57.01423645019531,52.170066833496094,46.662479400634766,40.7655029296875,34.83444595336914,29.15485191345215,23.914865493774414,19.268871307373047,15.3217191696167,12.081001281738281,19.026844024658203,26.138681411743164,24.339340209960938,21.748676300048828,18.282230377197266,14.43157958984375,10.809000968933105,8.000786781311035,6.685199737548828,6.944576263427734,7.810464382171631,8.514992713928223,8.836480140686035,97.24708334923449,115.19482354147382,0.008325693558673469,0.002177381383640675,bass,synthetic
-328.42156982421875,162.90841674804688,-16.88936996459961,-16.896743774414062,2.526491641998291,-27.119964599609375,-29.560016632080078,-14.485750198364258,-14.013825416564941,-17.555936813354492,-18.143043518066406,-15.713894844055176,-10.307677268981934,66.32373046875,33.52190017700195,21.17422103881836,4.252788066864014,3.9374074935913086,13.848760604858398,7.719523906707764,3.9361588954925537,6.019049644470215,3.5452706813812256,3.9320363998413086,7.755095958709717,6.594266414642334,632.3214197304493,91.80879074964706,0.045562744140625,0.009891038494295337,flute,acoustic
-393.6165771484375,41.478172302246094,-28.544925689697266,4.5476765632629395,28.493690490722656,34.06013488769531,-0.9041256308555603,-4.276820182800293,7.443637371063232,20.7041072845459,-2.470325231552124,7.619398593902588,19.95919418334961,89.77278900146484,20.98603630065918,23.28093910217285,12.057694435119629,12.828670501708984,6.270208835601807,6.370699882507324,3.5642762184143066,8.288334846496582,5.934927463531494,4.526259899139404,2.9457178115844727,4.725185394287109,1800.1261240536758,243.3252956798528,0.18251439144736842,0.0315674484800163,flute,acoustic
-318.7293395996094,31.655155181884766,-50.45097351074219,-2.0284979343414307,-10.875812530517578,-18.893047332763672,-29.80134391784668,-18.10738754272461,-18.50043296813965,-14.044195175170898,-14.872690200805664,-3.2897627353668213,25.06001853942871,29.648319244384766,7.197678565979004,13.744505882263184,3.5474421977996826,4.580784797668457,3.7681093215942383,5.801939964294434,4.176349639892578,3.677753448486328,3.6649062633514404,3.5076332092285156,3.8488619327545166,4.044649124145508,990.6150912492883,84.4384825488425,0.05926044170673077,0.007346114136246318,flute,acoustic
-195.43258666992188,87.25748443603516,-48.009918212890625,28.87809944152832,-15.185172080993652,-15.524234771728516,-4.8486809730529785,-10.91270923614502,-12.788419723510742,-5.96230411529541,-13.815838813781738,-7.687452793121338,-12.717584609985352,46.522613525390625,8.754870414733887,10.481382369995117,6.833783149719238,4.7768425941467285,3.9444000720977783,3.657258987426758,3.694051742553711,3.3829853534698486,3.7285282611846924,4.943749904632568,3.961702823638916,4.297659873962402,1066.6741097125798,90.75438986235942,0.05514733768203883,0.010553453868576281,string,acoustic
-171.772705078125,8.510955810546875,-38.66979217529297,4.514861106872559,-45.48443603515625,-19.59482765197754,-29.652511596679688,-17.773048400878906,-29.443513870239258,-22.606698989868164,-20.059972763061523,-9.50132942199707,-13.094706535339355,51.31132888793945,11.179967880249023,7.401261806488037,5.8639373779296875,6.675819396972656,5.154568672180176,5.39159631729126,4.064576625823975,4.493155002593994,5.196951389312744,5.016739845275879,4.500385761260986,4.192124366760254,2325.6363219339482,159.0009955196195,0.19892009253640777,0.036258746223843716,string,acoustic
-316.7879943847656,-14.198762893676758,-25.687889099121094,-17.52808380126953,-31.477558135986328,-15.917495727539062,3.919529438018799,9.634683609008789,-18.280851364135742,-36.273868560791016,-18.911279678344727,35.0115966796875,17.4412784576416,23.33719253540039,12.601017951965332,4.725027561187744,5.646447658538818,6.100162982940674,4.798099517822266,4.904204845428467,6.113628387451172,4.3864006996154785,3.5769693851470947,4.575317859649658,6.266493320465088,3.0139553546905518,2796.6243385786656,202.686946468696,0.20089147586633663,0.04427775934459283,string,acoustic
-344.9173889160156,70.34662628173828,15.130396842956543,9.364203453063965,9.161089897155762,1.8059297800064087,-1.9402400255203247,0.3528832793235779,4.1321821212768555,6.076074123382568,-2.9913294315338135,-20.43703269958496,-41.556087493896484,37.29015350341797,26.307973861694336,9.880428314208984,7.739874839782715,2.8814992904663086,3.124741792678833,2.253391742706299,1.9965698719024658,2.2705161571502686,1.9793262481689453,2.8202626705169678,4.6139936447143555,5.37532377243042,378.967266008065,80.34468938127367,0.028761187803398057,0.0020688228841805687,bass,synthetic
-432.8278503417969,45.38669967651367,-55.60738754272461,-18.592191696166992,-2.9793214797973633,-2.734586477279663,-8.743927955627441,-7.718471527099609,-8.651613235473633,-4.724279403686523,-8.153905868530273,-3.7865331172943115,1.7243167161941528,110.73432159423828,33.1624755859375,17.33034324645996,9.660531997680664,14.1155424118042,4.844338417053223,7.326644420623779,5.253310203552246,6.297163963317871,3.633945941925049,6.40140438079834,4.574862957000732,7.088106632232666,1324.2389867940685,501.0223072119743,0.12721197289156627,0.04217622955195041,brass,acoustic
-412.919189453125,71.40216064453125,37.476558685302734,21.53998565673828,6.956672191619873,-0.7959644198417664,-5.1788177490234375,-8.595120429992676,-10.493529319763184,-10.238603591918945,-9.626242637634277,-9.730081558227539,-11.742836952209473,42.211151123046875,22.470752716064453,10.964673042297363,11.057147979736328,5.793398857116699,4.698472499847412,3.499890089035034,3.8119301795959473,3.120678663253784,3.1453919410705566,3.4566588401794434,2.8145227432250977,3.3213446140289307,269.19988548185313,193.33778102150865,0.024172438788659795,0.001768357099907915,bass,electronic
-323.7541198730469,26.68055534362793,-62.879878997802734,2.5727694034576416,4.026122570037842,-5.338112831115723,-6.100174903869629,10.146662712097168,23.624441146850586,34.573143005371094,20.975582122802734,11.353105545043945,-25.33446502685547,48.840396881103516,11.97786808013916,10.419271469116211,7.322103977203369,6.605149745941162,7.654092311859131,4.414011478424072,4.489108085632324,4.57919979095459,7.491023063659668,5.801605701446533,5.096800804138184,3.748194694519043,1505.8808433481533,144.71292467750817,0.13637927827380952,0.027067834560516126,flute,acoustic
-327.3132629394531,-51.934288024902344,-35.937530517578125,8.773355484008789,-6.961448669433594,11.440375328063965,1.4420034885406494,-2.7640786170959473,4.598623275756836,51.08730697631836,44.896446228027344,9.913644790649414,-21.060636520385742,57.04347229003906,16.017324447631836,5.8955583572387695,3.75559663772583,6.746542453765869,5.671332836151123,4.406353950500488,6.0247344970703125,4.8710408210754395,8.656679153442383,5.195471286773682,5.771607875823975,4.083388328552246,2540.80035687499,248.26140721930494,0.22202194071261683,0.04509510873868214,flute,acoustic
-491.7502746582031,42.452667236328125,20.92827033996582,15.347530364990234,8.452629089355469,1.992684245109558,-2.401841163635254,-3.483280658721924,-3.9251599311828613,-7.1300835609436035,-11.232898712158203,-11.227023124694824,-8.917267799377441,75.6812515258789,47.244728088378906,19.500934600830078,9.51543140411377,6.103560447692871,7.111371994018555,7.8162689208984375,5.700436115264893,8.276097297668457,7.944555759429932,10.75553035736084,9.593521118164062,8.490843772888184,662.305818291581,614.5062104558049,0.02531588807397959,0.007116101440382922,bass,synthetic
-319.2048645019531,58.72674560546875,-70.30938720703125,-20.526060104370117,-29.774545669555664,-15.867960929870605,-16.4426212310791,-20.229394912719727,-7.770430088043213,2.4975037574768066,19.66667366027832,41.53329849243164,39.13066101074219,27.02158546447754,12.10461711883545,14.5117769241333,6.955679416656494,5.237172603607178,4.401005268096924,5.417818546295166,5.897828102111816,3.121088743209839,5.111974716186523,4.218822479248047,5.164058685302734,4.898845195770264,1163.7752038709777,147.4638324271018,0.10781441482843138,0.03079490938067867,brass,acoustic
-260.38385009765625,17.58332633972168,-58.457359313964844,-10.742066383361816,-36.54176712036133,-13.10368537902832,-22.382640838623047,-6.6306867599487305,-15.483149528503418,-4.1264495849609375,-12.137747764587402,-3.4639949798583984,-14.175664901733398,111.11644744873047,18.96591567993164,4.1604437828063965,13.209962844848633,8.722195625305176,7.9070916175842285,5.329095363616943,3.8480615615844727,3.6647894382476807,4.311908721923828,5.142236709594727,2.827436923980713,4.899938583374023,2186.4497152301547,170.0818076773678,0.1412353515625,0.031016766889869037,brass,acoustic
-399.1349182128906,-8.150005340576172,-23.49726104736328,50.94281005859375,-15.466756820678711,-23.014389038085938,22.303075790405273,0.57098388671875,-6.118947982788086,23.983963012695312,-26.109989166259766,17.868244171142578,10.14103889465332,135.95433044433594,48.28612518310547,39.68307876586914,18.456090927124023,6.6528639793396,8.417974472045898,4.892361640930176,8.812355995178223,8.223870277404785,5.894407749176025,11.547645568847656,8.014477729797363,6.535710334777832,3162.211356696734,719.1517320590535,0.29937744140625,0.07962594646897417,bass,synthetic
-201.6226348876953,8.579031944274902,-57.45102310180664,-22.03173065185547,-28.08119010925293,-9.355945587158203,-24.842580795288086,-15.510430335998535,-13.774561882019043,1.6155164241790771,-36.96792221069336,5.310689926147461,19.45354461669922,63.75970458984375,7.446322441101074,9.714629173278809,5.757140636444092,7.8673834800720215,5.137401580810547,6.120448589324951,4.911975383758545,6.290727138519287,3.8157765865325928,5.743693828582764,3.5968129634857178,3.601172924041748,3089.0279984333056,190.01190532282666,0.3008986253004808,0.05336716529818958,string,acoustic
-238.49398803710938,9.885666847229004,-21.154747009277344,-3.122178792953491,-34.67220687866211,-23.386472702026367,-22.288429260253906,-18.523073196411133,-23.106441497802734,-23.58721923828125,-19.991910934448242,-2.3920044898986816,6.362246990203857,52.234107971191406,10.820743560791016,6.184002876281738,4.143922805786133,5.433032512664795,3.920799970626831,4.080059051513672,4.238476276397705,5.039305686950684,4.350859642028809,4.120981693267822,3.465076208114624,4.0767741203308105,2045.4448785828279,205.82985720831445,0.11970872145432693,0.039637868300159224,string,acoustic
-351.4148864746094,218.78997802734375,-25.668792724609375,-16.285417556762695,-15.74151611328125,-17.44185447692871,-12.549633979797363,-8.241361618041992,-20.830747604370117,-4.983160972595215,-5.394925117492676,-4.445684432983398,-6.888397693634033,105.24178314208984,46.76276779174805,33.206050872802734,16.734132766723633,7.766564846038818,12.157182693481445,8.684898376464844,4.70555305480957,5.263301372528076,5.471938610076904,5.303889274597168,3.3259713649749756,3.414437770843506,784.8464463188575,308.18956058302825,0.0683865017361111,0.01750251405476193,brass,acoustic
-464.254150390625,-13.99263858795166,-14.73488712310791,0.2019731104373932,25.01396369934082,-9.842772483825684,-24.18489646911621,22.546188354492188,6.006397247314453,-6.857897758483887,-21.19852066040039,27.075729370117188,2.1418230533599854,21.307331085205078,2.335139751434326,7.731976509094238,1.9759126901626587,6.775040149688721,2.975849151611328,4.833446502685547,3.764564275741577,2.8670997619628906,2.9743831157684326,2.245786428451538,3.0998833179473877,1.1353719234466553,2291.3109250872285,147.2561434277441,0.22984095982142858,0.018129183925908954,flute,synthetic
-193.9992218017578,-25.009849548339844,-42.868896484375,36.97395324707031,-44.35199737548828,0.5631219744682312,-11.70216178894043,-17.928752899169922,1.9184967279434204,30.962100982666016,31.132112503051758,36.77116394042969,-9.743921279907227,64.72157287597656,12.129814147949219,9.989776611328125,10.747260093688965,5.042169094085693,4.052395343780518,4.103879928588867,3.8111846446990967,2.987872362136841,4.0069427490234375,4.990605354309082,4.862661838531494,2.075387716293335,2617.382990568355,229.96378910222012,0.26491066261574076,0.031544913327521636,bass,synthetic
-335.4548645019531,185.1185760498047,30.673065185546875,-31.53221321105957,-28.83220863342285,-19.104347229003906,-12.534703254699707,-8.949618339538574,-5.999622821807861,-6.267322540283203,-6.921725749969482,-5.963510990142822,-9.325496673583984,35.853153228759766,25.947628021240234,12.294238090515137,13.692482948303223,9.220320701599121,7.440547466278076,5.599358558654785,4.963978290557861,5.360177040100098,5.381963729858398,4.771131992340088,4.541244029998779,4.281064987182617,536.1494572241838,79.99422687656802,0.05504381334459459,0.01790391927825635,brass,acoustic
-257.42767333984375,177.97950744628906,37.91020965576172,5.0243916511535645,21.98158073425293,21.689603805541992,3.3225150108337402,0.4824698865413666,3.237621307373047,1.0202451944351196,7.702037334442139,8.193525314331055,4.483808517456055,33.4608039855957,22.9906005859375,7.753463268280029,7.519876480102539,6.800606727600098,6.8043036460876465,6.715425968170166,4.594376564025879,6.865108013153076,5.7514567375183105,6.9082770347595215,5.0672197341918945,4.311232089996338,339.3046444643543,73.44749403841794,0.012925368088942308,0.007500494405996044,string,acoustic
-163.9403533935547,84.33946990966797,-71.01824188232422,26.980091094970703,-30.32640266418457,-19.08704948425293,-14.36202621459961,-15.777982711791992,-11.419443130493164,-1.7560864686965942,-11.576740264892578,-8.051481246948242,-13.426424026489258,55.48057556152344,8.323166847229004,14.825984954833984,5.687164783477783,7.59733772277832,4.627567291259766,5.27380895614624,5.5998215675354,4.252444267272949,4.461050033569336,4.504321575164795,3.7625057697296143,4.150059700012207,1270.0051991767484,90.97812846624895,0.07978233924278846,0.013897786754059428,string,acoustic
-339.08807373046875,-3.10117244720459,-28.772554397583008,2.5257341861724854,-26.432716369628906,-11.123624801635742,-27.75028419494629,-18.080219268798828,-17.52252769470215,4.191012382507324,20.2073917388916,31.329580307006836,4.797938823699951,50.77592468261719,36.658668518066406,14.041624069213867,12.048981666564941,8.179468154907227,6.464506149291992,5.109624862670898,5.271967887878418,2.9327547550201416,2.8516669273376465,4.050782680511475,3.3951005935668945,2.134984016418457,1669.6001268795144,497.4554308229891,0.0728255805619266,0.004866131235527279,bass,synthetic
-393.22039794921875,-0.21251030266284943,-80.13298034667969,-23.073352813720703,5.347150802612305,19.985143661499023,4.895326137542725,-22.651628494262695,-4.367782115936279,14.1603422164917,-10.32316780090332,-23.096193313598633,19.75031089782715,23.354095458984375,5.099505424499512,11.921714782714844,4.284722805023193,4.308904647827148,5.412241458892822,4.326687812805176,3.3840043544769287,3.8718514442443848,4.130613327026367,3.896489143371582,2.8665733337402344,3.7883105278015137,1738.6005107773083,72.18652363541953,0.1817822265625,0.014967121808212252,flute,acoustic
-305.8847961425781,-14.911153793334961,-18.97281837463379,-21.65460968017578,-31.808320999145508,-27.36820411682129,-21.34605598449707,4.477344512939453,6.2792534828186035,3.092122793197632,-31.061283111572266,-25.61539077758789,0.05517958104610443,37.622100830078125,8.052295684814453,6.447865009307861,4.769075870513916,5.395503520965576,4.843137264251709,4.405205726623535,4.822103500366211,6.029508590698242,3.310288429260254,3.7695462703704834,3.7870805263519287,4.712681293487549,2609.211727971793,248.88874190351538,0.1721120297330097,0.04863012913885945,string,acoustic
-355.0260009765625,136.78692626953125,69.23619842529297,25.41695213317871,14.26448917388916,13.48358154296875,11.119959831237793,9.38473129272461,9.06981372833252,6.206305503845215,1.1389318704605103,-0.5551398992538452,2.3960165977478027,33.712772369384766,29.80095672607422,10.978571891784668,5.0076985359191895,4.522569179534912,5.004907608032227,3.5595169067382812,2.2049758434295654,1.6332229375839233,1.4373122453689575,2.308379650115967,2.4983654022216797,1.4526934623718262,204.31528564248626,34.90292318699725,0.010145920973557692,0.000771911950622064,bass,synthetic
-314.5801086425781,79.26676940917969,12.475984573364258,33.16244125366211,-0.1570649892091751,1.9327411651611328,-8.97292423248291,-7.119277477264404,-8.302590370178223,-7.006722450256348,-7.394887924194336,-6.108888626098633,-3.080967903137207,43.94157409667969,25.982492446899414,14.816420555114746,9.059159278869629,9.848494529724121,5.489638805389404,5.493007183074951,4.361489295959473,4.4369730949401855,5.219529628753662,4.720286846160889,3.9753386974334717,3.6227610111236572,312.8890284392975,92.66344220903204,0.033526985012755105,0.009714656904273158,bass,synthetic
-371.62158203125,13.712922096252441,-23.382383346557617,13.248412132263184,-8.544486999511719,-15.645567893981934,-28.4976863861084,-28.69173240661621,-16.24797248840332,-0.9788985848426819,4.486127853393555,12.25769329071045,38.52109146118164,39.097877502441406,28.01315689086914,17.195985794067383,6.854366779327393,5.311283588409424,5.231412410736084,7.972718715667725,6.938204288482666,2.6405296325683594,4.722310543060303,1.8464734554290771,4.363430500030518,6.931186199188232,943.0171298077411,209.66560731319382,0.06415417729591837,0.014897050667208225,bass,synthetic
-195.60635375976562,26.76700210571289,-39.068721771240234,14.856572151184082,-36.57587814331055,-14.386534690856934,-20.039661407470703,-11.926263809204102,-19.540353775024414,-11.37974739074707,-13.87967586517334,-1.0889102220535278,-10.469766616821289,54.227779388427734,12.353849411010742,4.957090377807617,4.355114459991455,5.887210845947266,3.613415479660034,3.647423267364502,4.798734664916992,4.558773994445801,3.8092823028564453,4.783351898193359,4.074002742767334,3.1521522998809814,1869.5388664153095,158.7564251801509,0.14292418841019416,0.031074745892203028,string,acoustic
-232.18243408203125,152.1194610595703,-28.163740158081055,17.885536193847656,-9.774148941040039,-13.833749771118164,-1.4213768243789673,1.0992131233215332,-4.212956428527832,-7.238102912902832,-11.290292739868164,-7.079078674316406,-7.421525478363037,63.56048583984375,21.120243072509766,17.55571937561035,7.465970993041992,8.202103614807129,7.608537673950195,5.438785076141357,6.584681510925293,5.396575927734375,5.683254241943359,5.407699108123779,5.394860744476318,4.012392997741699,639.6954955543954,76.92387611549265,0.047427771226415096,0.010379284635780629,string,acoustic
-214.14645385742188,135.15086364746094,-46.10911178588867,21.35161018371582,-7.370935440063477,-15.4971923828125,-7.00522518157959,0.611691415309906,-2.384066581726074,-8.398749351501465,-13.322310447692871,-2.2531394958496094,-6.018109321594238,51.73908233642578,13.730302810668945,16.767549514770508,6.491771697998047,8.148604393005371,7.321985721588135,5.832152366638184,3.600468397140503,4.673704147338867,5.5727033615112305,6.923306465148926,5.212769508361816,5.313681125640869,745.0300492064688,88.81981245286669,0.037808931790865384,0.010724837033014705,string,acoustic
-366.80804443359375,25.765464782714844,-54.19382858276367,-10.009908676147461,-4.636552333831787,-2.694155216217041,15.276544570922852,22.037322998046875,4.5359086990356445,-13.5843505859375,-23.379932403564453,5.644454002380371,30.46688461303711,100.75387573242188,16.408710479736328,30.342037200927734,8.545330047607422,8.659257888793945,7.8845415115356445,10.924616813659668,5.4332804679870605,5.2572021484375,5.120551586151123,5.994174003601074,4.012381553649902,5.7632951736450195,1557.0977271594204,215.08595642412504,0.13245567908653846,0.03326039830123081,flute,acoustic
-452.0644836425781,113.44268035888672,94.48017883300781,71.8051528930664,51.74040222167969,36.34734344482422,24.867382049560547,16.33803939819336,10.408927917480469,6.6178975105285645,3.954393148422241,1.3717660903930664,-1.4765478372573853,35.6909294128418,40.96640396118164,21.704145431518555,13.92431354522705,16.08008575439453,15.445377349853516,13.449199676513672,10.633769035339355,7.457882881164551,4.579375267028809,3.4172372817993164,3.5435454845428467,3.237443685531616,128.95274827773153,41.53632710240044,0.007922114158163265,0.0011745512882106247,bass,synthetic
-254.0593719482422,39.36567687988281,-94.750244140625,4.273292064666748,-30.106489181518555,-18.481138229370117,-46.97113037109375,-17.96681022644043,-16.38290786743164,-44.70656967163086,-35.082557678222656,6.082154750823975,-20.21780776977539,134.1450958251953,8.636283874511719,3.6431024074554443,8.123722076416016,7.539454460144043,5.4705610275268555,9.77231216430664,5.464526176452637,6.556275844573975,4.491653919219971,5.1572346687316895,3.0370209217071533,4.697454929351807,2246.8830803505393,95.27887578866249,0.21559836647727273,0.046061708872124615,string,acoustic
-362.04742431640625,-26.505529403686523,-60.64836502075195,-9.634575843811035,-41.90541458129883,4.307701587677002,15.711189270019531,45.1111946105957,22.439420700073242,-23.1413516998291,-36.60770034790039,-18.31299591064453,12.86929702758789,30.505130767822266,10.228277206420898,10.923859596252441,3.3059418201446533,6.378047466278076,3.437736988067627,3.8222577571868896,6.656259536743164,3.8578107357025146,4.396434783935547,4.552928447723389,3.1753451824188232,3.1019246578216553,1658.6354924047141,155.81343325865737,0.1088916015625,0.01056076717270398,flute,acoustic
-397.8121337890625,38.94215393066406,-27.485496520996094,-17.86783790588379,-29.562646865844727,-12.199675559997559,-11.773296356201172,-5.157380104064941,-8.126801490783691,-4.277629375457764,-8.849383354187012,-4.576989650726318,-8.000925064086914,164.41244506835938,36.41643142700195,28.783044815063477,8.384086608886719,11.264678955078125,6.523879051208496,8.27208137512207,3.5419297218322754,6.661609649658203,5.139645099639893,5.673699378967285,5.037593841552734,4.248476505279541,1323.6505292006584,628.8614374176971,0.08948863636363637,0.04225388305465984,brass,acoustic
-171.1002960205078,90.14484405517578,-41.39645004272461,1.0169967412948608,-18.786102294921875,-15.27623462677002,-10.032526969909668,-7.562682628631592,-22.396183013916016,-22.445419311523438,-23.98255157470703,-10.052005767822266,-3.0261552333831787,62.94970703125,10.222230911254883,8.015483856201172,3.9948039054870605,3.970608949661255,3.495582342147827,4.469777584075928,4.014851093292236,4.6835808753967285,4.068661689758301,4.181897163391113,3.5019402503967285,5.311976909637451,1407.9614244853349,76.74176026116089,0.1022274925595238,0.01606199334048958,string,acoustic
-348.53369140625,62.5147590637207,-67.36457061767578,-48.37644958496094,-24.48208999633789,-21.835494995117188,-14.145917892456055,-0.42668694257736206,13.369060516357422,32.1496467590332,37.876686096191406,15.58083438873291,-10.891461372375488,18.744281768798828,11.153409004211426,12.125455856323242,6.257414817810059,4.111264228820801,5.780632495880127,5.8903913497924805,4.613126277923584,4.050418853759766,3.3192009925842285,4.162283897399902,3.514399528503418,4.531984806060791,957.5180593965357,74.6719737115714,0.08153339460784313,0.006049365486630958,brass,acoustic
-199.53038024902344,21.536094665527344,-35.558841705322266,4.691120147705078,-40.87519836425781,-16.85007095336914,-23.086801528930664,-22.62992286682129,-33.04471206665039,-12.499176025390625,11.03341007232666,26.32554817199707,0.35346677899360657,59.537471771240234,11.611353874206543,6.4992146492004395,5.290771961212158,6.891287326812744,4.905824184417725,4.142269611358643,3.9246044158935547,7.469885349273682,5.399654388427734,4.694421768188477,4.933244228363037,2.8936212062835693,2172.7596855118504,203.80947133177494,0.1794151893028846,0.06103702772533,string,acoustic
-239.6796875,35.71626663208008,-82.82479858398438,24.42496109008789,-39.43952941894531,-12.294636726379395,-12.218793869018555,-1.1587414741516113,-13.786381721496582,-4.178553104400635,-17.41891860961914,9.979594230651855,-9.952259063720703,95.25949096679688,32.23089599609375,13.599126815795898,12.957099914550781,11.880592346191406,4.53965950012207,4.416429042816162,3.6231770515441895,6.2447052001953125,6.2258195877075195,7.451747417449951,5.356545448303223,4.6431756019592285,1725.1470363162196,324.30383424422195,0.13874421296296297,0.03202197034821094,brass,acoustic
-371.7332458496094,100.5313491821289,67.8401107788086,43.67109298706055,23.050935745239258,10.483253479003906,3.220552444458008,-1.0374236106872559,-4.519089221954346,-7.532456874847412,-10.498924255371094,-11.790983200073242,-12.061092376708984,26.60581398010254,16.77507209777832,13.821070671081543,8.333869934082031,5.336236476898193,3.514326810836792,2.2419402599334717,2.005051851272583,2.0617241859436035,2.8483548164367676,3.367426872253418,3.750393867492676,3.5104801654815674,222.29041426575614,57.180842140580594,0.015938895089285716,0.0018655244308477023,flute,synthetic
-356.4173583984375,-33.543975830078125,-62.74193572998047,-18.801494598388672,-13.432467460632324,-1.3440474271774292,5.446377277374268,2.1045382022857666,-23.307903289794922,-25.842077255249023,-2.2541708946228027,40.76085662841797,36.9266242980957,44.63743209838867,12.479646682739258,12.320080757141113,4.102999210357666,4.232868671417236,3.7607839107513428,6.749455451965332,4.622258186340332,4.681352138519287,4.185372352600098,4.708805084228516,4.774453163146973,6.657281875610352,1996.229867611563,257.75869483596796,0.1424092800817757,0.03131133880102648,flute,acoustic
-385.84808349609375,142.29959106445312,-33.56754684448242,-12.167830467224121,-14.686664581298828,-19.255767822265625,-18.01015281677246,-12.822420120239258,-11.71164608001709,-1.2431840896606445,-4.643996238708496,-4.840059757232666,-12.036384582519531,150.48484802246094,53.263221740722656,32.209320068359375,15.552430152893066,10.863703727722168,7.046775817871094,6.025699138641357,6.8758063316345215,5.128962516784668,5.509512424468994,8.97429370880127,5.359588146209717,4.672822952270508,1086.8419283024143,594.5714827216296,0.08634207589285714,0.025616453045133325,brass,acoustic
-504.18115234375,-17.673269271850586,4.553081035614014,6.258470058441162,-10.301794052124023,14.464944839477539,-15.346206665039062,6.60587215423584,8.434320449829102,-18.89128875732422,15.355204582214355,-7.110841274261475,-1.208169937133789,4.7964372634887695,4.127882480621338,1.9797433614730835,2.323341131210327,3.492624044418335,4.300571441650391,3.248854875564575,1.3953243494033813,1.8550329208374023,4.089114665985107,3.1398839950561523,2.3581666946411133,0.8164170384407043,4188.785035293035,16.079052773913897,0.515007174744898,0.04094940867035015,flute,synthetic
-410.16943359375,-17.754228591918945,5.803630352020264,-5.931650161743164,7.047641754150391,35.32561111450195,55.00799560546875,42.89128112792969,-8.643535614013672,-36.88527297973633,13.880435943603516,56.437049865722656,24.33469581604004,58.191627502441406,18.03078269958496,14.946078300476074,11.708013534545898,7.185088157653809,10.674257278442383,14.07306957244873,11.831175804138184,6.254612445831299,7.348519802093506,5.024789333343506,9.873296737670898,8.910552024841309,2060.707609050222,901.772748134178,0.20425143100247525,0.12096919337611539,bass,synthetic
-147.5132598876953,-8.093327522277832,-84.32441711425781,9.949301719665527,-17.185983657836914,-5.393679141998291,-42.34756088256836,-18.59823989868164,-22.437606811523438,5.0364837646484375,-5.539287090301514,19.901966094970703,15.677316665649414,57.100284576416016,8.526119232177734,14.634481430053711,5.636549472808838,5.402811527252197,4.02049446105957,6.580094814300537,4.168896198272705,5.104548454284668,3.96787166595459,3.9218366146087646,4.356987476348877,4.399764537811279,1829.801462279773,98.10807274422669,0.06513869160353536,0.009139892103986736,flute,acoustic
-372.51373291015625,17.68558120727539,-47.472965240478516,10.559816360473633,5.416841506958008,-4.6980509757995605,-9.388410568237305,8.717082023620605,-21.821197509765625,21.359010696411133,46.74500274658203,40.48976135253906,15.7368745803833,45.11641311645508,17.553001403808594,14.900663375854492,10.374074935913086,8.275055885314941,5.751406192779541,4.054126262664795,6.5445780754089355,5.009423732757568,3.5943212509155273,4.46798038482666,3.867919921875,2.7629809379577637,1902.3000367198654,486.9916704371969,0.24314984071601942,0.058853018506846815,bass,synthetic
-66.46308898925781,108.26889038085938,6.568010330200195,36.67603302001953,6.236612796783447,12.251679420471191,-4.208972454071045,4.390036106109619,-6.753726005554199,2.439173460006714,-4.89180850982666,1.7800184488296509,-8.848051071166992,64.7160415649414,27.791221618652344,12.736088752746582,5.573546886444092,4.590250015258789,3.292935609817505,3.5241847038269043,3.3543384075164795,3.534527540206909,2.5286781787872314,3.9897372722625732,3.9908177852630615,3.680321455001831,905.7250970389241,217.3087486784383,0.0213314788510101,0.002765313339020048,bass,synthetic
-510.75115966796875,-21.271780014038086,-32.398380279541016,43.96569061279297,1.1495020389556885,-22.921165466308594,28.32888412475586,4.01280403137207,-24.15035057067871,17.138397216796875,12.611980438232422,-15.537120819091797,12.599991798400879,74.76359558105469,20.67444610595703,33.21581268310547,40.25767517089844,8.173633575439453,12.228777885437012,19.235525131225586,4.363745212554932,11.73917293548584,6.81600284576416,11.713394165039062,4.379417419433594,6.2657599449157715,2678.3281956121327,118.0560152872572,0.26470947265625,0.06771214486666839,bass,synthetic
-369.0824279785156,180.56956481933594,94.40450286865234,57.05736541748047,30.31671905517578,10.464103698730469,-0.43420925736427307,-3.623563051223755,-0.5430249571800232,-0.12292706966400146,1.525220274925232,4.030930519104004,4.173738956451416,58.11174011230469,32.94907760620117,23.74442481994629,8.427603721618652,13.133910179138184,12.51845932006836,11.079144477844238,9.442667961120605,8.56413459777832,5.086442947387695,3.820246696472168,4.20389986038208,5.687241554260254,222.71192391337124,49.64319075649977,0.011028010670731708,0.002352802465613612,bass,synthetic
-456.6530456542969,-21.257905960083008,-24.272302627563477,25.508176803588867,28.159088134765625,-9.7241792678833,-18.352651596069336,32.180973052978516,14.929030418395996,-26.022552490234375,5.027717113494873,33.854190826416016,-20.614967346191406,66.55140686035156,12.229780197143555,19.170713424682617,24.543598175048828,29.178062438964844,11.487664222717285,8.933512687683105,23.209136962890625,5.043328762054443,5.953398704528809,9.527987480163574,16.44277572631836,9.424766540527344,2807.9599015482004,336.90752793550337,0.24967447916666666,0.059792803178679015,bass,synthetic
-259.46142578125,115.13764190673828,-164.91586303710938,30.697795867919922,-12.809931755065918,-18.02955436706543,9.345653533935547,-17.588932037353516,-7.501183032989502,-6.188220500946045,-8.433347702026367,-7.58778715133667,-7.022002220153809,59.598854064941406,13.304332733154297,17.81513786315918,15.707536697387695,17.070688247680664,6.925593852996826,3.746833562850952,8.754857063293457,3.5651819705963135,3.9849698543548584,4.5242156982421875,4.237391948699951,3.211369276046753,1470.3203274513753,82.38302522614462,0.1514563927283654,0.0129590624285573,brass,acoustic
-321.7919921875,141.62767028808594,-31.045398712158203,11.364798545837402,3.491314172744751,-6.876965522766113,3.328415632247925,-15.89082145690918,-7.443220615386963,3.1887760162353516,-1.503633737564087,0.029465384781360626,-11.105571746826172,41.355018615722656,11.87717342376709,19.84931755065918,6.298384666442871,6.7707200050354,6.016558647155762,4.63502836227417,5.067478656768799,4.841572284698486,4.486079216003418,3.2329323291778564,2.876500368118286,5.889560222625732,614.0218115065876,46.56505249883048,0.04726745035046729,0.009615114804238612,flute,acoustic
-434.335205078125,-28.851051330566406,-35.78150177001953,1.6552916765213013,6.049737930297852,20.683225631713867,6.7885050773620605,-21.703556060791016,-8.808770179748535,30.71968650817871,37.14669418334961,-5.353544235229492,-23.862289428710938,56.11146926879883,29.96344566345215,9.730025291442871,11.33791732788086,7.257570266723633,9.342704772949219,3.774594783782959,6.091225624084473,5.906932830810547,7.545238971710205,8.25184154510498,2.6300864219665527,11.313472747802734,2116.5898244298905,170.85916458524875,0.16119025735294118,0.03321363335995477,flute,acoustic
-277.15350341796875,145.58001708984375,-106.00871276855469,3.6611461639404297,-16.634180068969727,-32.30617904663086,6.087901592254639,-17.036033630371094,-13.222847938537598,-1.7392410039901733,-12.79772663116455,-13.877191543579102,-7.486025810241699,41.74099349975586,12.777908325195312,20.509273529052734,9.925355911254883,8.803470611572266,9.386726379394531,3.697373628616333,3.896091938018799,2.6207120418548584,2.213897228240967,4.738582134246826,3.149000644683838,2.5764591693878174,918.4184072427686,91.96297711600789,0.0638037109375,0.013419662879484387,brass,acoustic
-382.25579833984375,197.39724731445312,62.74966812133789,10.680645942687988,-4.500916004180908,-11.238029479980469,-14.102794647216797,-8.740050315856934,-2.268224000930786,-9.271059036254883,-13.647233009338379,-11.643269538879395,-8.702580451965332,70.98367309570312,42.38774490356445,18.81844139099121,7.516284942626953,3.1045548915863037,5.794003963470459,8.16871166229248,6.818772315979004,3.9505672454833984,4.635444164276123,4.694854736328125,4.020129203796387,5.1850905418396,396.54405724157743,118.21833007976637,0.027739025297619048,0.009072073964161573,brass,acoustic
-639.9463500976562,44.274044036865234,35.0269660949707,24.57683753967285,28.026611328125,17.752246856689453,22.106155395507812,11.798463821411133,9.37580680847168,10.891536712646484,14.491276741027832,13.112510681152344,6.771108150482178,113.06935119628906,34.89012145996094,21.40460968017578,8.315681457519531,14.894881248474121,6.640233993530273,10.61844539642334,7.661677360534668,6.709962368011475,2.9590206146240234,8.104743957519531,7.024826526641846,3.261660575866699,317.66332897792273,259.927882810604,0.00576171875,0.008590975226752763,bass,synthetic
-367.113037109375,138.87033081054688,33.44513702392578,-6.226174354553223,-9.44621467590332,-11.193917274475098,-9.632410049438477,-5.500300884246826,-2.4017016887664795,-4.041459083557129,-7.383401393890381,-7.676565647125244,-5.721420764923096,18.455394744873047,13.949811935424805,4.295990467071533,5.999458312988281,5.657919406890869,5.411827087402344,4.396453857421875,3.6045944690704346,3.1553890705108643,3.794898748397827,4.574551105499268,4.746307849884033,4.072253227233887,531.5483126398893,81.0667875441461,0.04530617042824074,0.01110972506949811,brass,acoustic
-354.5252685546875,49.88700866699219,-48.28721618652344,2.3705201148986816,0.9865951538085938,-10.680139541625977,-17.139495849609375,-9.43362808227539,-7.653843402862549,-8.530776023864746,-10.903656005859375,6.582797527313232,30.840087890625,67.3898696899414,13.633319854736328,24.662845611572266,4.854318141937256,8.295165061950684,3.787658214569092,11.602354049682617,8.780810356140137,5.263140678405762,4.160475254058838,6.358735084533691,3.984645128250122,4.601531982421875,1158.324878281618,81.07853858972008,0.0878634982638889,0.02309275640124625,flute,acoustic
-164.39915466308594,124.44447326660156,-87.212890625,36.87968826293945,-34.788421630859375,-6.850045204162598,-18.808561325073242,-8.142943382263184,-9.853469848632812,10.810298919677734,-2.7681171894073486,7.099792957305908,-14.881418228149414,76.78409576416016,19.808637619018555,9.02227783203125,12.4780855178833,10.929800987243652,4.89096212387085,5.344958782196045,4.814523220062256,3.3116722106933594,3.7621536254882812,3.892271041870117,3.95548677444458,3.31548810005188,1491.1752029877966,180.70223814047338,0.12300541715801887,0.0170810389849955,brass,acoustic
-233.94122314453125,11.709153175354004,1.8963439464569092,38.557552337646484,-24.545551300048828,-15.841413497924805,-14.337342262268066,10.38337516784668,-38.05727767944336,-8.989376068115234,-8.927165985107422,4.094045162200928,-33.67534255981445,54.38248062133789,31.431446075439453,9.333288192749023,6.028958797454834,6.319738388061523,4.275771617889404,5.209473133087158,4.878146648406982,4.177191734313965,3.0785574913024902,3.3585007190704346,3.0310802459716797,5.622445583343506,1563.6587545316859,384.75805553349824,0.0815966796875,0.037842262786950374,brass,acoustic
-189.13699340820312,64.75178527832031,-46.12063217163086,-4.2296648025512695,-32.43899154663086,-20.64291763305664,-12.082365036010742,-8.921451568603516,-22.098609924316406,-23.040367126464844,-20.558612823486328,0.9389115571975708,11.598489761352539,56.84353256225586,7.94304084777832,8.125557899475098,4.441513538360596,5.15789270401001,5.667866230010986,5.237244606018066,4.290560245513916,5.023660659790039,3.768639087677002,5.410016059875488,4.479197025299072,4.905344486236572,1600.8252845392187,92.63413635893585,0.12641789362980768,0.014313375377501164,string,acoustic
-329.5791015625,-15.42287540435791,-60.48854446411133,-18.724525451660156,-14.864645957946777,-7.802321910858154,2.3901138305664062,21.64092254638672,0.1578863114118576,-14.170607566833496,-30.617774963378906,-0.6482017040252686,32.667572021484375,50.02027893066406,11.57634449005127,13.118334770202637,4.16660737991333,3.869623899459839,3.8298306465148926,6.855504512786865,4.066714286804199,4.052160739898682,4.532127857208252,4.044295787811279,3.6945934295654297,4.836791038513184,1770.602050976733,221.8093372504046,0.1290916160300926,0.02524883250153904,flute,acoustic
-364.0621337890625,203.98507690429688,70.34063720703125,44.75572967529297,36.193603515625,3.015122413635254,-7.958669662475586,-9.433382987976074,-16.11801528930664,-14.641744613647461,-9.432695388793945,-5.61246395111084,-0.9738466143608093,39.821006774902344,31.995677947998047,14.636573791503906,12.98642349243164,8.821368217468262,4.972838878631592,5.7500996589660645,7.129586219787598,8.399367332458496,7.442102432250977,6.5117082595825195,5.616822719573975,4.742343425750732,274.2807312413551,49.35937362713807,0.022042410714285716,0.0065587745524087636,bass,synthetic
-271.26287841796875,86.07633972167969,-73.06361389160156,15.232762336730957,-9.117124557495117,-6.231653690338135,-12.497468948364258,-5.586509704589844,-10.072090148925781,-16.744335174560547,-9.011101722717285,-3.0323803424835205,-1.0357733964920044,57.38439178466797,18.469541549682617,15.561570167541504,10.5123291015625,8.437018394470215,3.6526527404785156,6.743362903594971,4.261482238769531,6.42764139175415,5.872992515563965,4.876256465911865,4.424478054046631,4.337912559509277,1044.0235737014184,129.06368176365035,0.07322836821933962,0.02294965562595087,brass,acoustic
-230.53091430664062,123.36431121826172,-50.49680709838867,21.076194763183594,7.424025058746338,-6.682527542114258,8.557164192199707,-4.749553680419922,0.58638995885849,2.4512760639190674,-0.3205442726612091,3.5815589427948,-1.518716812133789,49.78971481323242,19.350622177124023,12.949893951416016,7.117494106292725,9.07915210723877,5.186378479003906,3.791290521621704,4.501270771026611,2.95570707321167,1.7673614025115967,2.138669013977051,2.425685405731201,2.606560468673706,917.4471400328204,230.46544579223513,0.05299844547193878,0.028712937902878814,flute,synthetic
-360.8498229980469,126.78350830078125,15.011129379272461,-13.709734916687012,-19.040203094482422,-22.49824333190918,-20.228946685791016,-22.461618423461914,-21.22397804260254,-19.561464309692383,-17.192575454711914,-12.666389465332031,-15.020599365234375,37.35167694091797,20.050565719604492,19.85907554626465,7.195492267608643,5.263778209686279,4.917112350463867,4.494955062866211,4.011273384094238,3.8062326908111572,3.4766013622283936,3.6036376953125,3.662816047668457,3.977938175201416,464.1098165437437,42.88070772814169,0.03430299084595959,0.003179111304838286,brass,acoustic
-362.42828369140625,130.8511199951172,-42.45198440551758,-71.56008911132812,-35.29410171508789,-25.80286407470703,-22.388168334960938,-15.759815216064453,-15.003069877624512,-18.204761505126953,-19.116518020629883,-11.98262882232666,-8.20637035369873,34.2252311706543,26.48493194580078,11.009222030639648,11.433638572692871,5.028395175933838,3.9623632431030273,4.982213973999023,3.5309324264526367,3.941147804260254,4.9028143882751465,2.9058640003204346,2.506721258163452,2.895413398742676,657.1465977377683,30.834882014185936,0.07619121287128713,0.006842813072873211,brass,acoustic
-175.0377655029297,20.902389526367188,-59.96352767944336,29.821767807006836,-37.30353546142578,-9.71389389038086,-32.12471389770508,-3.182176351547241,-14.853049278259277,-10.186788558959961,-8.358804702758789,2.1301157474517822,-0.5292884111404419,67.29273223876953,18.75301170349121,9.503157615661621,6.6832709312438965,7.177698135375977,4.80090856552124,8.752685546875,4.871027946472168,6.659820556640625,4.4365339279174805,4.814607620239258,4.763587951660156,4.295989036560059,1879.8099876425592,225.82555366497084,0.12356594876126126,0.03322073411788355,string,acoustic
-221.55990600585938,116.85260009765625,-30.869609832763672,15.45032787322998,-16.952192306518555,-8.345322608947754,8.211142539978027,6.8813300132751465,-24.76656723022461,22.12434196472168,-11.466081619262695,-4.816581726074219,5.746418476104736,68.00234985351562,30.02231216430664,5.574449062347412,2.948692798614502,2.4838809967041016,2.493875741958618,4.055566787719727,4.095252990722656,3.557168960571289,1.9662805795669556,2.3741683959960938,2.808694839477539,3.4120585918426514,2492.3308553476163,107.08893136556958,0.34384668935643564,0.027039036336623804,flute,synthetic
-250.94007873535156,195.4470672607422,5.783010959625244,12.442973136901855,26.053848266601562,17.711448669433594,-0.8111870288848877,2.1444408893585205,2.5937325954437256,5.617081642150879,9.458189010620117,-0.1900002360343933,-2.948688268661499,61.915794372558594,28.410232543945312,16.7446346282959,6.120723724365234,3.994621515274048,5.604541301727295,6.287517070770264,5.091535568237305,3.8239166736602783,4.5243239402771,4.4238667488098145,4.115374565124512,3.629791736602783,460.5514277263719,68.39781838687739,0.02095129730504587,0.005221190448530017,string,acoustic
-229.05862426757812,-31.783559799194336,-39.274620056152344,-16.41625213623047,-22.48957633972168,-11.509200096130371,-14.926194190979004,-1.8465720415115356,-13.075559616088867,-6.037987232208252,-17.719449996948242,-4.1555070877075195,-13.567630767822266,60.69190979003906,37.753021240234375,9.231595039367676,5.086931228637695,3.890562057495117,3.155686855316162,3.7380590438842773,3.7687673568725586,2.951775550842285,2.285876750946045,4.261321067810059,3.1897029876708984,2.9060187339782715,2197.3698559731474,235.45794557158715,0.09934645432692307,0.018022947079902693,brass,acoustic
-198.29840087890625,10.055727005004883,-45.41191864013672,-1.8282984495162964,-40.810482025146484,-23.579721450805664,-33.31473159790039,-20.997835159301758,-23.52440643310547,-16.995939254760742,-16.660062789916992,-8.321745872497559,-16.63693618774414,59.27920913696289,12.36938762664795,9.304861068725586,4.561272144317627,6.192883014678955,4.349121570587158,4.16084623336792,4.20623254776001,3.8869850635528564,3.882716655731201,5.27987813949585,3.2360000610351562,3.594324827194214,1996.4487964256948,159.6931929206136,0.16102013221153846,0.03470413657440328,string,acoustic
-194.9200439453125,70.18773651123047,-61.002017974853516,21.502426147460938,-13.914484024047852,-4.427426338195801,-28.573232650756836,-26.699295043945312,-18.164623260498047,-11.103463172912598,-15.640929222106934,-3.4828248023986816,-16.8380184173584,46.952362060546875,11.347545623779297,14.971304893493652,7.3991899490356445,5.979964733123779,5.02958345413208,7.489685535430908,7.082619667053223,5.198579788208008,4.404871940612793,7.245767116546631,5.44590425491333,4.707733631134033,1007.7678803193401,57.5489170127692,0.03921875,0.010293793328569823,string,acoustic
-331.67059326171875,20.460556030273438,-87.14714813232422,-32.52124786376953,-15.35538101196289,7.87723445892334,-11.266401290893555,-10.07834243774414,-21.264297485351562,-6.212061882019043,13.50837516784668,30.805208206176758,33.999881744384766,37.58671951293945,12.562408447265625,17.840015411376953,8.102121353149414,4.791768550872803,5.546236038208008,4.248183250427246,4.092952728271484,4.109165668487549,4.344342231750488,3.85341739654541,6.2125935554504395,3.660005807876587,1411.1503371808453,108.67080564906666,0.13406544811320756,0.015318108658918106,brass,acoustic
-226.49559020996094,0.15856488049030304,-67.69495391845703,22.817813873291016,-23.104312896728516,-17.406415939331055,-32.874603271484375,-5.121708393096924,-23.409038543701172,-1.8143752813339233,-11.230337142944336,-2.332124710083008,-2.7858471870422363,58.81681442260742,10.19986343383789,15.926861763000488,12.41651725769043,9.319958686828613,5.689088821411133,10.260722160339355,9.521187782287598,4.662458896636963,4.811952114105225,5.740514278411865,2.8996078968048096,3.078016996383667,1804.1386177807865,160.25810116343376,0.07164281728316327,0.025130567445679132,flute,acoustic
-196.8533477783203,8.317412376403809,-34.85511016845703,19.25934600830078,-31.982528686523438,-11.478276252746582,-18.395143508911133,-9.209890365600586,-19.26102066040039,-10.871136665344238,-8.076737403869629,2.99782395362854,-1.7164032459259033,69.64055633544922,16.970653533935547,11.175149917602539,7.611443996429443,8.80804443359375,5.8873419761657715,7.508985996246338,4.944313049316406,6.724054336547852,4.732460975646973,4.270262718200684,5.051647663116455,4.854482650756836,2070.762140466394,190.1312194180414,0.14317943431712962,0.035640976509205384,string,acoustic
-196.28013610839844,-0.42871716618537903,-41.97468948364258,-13.887269020080566,-30.44043731689453,-0.8496809005737305,-3.65358304977417,-19.033370971679688,-30.5711612701416,14.875025749206543,6.169098854064941,-12.15092658996582,-9.497840881347656,58.863380432128906,10.707986831665039,4.878036022186279,3.520479440689087,5.991204738616943,3.8091187477111816,3.9487802982330322,3.265510320663452,4.446190357208252,3.336907386779785,3.237027406692505,3.3864355087280273,3.5008363723754883,3341.038355188203,223.3720762524678,0.30115575697815533,0.056265990809686424,string,acoustic
-250.78030395507812,39.2584228515625,-42.54064178466797,-10.412014961242676,-31.711585998535156,-18.76532745361328,-25.277175903320312,-12.000482559204102,-18.020109176635742,-8.09274673461914,-15.819425582885742,-8.244898796081543,-10.70217227935791,108.74447631835938,23.627931594848633,9.043730735778809,8.773547172546387,9.736298561096191,5.029778003692627,6.488570690155029,5.896385669708252,6.913167476654053,3.091249704360962,3.382838010787964,2.9705398082733154,9.970193862915039,1765.546790337735,244.8431143035658,0.09840029761904762,0.031404248633663284,brass,acoustic
-345.50140380859375,32.958335876464844,-54.06911087036133,1.8496730327606201,-6.930961608886719,-5.321711540222168,10.694758415222168,24.759122848510742,18.209272384643555,0.7781304717063904,-23.414051055908203,-14.279823303222656,14.945619583129883,91.50391387939453,10.378046035766602,29.886964797973633,4.730102062225342,11.517350196838379,6.441854000091553,12.49885082244873,6.257534503936768,6.595149993896484,4.940766334533691,5.982818603515625,3.7001004219055176,3.381829261779785,1388.2543204102503,178.51615895374732,0.11064453125,0.02640757540474559,flute,acoustic
-187.21983337402344,96.025146484375,-66.63346099853516,22.74852752685547,-22.105953216552734,-10.491084098815918,-8.835719108581543,-13.322117805480957,-8.66559886932373,-7.228447914123535,-11.795900344848633,-4.875223159790039,-8.206619262695312,50.04180908203125,12.68870735168457,13.250012397766113,4.340330123901367,8.063335418701172,4.6513261795043945,4.0990705490112305,4.538936614990234,3.8616716861724854,3.6127102375030518,4.5989484786987305,3.6005656719207764,3.456422805786133,1181.8836524840337,157.09343491290983,0.07274442506067962,0.020530935888839523,string,acoustic
-256.1357116699219,-46.57046890258789,-64.51597595214844,-26.552061080932617,-30.145347595214844,-11.21335220336914,-20.088298797607422,-14.81283187866211,-12.357855796813965,5.233066082000732,11.240096092224121,19.491905212402344,-3.7336974143981934,118.03536224365234,70.35062408447266,22.03096580505371,13.594118118286133,8.180686950683594,5.680088520050049,5.172739028930664,5.271498680114746,10.297755241394043,17.690196990966797,23.199491500854492,23.020885467529297,14.814698219299316,3203.181775256628,802.4682562401717,0.23894708806818182,0.07642818204299485,brass,acoustic
-318.5760498046875,44.91919708251953,-138.55645751953125,13.642768859863281,-28.080923080444336,-12.056441307067871,-17.927963256835938,-14.478382110595703,-13.793435096740723,-9.073738098144531,-5.807503700256348,-15.482077598571777,-6.2912726402282715,35.62609100341797,13.72441291809082,17.5294132232666,7.833616733551025,8.702593803405762,3.9624242782592773,3.656294822692871,3.1242456436157227,3.3318445682525635,3.652536392211914,3.0694315433502197,3.197965621948242,2.9491074085235596,1576.5811726634518,109.76113321826988,0.17769985006313133,0.02710315295037651,brass,acoustic
-284.1558532714844,164.58963012695312,33.01875305175781,-12.838297843933105,-1.0029805898666382,3.7237672805786133,5.018314361572266,8.524934768676758,1.4742512702941895,-8.759676933288574,-9.339401245117188,-9.82068157196045,-16.414470672607422,29.415992736816406,23.543148040771484,6.214308738708496,6.503536224365234,2.8095173835754395,2.396472692489624,3.122340679168701,1.832044005393982,2.1999905109405518,2.7936031818389893,2.9720983505249023,3.652200937271118,4.8792805671691895,368.43079459832984,49.4414988644645,0.017051168007425743,0.0014209717306554166,flute,synthetic
-172.33409118652344,43.625885009765625,-49.04163360595703,24.261394500732422,-37.44987869262695,-10.034037590026855,-20.24699592590332,-2.0779261589050293,-20.610916137695312,-16.393054962158203,-14.283391952514648,-2.930295467376709,-7.072004318237305,53.76862335205078,11.804401397705078,9.472960472106934,3.970386505126953,5.751726150512695,4.102873802185059,4.192701816558838,4.440201282501221,4.740795612335205,3.9050536155700684,4.203958034515381,3.5426149368286133,4.010037899017334,1752.1089462793304,129.38817417798913,0.10411293992718447,0.025507769453370913,string,acoustic
-343.8866882324219,30.975780487060547,-53.99882125854492,-7.336242198944092,-10.96872329711914,-13.41026496887207,7.627965450286865,16.269405364990234,14.630800247192383,11.073657035827637,-15.885457038879395,-21.992095947265625,-2.380509376525879,66.15875244140625,8.433183670043945,22.9598445892334,6.850681304931641,12.192122459411621,8.630776405334473,4.830113410949707,6.5471110343933105,8.888323783874512,4.059571266174316,5.07878303527832,5.206605434417725,5.530616760253906,1377.8487889633416,148.48896015335396,0.10466452205882353,0.02172646053596694,flute,acoustic
-402.32977294921875,82.11658477783203,44.15250778198242,20.03435516357422,14.385147094726562,10.862797737121582,3.0536727905273438,-2.4071600437164307,-4.2657670974731445,-10.317535400390625,-26.252918243408203,-49.58526611328125,-69.25516510009766,14.129093170166016,18.139732360839844,13.602752685546875,8.398845672607422,4.668245792388916,2.767951726913452,1.6878159046173096,1.1791354417800903,1.1650522947311401,2.7111687660217285,5.518703937530518,8.54897689819336,10.602120399475098,276.1600049635029,97.97130503038386,0.030367148042929292,0.002430706477368059,bass,synthetic
-456.9800720214844,54.99064636230469,8.274056434631348,2.5266001224517822,4.586060047149658,15.848557472229004,6.839762210845947,-8.326939582824707,-3.8104026317596436,5.528411865234375,19.282651901245117,24.464645385742188,0.5842055082321167,69.54415893554688,46.50331497192383,20.742008209228516,13.215635299682617,7.322011947631836,8.082834243774414,6.2751874923706055,4.0302653312683105,4.951368808746338,5.000885009765625,11.602546691894531,15.259590148925781,7.229979991912842,832.0311525354005,97.8976117173127,0.1350555419921875,0.03029816781288038,bass,synthetic
-401.5815124511719,69.4044418334961,-23.39727783203125,-20.463274002075195,-16.181291580200195,3.0994110107421875,-14.006614685058594,-33.2824821472168,-27.268892288208008,3.8085031509399414,21.305784225463867,-17.5358829498291,-35.04035949707031,114.05216979980469,31.88028907775879,26.600967407226562,10.344365119934082,19.10160255432129,9.396149635314941,7.963780879974365,4.579795837402344,9.76713752746582,8.865738868713379,9.026244163513184,4.06427526473999,8.787647247314453,1411.53889441169,123.27792487363013,0.15464274088541666,0.0244869838569764,string,acoustic
-293.3565368652344,207.93209838867188,-10.344108581542969,-1.2425957918167114,-7.069874286651611,0.8585876822471619,4.604759216308594,2.378007650375366,-1.5782325267791748,-3.170517921447754,-4.568511009216309,-13.17667007446289,-15.320175170898438,91.35995483398438,20.661109924316406,34.71995544433594,11.363302230834961,8.245678901672363,6.073605537414551,7.681832790374756,4.475120544433594,5.412376403808594,4.721187591552734,8.973287582397461,9.22723388671875,9.373888969421387,561.3569870407198,157.42085577652634,0.04417804468457944,0.015505660580091101,brass,acoustic
-470.40386962890625,56.98997116088867,36.40902328491211,26.675785064697266,17.173782348632812,9.410202026367188,4.131170272827148,0.058722302317619324,-1.6779104471206665,-2.791259527206421,-5.2253289222717285,-8.832707405090332,-12.186840057373047,61.901893615722656,43.87004470825195,17.755870819091797,7.31979513168335,4.721628665924072,6.582806587219238,7.10333776473999,6.980635166168213,3.610997438430786,3.8872854709625244,4.081301689147949,2.6489884853363037,3.1027779579162598,260.5710325785712,134.80216272873557,0.021609422637195123,0.0016191062895273443,bass,electronic
-378.314453125,233.58518981933594,33.406532287597656,-1.2581210136413574,6.733588695526123,-4.397102355957031,-13.550470352172852,-12.672630310058594,-5.502748489379883,-6.640277862548828,-9.963386535644531,-7.413572788238525,-8.508258819580078,81.64982604980469,39.63484191894531,24.315305709838867,7.109099388122559,5.943266868591309,7.854185104370117,4.740172386169434,4.09235143661499,2.8426246643066406,3.1074142456054688,3.5394580364227295,3.2434277534484863,3.313486099243164,436.92174279616586,32.597544976697044,0.036557404891304345,0.007756978786194839,brass,acoustic
-376.84686279296875,-24.099328994750977,-125.25606536865234,28.70414924621582,7.05388879776001,14.810973167419434,18.18207550048828,-25.28272819519043,-2.769406318664551,31.980045318603516,8.04782485961914,-21.303281784057617,-4.578064918518066,37.027931213378906,10.611517906188965,20.685556411743164,11.947500228881836,7.421510219573975,5.171643257141113,7.295238018035889,3.6170663833618164,2.3926162719726562,3.862826108932495,2.9447178840637207,3.1636879444122314,3.984252452850342,2017.4664228181298,138.39211733158572,0.19087530339805825,0.03453548686079994,brass,acoustic
-79.92328643798828,31.463594436645508,-80.0386734008789,52.96501541137695,-42.47880172729492,19.1060791015625,-27.696508407592773,9.865063667297363,-22.828886032104492,11.193524360656738,-5.215371131896973,-0.3242318332195282,-11.750377655029297,53.93559265136719,17.79388427734375,11.177491188049316,8.676085472106934,7.3196120262146,5.313743591308594,6.503101825714111,5.121108055114746,5.243187427520752,5.385401248931885,5.081093788146973,4.625493049621582,5.033685207366943,2104.582277444741,252.6790761721519,0.1881493637242268,0.03459239468148566,brass,electronic
-371.34002685546875,-18.892114639282227,-85.4309310913086,-0.198850616812706,23.371166229248047,3.256230354309082,-22.098180770874023,7.824739456176758,4.665308475494385,-9.272549629211426,9.558091163635254,24.2255859375,-18.499032974243164,23.89719581604004,8.381156921386719,12.95970344543457,6.399327754974365,6.014864444732666,3.982930898666382,3.704181432723999,5.025834560394287,3.3336005210876465,4.532817840576172,3.4303836822509766,4.774180889129639,5.105464935302734,2226.0725034360826,104.9961258389662,0.242685546875,0.02024300998561202,flute,acoustic
-314.85748291015625,203.045654296875,41.9000358581543,-10.156779289245605,4.697642803192139,-1.0189367532730103,-12.496667861938477,-8.200793266296387,-4.922911643981934,-4.988943576812744,-1.83486008644104,-1.7553653717041016,-5.5545244216918945,34.21955490112305,24.915552139282227,10.202489852905273,9.51897144317627,5.8729681968688965,4.746799468994141,6.658260345458984,5.652737617492676,6.2297797203063965,5.210831642150879,3.8744943141937256,4.50844144821167,4.5759100914001465,376.6032975674463,58.31319399244989,0.031079973493303572,0.007754988791124333,brass,acoustic
-404.7485046386719,174.17074584960938,92.37907409667969,31.30681037902832,8.45006275177002,0.9974029660224915,-6.301687717437744,-9.090991020202637,-5.766397953033447,-5.0054545402526855,-10.992301940917969,-16.18123435974121,-12.25634479522705,51.35916519165039,49.0493278503418,10.241561889648438,12.60330581665039,7.383655071258545,3.2828729152679443,5.932043075561523,6.309195518493652,2.604623317718506,2.361074924468994,3.159869432449341,7.149334907531738,5.840931415557861,320.56278249299925,61.23487856511672,0.022694463315217392,0.0048356021984679925,brass,acoustic
-216.20956420898438,-22.996854782104492,-62.90508270263672,-30.475282669067383,-45.375118255615234,-22.686595916748047,-5.063699245452881,7.986399173736572,-11.134183883666992,-32.154640197753906,-45.289424896240234,-5.765990734100342,11.811540603637695,45.473182678222656,8.979604721069336,9.266592025756836,5.0125651359558105,6.177985191345215,3.597627878189087,5.329493999481201,5.425207138061523,6.502143383026123,4.203134536743164,5.319314956665039,3.629606246948242,6.612971305847168,2678.7641637641327,157.14212232886462,0.20933383118872548,0.04028149874373279,string,acoustic
-324.38116455078125,-43.99410629272461,-49.68791580200195,-17.88536262512207,-31.34591293334961,-27.334863662719727,-27.158489227294922,-16.114953994750977,-12.043188095092773,10.088428497314453,26.883943557739258,39.21017837524414,12.16824722290039,59.97647476196289,13.544283866882324,10.934736251831055,4.387654781341553,4.821506023406982,3.849083662033081,4.707153797149658,2.592496156692505,3.677022695541382,2.692030668258667,3.1592748165130615,3.9178199768066406,3.455070734024048,2309.3410214996566,148.6844928461158,0.1400341796875,0.03449314241394312,brass,acoustic
-338.7090148925781,19.596967697143555,-52.69622802734375,-3.6197545528411865,-13.514594078063965,-21.279024124145508,-28.465801239013672,-20.864952087402344,-16.677886962890625,-6.568175315856934,5.919412612915039,38.22513961791992,55.958377838134766,28.073970794677734,9.473882675170898,12.087968826293945,4.499420166015625,4.941702365875244,4.517683029174805,5.69279670715332,3.8022470474243164,3.92728853225708,3.245760679244995,3.3989274501800537,5.226536750793457,5.1766767501831055,1044.1024635703504,170.02640845562283,0.0740215594951923,0.017796201370346272,flute,acoustic
-347.57501220703125,-23.906118392944336,-24.2989501953125,6.010584831237793,-32.205448150634766,-18.15372657775879,-19.440889358520508,-3.642808675765991,27.897043228149414,53.62858581542969,31.906282424926758,-16.607284545898438,-48.30609130859375,44.409053802490234,20.264469146728516,6.99689245223999,5.476048946380615,8.965851783752441,5.177022457122803,5.80129861831665,4.161007404327393,4.269601345062256,7.575097560882568,4.923288822174072,3.983964681625366,7.572181224822998,1701.3203593548008,242.50963141564552,0.09983004056490384,0.01510440678273641,flute,acoustic
-189.17874145507812,85.0390396118164,11.794893264770508,9.830151557922363,13.702916145324707,27.7902774810791,5.983811378479004,8.88474178314209,0.9057056307792664,13.060420989990234,6.078232288360596,8.657754898071289,2.2589588165283203,176.9300994873047,36.407997131347656,24.20160484313965,15.283815383911133,6.823823928833008,11.308823585510254,6.408925533294678,6.593375205993652,4.292908191680908,7.151860237121582,6.271358489990234,5.595964431762695,2.6828479766845703,1293.7680837742487,709.9652864326498,0.0654553865131579,0.05393463101921516,bass,electronic
-195.82376098632812,68.42973327636719,-128.8485565185547,10.261220932006836,-4.003759860992432,4.528646945953369,-12.757881164550781,-1.2669126987457275,-19.640911102294922,-3.2759811878204346,-6.4606614112854,-0.12624472379684448,-12.464506149291992,70.35785675048828,21.862716674804688,17.092296600341797,8.958413124084473,6.924314975738525,4.650086879730225,5.799464225769043,5.03169584274292,5.420031547546387,4.363978385925293,5.496091842651367,6.082701206207275,4.018904685974121,1539.3483655854882,132.66897058773213,0.16156782670454545,0.016204270455486735,brass,acoustic
-213.31866455078125,-12.393718719482422,-27.016286849975586,40.008026123046875,-11.3678617477417,16.676158905029297,-2.098276138305664,5.708548545837402,-12.095756530761719,7.3311686515808105,-2.678687572479248,10.479487419128418,-18.80014991760254,49.956878662109375,13.658402442932129,6.2943620681762695,9.713838577270508,8.016803741455078,4.771194934844971,7.292574405670166,5.551581859588623,4.639709949493408,6.526028156280518,4.907104969024658,4.931101322174072,4.146579265594482,2075.5768387457997,128.68315396824602,0.22724011479591838,0.03200305878463556,flute,acoustic
-439.386474609375,93.1458511352539,53.15922546386719,40.30967330932617,39.00187301635742,28.571718215942383,18.256868362426758,16.626178741455078,13.74853801727295,8.446249961853027,3.685302734375,2.105897903442383,1.1777862310409546,92.13126373291016,64.96995544433594,20.876649856567383,18.0058650970459,8.233659744262695,8.38931655883789,13.656798362731934,8.543840408325195,7.746089458465576,8.8237886428833,8.906438827514648,6.509710311889648,4.6578240394592285,192.8313008283724,116.66835324434072,0.011186079545454546,0.003783668721542988,string,acoustic
-363.0537414550781,59.32548904418945,-45.04020309448242,-31.35100746154785,-50.01530075073242,-9.088852882385254,22.956993103027344,42.707923889160156,29.980106353759766,4.456655025482178,-29.164575576782227,-19.45684242248535,14.877157211303711,159.23721313476562,28.84639549255371,35.434165954589844,7.164038181304932,19.450464248657227,5.288044452667236,4.298592567443848,12.683453559875488,12.555326461791992,7.590181350708008,10.992417335510254,6.753612041473389,10.985066413879395,1212.7412297992507,146.93562583389328,0.07392578125,0.01986194647371222,bass,synthetic
-230.1964874267578,1.3076447248458862,-36.313232421875,-22.187963485717773,-16.063945770263672,-1.6860451698303223,4.1352643966674805,13.273512840270996,-1.6675180196762085,-11.62653923034668,-33.045166015625,5.263984203338623,31.16880989074707,25.411436080932617,13.08191204071045,6.022898197174072,10.554193496704102,7.142742156982422,3.7418041229248047,4.97557258605957,4.211184978485107,3.3164117336273193,3.1957147121429443,3.909623622894287,2.9102141857147217,5.463789463043213,1508.316878110902,75.09676962387856,0.11527967944587629,0.008831491029397997,flute,acoustic
-296.3179626464844,-47.91127395629883,-35.88894271850586,-5.7432541847229,-32.78060531616211,3.4275450706481934,10.076348304748535,42.50954055786133,51.76184844970703,24.72681999206543,-29.88463592529297,-22.694427490234375,9.072362899780273,53.011749267578125,18.13597297668457,5.973945617675781,4.750950336456299,5.274850368499756,2.8020265102386475,4.48117733001709,5.404330730438232,5.5277581214904785,3.6834192276000977,4.407158851623535,4.139849662780762,4.049698829650879,2511.01197086136,177.95196583202474,0.19931640625,0.0340167646562823,flute,acoustic
-422.9534606933594,-37.70408630371094,-15.807825088500977,-11.877924919128418,-3.5848891735076904,8.813169479370117,3.168227434158325,-19.009164810180664,-22.61508560180664,24.102434158325195,52.131465911865234,15.081317901611328,-25.252521514892578,34.191627502441406,21.120681762695312,15.810784339904785,8.56653881072998,4.68242073059082,6.060229778289795,5.343915939331055,2.7131266593933105,3.0190088748931885,3.8889048099517822,6.648763179779053,4.465936660766602,3.1714107990264893,2735.0989092998257,661.5932937780085,0.15437302895642202,0.011141629646903857,bass,synthetic
-392.33709716796875,85.58997344970703,75.17591857910156,67.51725769042969,57.95005416870117,48.87479019165039,39.462284088134766,30.429767608642578,22.80499839782715,16.282278060913086,10.997380256652832,7.178395748138428,4.685701370239258,17.000179290771484,13.2118558883667,11.529608726501465,9.172760009765625,8.31982135772705,6.931875705718994,5.935396194458008,5.030136585235596,3.858727216720581,2.9500203132629395,2.395455837249756,2.2903852462768555,1.8652193546295166,114.86599911022502,62.08411301806106,0.006033761160714286,0.0006878865416893142,flute,synthetic
-284.54644775390625,-57.89134216308594,-44.39017868041992,21.936538696289062,-8.625030517578125,-1.8263843059539795,-9.37287425994873,4.805642127990723,-13.167353630065918,2.7719779014587402,7.493803024291992,33.03634262084961,28.26678466796875,81.56165313720703,38.73835372924805,17.147029876708984,6.879954814910889,4.286306858062744,4.5823869705200195,3.582794666290283,4.739145278930664,3.4165186882019043,4.67725944519043,5.0650200843811035,5.640548229217529,6.7027058601379395,2914.670174502709,514.1064203269648,0.26404854910714287,0.07175813124665356,brass,acoustic
-424.4654541015625,50.05876159667969,19.498106002807617,0.7598091959953308,-11.67636775970459,-20.625221252441406,-22.058374404907227,-20.496633529663086,-19.67751693725586,-18.877634048461914,-16.856277465820312,-10.536858558654785,1.5002758502960205,43.91552734375,44.92148208618164,17.129825592041016,6.48968505859375,10.737874031066895,11.656850814819336,6.70181131362915,2.9447414875030518,2.653104066848755,3.534639835357666,6.008833885192871,7.167634010314941,5.236513614654541,457.7972498635837,25.50511946589943,0.04836309523809524,0.007982815266711836,bass,synthetic
-175.17034912109375,13.257555961608887,-75.6604995727539,-10.917771339416504,-28.171695709228516,-5.809669017791748,-15.289518356323242,-8.73567008972168,-14.796792984008789,-2.378826379776001,-7.158616065979004,-1.0128917694091797,-11.19182014465332,114.63397216796875,73.94304656982422,17.996858596801758,9.967026710510254,6.970642566680908,4.682329177856445,4.373371601104736,3.9798262119293213,5.714988708496094,3.50193190574646,4.085539817810059,3.340435266494751,3.3495943546295166,2502.16504996865,764.7469145025915,0.14771792763157895,0.04395797983693253,brass,acoustic
-367.999267578125,-15.854829788208008,-37.71528244018555,43.787017822265625,12.24177074432373,-5.35249662399292,20.69806480407715,35.82371520996094,7.195985794067383,44.43955993652344,7.717197895050049,-9.447282791137695,14.37775993347168,31.129474639892578,7.84266471862793,6.259301662445068,5.029422283172607,4.487067222595215,4.021600723266602,4.398707389831543,6.375147819519043,5.197495937347412,5.468789577484131,3.320673704147339,3.686427116394043,3.6165618896484375,2702.029006306693,63.78498200215168,0.32366344975490197,0.029335309055986365,flute,acoustic
-96.23932647705078,17.379270553588867,-87.16142272949219,38.791812896728516,-52.66576385498047,13.706275939941406,-33.17387008666992,5.189128398895264,-19.44546890258789,2.276249408721924,-11.16501235961914,-8.801902770996094,-9.912637710571289,55.87938690185547,18.3756160736084,13.534658432006836,7.9501752853393555,10.524246215820312,5.961906909942627,6.649529457092285,6.220134735107422,7.03328800201416,6.308769226074219,5.632457733154297,4.040169715881348,4.355246067047119,2209.8236307938196,286.67299287442466,0.18706205702319587,0.03440042604955068,brass,electronic
-462.4178161621094,45.382389068603516,33.288734436035156,31.63848114013672,30.274337768554688,28.27437973022461,27.140213012695312,25.066612243652344,20.947114944458008,17.292985916137695,15.96611499786377,15.909985542297363,14.029547691345215,55.843082427978516,34.21349334716797,22.516864776611328,11.802119255065918,8.337206840515137,7.7468132972717285,4.762826442718506,4.406820774078369,8.115200996398926,12.02332878112793,8.99915599822998,5.0344672203063965,3.6270837783813477,102.12701315914369,385.1731016866028,0.0032065480025773195,0.013461150762645242,bass,synthetic
-350.2109680175781,18.936433792114258,-41.53154754638672,2.307194232940674,7.659290790557861,16.469701766967773,32.36851119995117,17.89573097229004,-12.971277236938477,-24.865751266479492,5.885802268981934,55.070098876953125,39.36861801147461,37.416229248046875,12.044695854187012,9.871657371520996,8.895561218261719,6.499387741088867,5.388455390930176,5.557546615600586,5.184821128845215,4.294943809509277,4.144102096557617,3.240870237350464,9.776053428649902,8.01032543182373,1414.4458253204432,146.95683590527668,0.13094075520833334,0.011372768861766316,flute,acoustic
-289.64410400390625,266.7132568359375,0.12362263351678848,-8.370756149291992,-7.578925132751465,19.979127883911133,-18.134075164794922,-6.069216251373291,6.352602481842041,-19.743677139282227,-6.01215124130249,-5.700613498687744,0.7321263551712036,71.34273529052734,19.30045509338379,28.315195083618164,12.476890563964844,8.547035217285156,5.855111122131348,8.742152214050293,4.849971771240234,4.756377696990967,5.323729515075684,4.2160468101501465,5.257085800170898,2.8739585876464844,505.44427583376773,69.19886105232369,0.032816367574257425,0.004846085591956877,brass,acoustic
-376.78375244140625,0.9176322817802429,-34.26911926269531,-11.163431167602539,-11.022651672363281,19.003009796142578,29.958547592163086,-0.2542213201522827,-33.076393127441406,-20.388702392578125,8.652642250061035,47.08757019042969,-5.67877197265625,35.77061462402344,8.714801788330078,10.74080753326416,9.908916473388672,3.378812551498413,3.4788477420806885,6.762417793273926,2.7901451587677,4.738300800323486,4.598838806152344,2.45524001121521,6.319972515106201,3.5787432193756104,1439.4198781075943,63.63345473731803,0.13498983577806123,0.01611436352019958,flute,synthetic
-149.31138610839844,199.42837524414062,-2.0211093425750732,22.151559829711914,12.26223373413086,8.88900089263916,-0.33935657143592834,-4.275668621063232,-3.725707530975342,-3.7724857330322266,-5.415421962738037,1.3414477109909058,4.660187244415283,69.17264556884766,22.966270446777344,25.688962936401367,10.050980567932129,8.090620994567871,8.42007064819336,9.346268653869629,12.146836280822754,10.80009937286377,7.927011966705322,7.616144180297852,14.347368240356445,16.44759750366211,554.3115040109433,161.9873299393952,0.029908326295045046,0.011004025619419246,bass,synthetic
-382.17022705078125,-11.996729850769043,8.135881423950195,5.412092208862305,-6.449141979217529,-10.797487258911133,-20.80870819091797,-17.32108497619629,-11.290243148803711,10.224340438842773,16.48151969909668,14.937516212463379,-14.747903823852539,84.31192779541016,27.654644012451172,22.407724380493164,12.300797462463379,8.759346961975098,9.596574783325195,8.660172462463379,5.467029094696045,3.3192081451416016,3.5205883979797363,6.5818328857421875,11.478426933288574,10.613000869750977,2736.7640360799123,480.2935291765907,0.0805520450367647,0.014509182843671246,bass,synthetic
-267.2025451660156,236.322021484375,-31.27447509765625,-24.93389892578125,-27.045150756835938,-16.643362045288086,-12.125452041625977,-22.659931182861328,-9.772016525268555,-12.1213960647583,-14.932828903198242,-13.2252779006958,-10.94296646118164,44.568119049072266,20.018150329589844,14.084811210632324,10.329513549804688,7.434986591339111,5.419924259185791,4.093939781188965,4.473555564880371,3.7826578617095947,4.335812568664551,5.137057781219482,3.7521677017211914,4.644298553466797,599.548556791544,22.780807575039148,0.057612353032178217,0.00935008324018984,brass,acoustic
-390.56719970703125,-42.11188507080078,9.090065956115723,20.414216995239258,-10.031435012817383,-5.196254730224609,-2.4809610843658447,-5.1569085121154785,6.112118244171143,0.7424702048301697,16.447229385375977,21.52465057373047,0.6139881014823914,84.39777374267578,13.72913932800293,12.407868385314941,15.032523155212402,7.079280853271484,15.390395164489746,17.7142333984375,8.028944969177246,11.895334243774414,10.584857940673828,9.210455894470215,13.96517276763916,19.07729148864746,3547.3513075690603,86.05770223661202,0.42529296875,0.05733986680665186,bass,synthetic
-457.5849914550781,75.10674285888672,65.48487091064453,55.39043426513672,46.24783706665039,36.9996452331543,27.906064987182617,20.348325729370117,14.443719863891602,9.260965347290039,4.573455810546875,0.8584906458854675,-1.7176774740219116,31.00545310974121,34.714683532714844,19.89008331298828,12.205392837524414,6.975973129272461,5.563392639160156,6.647818565368652,6.300692081451416,5.073440074920654,5.072766304016113,4.5606255531311035,4.008975028991699,3.5139505863189697,156.48022081283906,51.57314159527143,0.011302274816176471,0.004581452113915178,string,acoustic
-238.67633056640625,143.06582641601562,-17.996597290039062,-1.3113563060760498,-12.266773223876953,-6.86088752746582,10.011326789855957,5.268424034118652,11.097173690795898,5.538077354431152,-0.5098810791969299,3.3761403560638428,1.3032242059707642,48.292137145996094,23.11693572998047,14.193814277648926,5.112814426422119,5.6540961265563965,4.058161735534668,5.911159992218018,3.9231972694396973,2.50201416015625,3.059574604034424,1.9713391065597534,2.0145552158355713,2.577826738357544,490.08793451856616,154.1633692084993,0.017015861742424244,0.006496850373402968,flute,synthetic
-401.7956237792969,125.61968231201172,37.70465087890625,26.2210750579834,29.661449432373047,17.59703826904297,11.528156280517578,6.479009628295898,1.3719747066497803,4.7903876304626465,9.344008445739746,6.723223686218262,0.7846927642822266,70.95599365234375,45.41427230834961,15.411515235900879,10.060457229614258,7.6743621826171875,7.897848129272461,6.334042072296143,3.9224207401275635,7.117630958557129,4.18908166885376,3.9900078773498535,4.824798583984375,2.8110530376434326,372.85030140402375,337.0885586849155,0.01116943359375,0.011202403951129708,bass,synthetic
-237.4827117919922,-27.078899383544922,-80.40438842773438,-32.769874572753906,-34.6392707824707,-19.319950103759766,-23.649635314941406,-7.4940338134765625,-20.488431930541992,-7.0646796226501465,-9.434760093688965,20.25718116760254,30.302879333496094,50.389366149902344,13.435798645019531,12.024496078491211,5.6359782218933105,4.488305568695068,2.872544050216675,3.5252413749694824,2.3673713207244873,3.2423648834228516,2.3366641998291016,2.5964977741241455,2.949648857116699,3.8188893795013428,1893.3787012826963,107.44793267868783,0.11857342960858586,0.01655488925288225,brass,acoustic
-190.27146911621094,-9.449460983276367,-9.898865699768066,-8.153879165649414,-1.6797713041305542,16.132198333740234,-0.7007408142089844,-1.397615671157837,-0.26234936714172363,50.27809143066406,46.387901306152344,17.914457321166992,-22.287612915039062,67.44080352783203,4.306073188781738,7.3482842445373535,3.201765298843384,4.6143717765808105,3.56882381439209,3.6264896392822266,2.9068305492401123,2.6129281520843506,4.541191577911377,4.344415664672852,4.099639415740967,2.9526867866516113,2668.3636685015304,21.9871954185999,0.16248629385964913,0.011703576882696003,bass,synthetic
-232.58920288085938,0.04490150511264801,-34.0155143737793,-15.05948257446289,-32.92839431762695,-4.695213317871094,7.652162551879883,1.4134950637817383,-36.56883239746094,-21.05695343017578,12.231538772583008,35.498863220214844,-17.009552001953125,52.92265319824219,14.272727966308594,5.064174652099609,3.9513583183288574,5.486302375793457,5.639980316162109,4.486993312835693,3.9504690170288086,4.117645263671875,3.486989736557007,3.69596791267395,5.413875579833984,3.3167166709899902,2981.888235278504,281.42151570777736,0.24019170964805825,0.04380498316157782,string,acoustic
-404.9944763183594,140.868896484375,82.31068420410156,36.996551513671875,8.946996688842773,-5.446931838989258,-9.630415916442871,-8.822882652282715,-9.420291900634766,-13.984652519226074,-16.851531982421875,-15.545145034790039,-12.723170280456543,47.879310607910156,37.76643753051758,18.548139572143555,12.61142349243164,10.148627281188965,5.1394572257995605,5.7309417724609375,3.7679836750030518,6.101146221160889,4.2773919105529785,3.8723011016845703,4.784639358520508,3.7609856128692627,262.68738982334537,27.302261524961324,0.024906517094017096,0.004735136518297369,string,acoustic
-222.40817260742188,5.905815601348877,-48.939231872558594,-18.422218322753906,-35.957942962646484,-9.82218074798584,-3.8382325172424316,-12.297675132751465,-43.78800582885742,-6.564675331115723,13.750215530395508,-2.3828227519989014,-23.72411346435547,48.84697723388672,12.669397354125977,5.643195629119873,4.948163986206055,6.708215236663818,4.912215232849121,4.379100322723389,3.2269372940063477,5.332823753356934,4.147167205810547,3.6728639602661133,3.2215545177459717,3.7803852558135986,2935.861720383134,228.82774722715408,0.24196469205097088,0.039624997128434515,string,acoustic
-389.0894775390625,17.279325485229492,-54.65428161621094,25.944541931152344,45.53557205200195,46.13356399536133,-17.020578384399414,5.155910968780518,40.21924591064453,-4.647388935089111,-19.643051147460938,38.63580322265625,3.7044177055358887,128.20965576171875,33.67744827270508,30.613815307617188,38.892906188964844,21.351045608520508,7.910539627075195,29.89042091369629,8.951831817626953,31.649301528930664,4.392434120178223,21.08740997314453,14.835962295532227,2.037123203277588,1910.6131676922116,652.6145667356859,0.0601806640625,0.020894715164810035,bass,synthetic
-275.3704833984375,47.57719802856445,8.683363914489746,30.94624137878418,18.382930755615234,24.46436882019043,13.267012596130371,19.427396774291992,12.546029090881348,18.498464584350586,12.576531410217285,13.476880073547363,8.729372024536133,30.815706253051758,7.52445650100708,7.511396884918213,5.8580098152160645,5.887456893920898,5.085636138916016,4.926555156707764,4.6261796951293945,4.434370040893555,4.429863452911377,4.614990234375,2.7180869579315186,2.6666131019592285,676.0902508149434,371.69502097056926,0.01337790975765306,0.005810065271190532,flute,synthetic
-237.60858154296875,92.04854583740234,-61.69674301147461,26.37578010559082,-23.146852493286133,-17.116817474365234,-7.123814105987549,-20.627370834350586,-16.956218719482422,-12.891900062561035,-21.777685165405273,-18.613414764404297,-9.574740409851074,41.18217086791992,9.515069961547852,13.165822982788086,6.918165683746338,6.887796401977539,5.046053409576416,3.6718122959136963,4.189974784851074,4.3329315185546875,3.9658288955688477,4.217306613922119,3.002453327178955,4.945112228393555,1065.5035099271042,123.58759621623788,0.05782577366504854,0.012164310473988185,string,acoustic
-409.2634582519531,99.4140853881836,3.3806896209716797,58.57069396972656,-0.6590337753295898,7.499792098999023,24.147287368774414,-5.666259765625,0.20957350730895996,17.577327728271484,-9.654369354248047,3.2675368785858154,11.106294631958008,241.76296997070312,75.13938903808594,29.694576263427734,29.720962524414062,15.648764610290527,8.422822952270508,9.949873924255371,3.090113878250122,3.7075226306915283,6.212501049041748,3.3415472507476807,2.446948766708374,5.614899158477783,1641.282921623913,875.5708815009867,0.21533203125,0.04165156408626835,bass,synthetic
-113.37578582763672,-42.20778274536133,-4.87917423248291,13.343772888183594,-5.609577178955078,-5.241166591644287,-22.755773544311523,20.247730255126953,16.564990997314453,-3.3148391246795654,11.095914840698242,-7.051413536071777,-30.03975486755371,54.05110549926758,4.9598212242126465,1.7643927335739136,2.3751044273376465,1.6794580221176147,2.278592586517334,2.9496467113494873,2.743743658065796,2.294090509414673,1.5316063165664673,2.436577320098877,1.9364157915115356,3.2700045108795166,4037.9293370635964,11.93958829468395,0.5073544217139175,0.05801747149321291,bass,synthetic
-406.1950988769531,99.4537124633789,55.310672760009766,34.7993049621582,24.43610191345215,12.479575157165527,6.22014856338501,5.13935661315918,4.30609130859375,2.6580376625061035,1.1572514772415161,0.368603378534317,-0.13699652254581451,56.12889099121094,44.21738052368164,11.184593200683594,6.136064052581787,4.411689758300781,5.121666431427002,4.279177188873291,2.1824357509613037,1.9480799436569214,2.637883424758911,3.4127285480499268,2.947413682937622,2.450066328048706,370.291991617906,130.80205527564226,0.019795735677083332,0.0030329143722154462,string,acoustic
-360.0823669433594,53.82792282104492,-3.3881447315216064,3.272808790206909,-18.921676635742188,-20.337871551513672,-16.924480438232422,-12.017757415771484,-19.255882263183594,-11.358884811401367,-13.283440589904785,-12.248773574829102,-27.3623046875,47.977745056152344,9.019564628601074,6.549776554107666,5.381829738616943,5.3626179695129395,5.328829288482666,3.990119695663452,3.941149950027466,4.042179584503174,3.786447286605835,4.7380452156066895,4.222238063812256,7.230475902557373,1105.7165809251815,170.65610840715607,0.05464009405339806,0.01256712778461585,string,acoustic
-226.3936309814453,17.94979476928711,-57.17640686035156,-16.625732421875,-51.260372161865234,-24.757871627807617,-15.950677871704102,-16.420093536376953,-8.198664665222168,-1.0282689332962036,-13.440756797790527,-2.4805362224578857,-13.972764015197754,48.81260681152344,18.247447967529297,8.110905647277832,3.6542580127716064,5.588054656982422,4.933688640594482,4.89638614654541,4.142228603363037,4.698857307434082,3.7734410762786865,2.9609148502349854,3.41033935546875,5.118706226348877,1556.8889810258781,100.20044202633764,0.10556640625,0.01159213006971638,brass,acoustic
-394.207763671875,55.75491714477539,16.74961280822754,10.152206420898438,-1.7138758897781372,-3.6717164516448975,-14.810457229614258,-20.46673011779785,-24.96352767944336,-24.19570541381836,-22.81884765625,-14.428650856018066,-11.933134078979492,145.61106872558594,50.95119094848633,18.45940399169922,4.453600883483887,8.114128112792969,9.180683135986328,3.1648247241973877,4.054200649261475,4.790605545043945,6.071295738220215,4.803542613983154,7.836609363555908,4.6396284103393555,548.2086127195606,298.5371275522272,0.040283203125,0.0072956800768964524,bass,synthetic
-325.86474609375,-65.31477355957031,-50.05238342285156,-6.354959964752197,-2.902486562728882,8.320122718811035,-8.933764457702637,-8.574965476989746,25.697521209716797,44.58698272705078,-3.205636978149414,-40.19276809692383,-11.231810569763184,49.085044860839844,19.519521713256836,8.290003776550293,5.856435298919678,6.396140098571777,3.6570885181427,4.034826278686523,4.938319206237793,6.663511276245117,7.236286163330078,2.897787094116211,5.434088230133057,5.375115394592285,2469.1350187435155,188.82768404083816,0.18561597140330188,0.01502267962533525,flute,acoustic
-245.0858154296875,71.98673248291016,-77.63873291015625,1.9953258037567139,-34.892948150634766,-19.94194984436035,-34.293060302734375,-28.840641021728516,-25.467365264892578,-31.37937355041504,-17.73814582824707,-14.684362411499023,-14.026440620422363,34.26355743408203,22.7700252532959,16.213302612304688,7.016201972961426,8.671316146850586,5.439554214477539,7.181999683380127,7.157601356506348,5.148435115814209,6.93649959564209,4.539473533630371,4.956982135772705,4.177767753601074,846.1315353826236,108.88226702140861,0.0448413337628866,0.006594613505918,flute,electronic
-350.6549987792969,-2.196176528930664,-10.846694946289062,36.428749084472656,32.707794189453125,-13.91042709350586,17.78020668029785,29.752233505249023,2.3576574325561523,23.731679916381836,30.70699691772461,-12.579447746276855,9.955055236816406,28.333600997924805,6.680772304534912,6.415133476257324,4.010131359100342,4.075861930847168,4.458227157592773,4.262823104858398,3.609184980392456,4.243293762207031,3.2319912910461426,4.262319564819336,3.834233045578003,3.4207003116607666,2717.7376696381475,115.01820873782582,0.30678902420343135,0.023810004658682587,flute,acoustic
-321.0769348144531,138.27767944335938,49.63418197631836,15.145939826965332,14.1328125,7.942272186279297,0.06809701770544052,-0.6805025935173035,-2.0317842960357666,-2.4524950981140137,3.2937028408050537,7.420362949371338,5.913456916809082,30.208677291870117,17.810144424438477,12.901677131652832,6.218175411224365,4.312469482421875,4.398978233337402,4.938933372497559,3.380002498626709,5.369410037994385,4.141061305999756,2.455336332321167,2.6038293838500977,2.649761915206909,245.25045985478934,82.47645936397501,0.010607661033163265,0.003013021950673144,flute,synthetic
-331.10687255859375,151.49037170410156,84.0186538696289,32.4996452331543,15.172150611877441,18.863271713256836,21.1945858001709,13.813993453979492,5.243851661682129,2.887057304382324,4.721461296081543,4.981636047363281,2.4533116817474365,27.021244049072266,21.216094970703125,12.990761756896973,5.168449878692627,5.054605960845947,3.249032497406006,3.019130229949951,3.1569910049438477,2.1666321754455566,2.2866272926330566,2.1001203060150146,1.8137160539627075,1.753909945487976,127.18055907125344,39.12437892928554,0.004862882653061225,0.00117742223022172,flute,synthetic
-428.7188415527344,134.03656005859375,43.40458679199219,25.287355422973633,28.775922775268555,23.103816986083984,10.334233283996582,6.544989109039307,7.25726842880249,7.158007621765137,6.770983695983887,5.158611297607422,3.8071744441986084,109.47359466552734,68.0549087524414,21.042415618896484,15.714804649353027,5.406743049621582,5.032826900482178,9.81262493133545,8.837053298950195,5.974656105041504,5.305074214935303,5.0752410888671875,5.342231750488281,6.250725269317627,336.97509045743647,83.13533147066367,0.011664496527777778,0.004573796172172041,string,acoustic
-104.06233215332031,40.81315612792969,-17.086368560791016,14.242783546447754,14.621824264526367,55.8564567565918,8.759005546569824,-15.15589714050293,-9.914729118347168,-4.000309467315674,3.149280309677124,7.143294334411621,-19.870315551757812,87.08343505859375,17.743988037109375,12.488423347473145,3.903531789779663,3.569014072418213,3.313973903656006,3.5359692573547363,3.798276901245117,3.1448278427124023,3.363471508026123,2.568506956100464,3.85644793510437,2.8223776817321777,2603.350853960247,359.40551936110086,0.23113902698863636,0.034207949144980154,flute,acoustic
-294.9781188964844,133.06561279296875,-54.77019119262695,-20.527814865112305,-24.22057342529297,-17.2779541015625,-4.641674041748047,-8.764266967773438,-12.464120864868164,-2.366227626800537,-11.694755554199219,-5.5660080909729,-9.589137077331543,36.54697036743164,10.994135856628418,14.071885108947754,7.690619468688965,8.471259117126465,3.0999560356140137,4.416318416595459,5.834958076477051,3.1837663650512695,3.3850491046905518,3.114779472351074,3.302455186843872,3.653113603591919,780.9399166563176,128.16448726700332,0.0562353515625,0.007738620093993986,brass,acoustic
-297.1815185546875,-39.784950256347656,-46.798702239990234,-11.222078323364258,-30.203792572021484,4.257823944091797,41.9879264831543,51.830841064453125,14.843034744262695,-13.517621040344238,-33.377681732177734,12.82319450378418,33.75290298461914,41.160911560058594,16.677467346191406,7.294251441955566,4.922970294952393,3.061048746109009,3.5556178092956543,6.796867847442627,6.888063907623291,2.8615684509277344,4.605370998382568,4.04137659072876,5.060787677764893,4.981400966644287,2003.7958845186695,179.0495173290541,0.1260649181547619,0.01740753306233705,flute,acoustic
-380.69500732421875,115.5416259765625,93.46514892578125,75.9492416381836,56.18655776977539,38.543304443359375,22.724075317382812,10.808906555175781,3.863572835922241,1.6261216402053833,1.2649964094161987,2.1378514766693115,3.2887203693389893,24.212575912475586,17.437936782836914,16.48529052734375,11.679941177368164,9.84126091003418,6.838085651397705,5.577194690704346,5.327358722686768,4.763704299926758,2.770080804824829,2.485477924346924,2.673964738845825,2.8693795204162598,159.95137184775706,81.34508536390776,0.01020408163265306,0.005770886699841557,flute,synthetic
-222.56332397460938,91.11483001708984,-30.29291534423828,29.265357971191406,-2.4435033798217773,-15.286343574523926,-4.992348670959473,6.650204658508301,-3.3721585273742676,-2.3750603199005127,-12.36818790435791,-11.547151565551758,-17.21125602722168,53.478946685791016,12.072310447692871,13.115850448608398,5.129908561706543,5.045112609863281,5.182717323303223,3.995448350906372,4.802365303039551,4.4452924728393555,3.568723201751709,3.5991885662078857,3.511615037918091,5.045544624328613,1003.3149743632833,133.5516487601629,0.06412146226415094,0.026256276052167245,string,acoustic
-361.02093505859375,25.453765869140625,-13.277558326721191,-5.020695686340332,-10.356511116027832,3.0302889347076416,10.968252182006836,25.86241340637207,31.223066329956055,23.832637786865234,0.7031331658363342,-9.850667953491211,-7.540106296539307,154.38925170898438,19.15574836730957,42.36189270019531,15.568418502807617,17.932016372680664,12.730707168579102,5.50830602645874,10.160991668701172,15.805631637573242,10.095309257507324,5.621615409851074,13.926712036132812,8.113241195678711,729.5773393077466,825.1890640389679,0.04534505208333333,0.04361852843320086,bass,synthetic
-328.8629455566406,63.32130813598633,-4.7523298263549805,41.89020919799805,-23.53367805480957,35.21678161621094,-9.30091667175293,5.355990409851074,8.112442970275879,-2.550034761428833,9.93988037109375,2.3387973308563232,-7.5665740966796875,277.2667236328125,23.087886810302734,8.799656867980957,20.45751953125,21.845722198486328,10.686606407165527,13.851924896240234,5.404109001159668,6.407775402069092,9.855206489562988,8.676996231079102,1.4123584032058716,2.5384209156036377,2171.7422848893584,483.43595247549837,0.065673828125,0.019038273159064357,bass,synthetic
-255.69686889648438,145.0969696044922,-56.465171813964844,14.276673316955566,-21.598190307617188,-17.724576950073242,-11.245725631713867,-8.873041152954102,-7.15618371963501,-1.6675368547439575,-12.609420776367188,0.01989385113120079,-8.763992309570312,111.96609497070312,37.711116790771484,18.86745262145996,15.975455284118652,13.429224967956543,7.335302352905273,6.513559341430664,5.8011627197265625,6.63292121887207,3.5735154151916504,7.484931468963623,4.062787055969238,6.643104076385498,1251.799295785322,363.8598656321143,0.08720836900684932,0.0212867151175696,brass,acoustic
-408.5196228027344,115.94657135009766,45.33915328979492,32.44486618041992,26.99597930908203,11.28373908996582,10.094782829284668,9.700164794921875,2.3075311183929443,-0.5959621071815491,-0.9884948134422302,-2.0804409980773926,-2.582286834716797,75.17527770996094,48.117340087890625,19.73499870300293,5.775956630706787,4.0838847160339355,10.554951667785645,4.258144855499268,4.906246662139893,3.5675508975982666,3.5851898193359375,2.795079469680786,2.865994930267334,3.3879945278167725,615.1446685624384,193.77859700807002,0.02146267361111111,0.004417925236145153,string,acoustic
-327.59429931640625,15.687623977661133,-45.2003059387207,-28.857284545898438,-2.385545492172241,21.754568099975586,9.640165328979492,-2.919894218444824,-14.476219177246094,8.330527305603027,10.517070770263672,4.142890930175781,-17.03574562072754,44.01240921020508,5.635232448577881,10.658432006835938,8.167404174804688,5.870891571044922,5.740035533905029,6.164261341094971,3.990802526473999,4.163442611694336,3.6898655891418457,7.681257724761963,3.469449281692505,3.7822954654693604,1695.8066046160043,134.04966712981692,0.15348003066588786,0.011549978102775537,flute,acoustic
-370.2142333984375,44.25897216796875,-38.74330139160156,31.382274627685547,-10.793099403381348,-5.556705951690674,-10.795260429382324,-5.135524272918701,-10.352765083312988,-16.540803909301758,-15.613110542297363,-18.649642944335938,-13.4896240234375,36.64179992675781,16.339384078979492,14.289769172668457,10.357659339904785,9.066868782043457,7.254664897918701,6.652292251586914,6.637967586517334,3.65195894241333,5.042423725128174,5.152902603149414,4.331179618835449,4.633478164672852,1189.071951157709,160.45098347313302,0.07264737215909091,0.018375138420638353,flute,acoustic
-421.7565002441406,-25.01016616821289,-9.487391471862793,3.767289400100708,-20.195890426635742,-3.091723918914795,-15.023698806762695,-5.8777899742126465,-12.156110763549805,-6.94829797744751,-13.824685096740723,-3.6599600315093994,-15.040047645568848,91.5302505493164,40.510807037353516,15.697905540466309,7.668415546417236,3.192758083343506,4.4388861656188965,4.166051387786865,2.338848829269409,3.5516366958618164,2.9767353534698486,4.891854286193848,3.020443916320801,4.743505001068115,1532.7067872088721,222.17547398097656,0.03819056919642857,0.003650131879711023,bass,synthetic
-223.43516540527344,58.61838150024414,-31.109783172607422,15.778646469116211,-21.79888916015625,-16.25632095336914,-0.8046760559082031,-5.551093578338623,-6.700178146362305,-3.9708809852600098,-14.939268112182617,-15.303874015808105,-24.710195541381836,49.53504180908203,12.361466407775879,4.758872032165527,4.7878007888793945,4.786592960357666,3.281050682067871,3.7033772468566895,4.703927993774414,4.678323745727539,4.606678485870361,3.3023316860198975,3.6094212532043457,3.733286142349243,1576.8694052003432,130.23012555093555,0.11663818359375,0.015816568726845545,string,acoustic
-432.0600280761719,10.276947975158691,-80.28260040283203,-25.37727928161621,-13.878035545349121,0.0330042839050293,8.216952323913574,29.764158248901367,28.82567024230957,12.046531677246094,-22.128881454467773,-20.519193649291992,8.021435737609863,84.01622009277344,27.87338638305664,14.680153846740723,5.382907867431641,10.435409545898438,6.185403823852539,7.062051773071289,5.2223029136657715,4.86934232711792,4.389927864074707,5.531139373779297,4.358870506286621,3.932039976119995,1751.3007576700136,471.4796405310465,0.1499288807744565,0.04030428982038498,brass,acoustic
-188.2681884765625,-74.65946960449219,-96.67787170410156,16.118005752563477,-49.94993209838867,5.122158050537109,-16.192859649658203,-9.40792465209961,-7.808444976806641,-0.31265485286712646,-6.461147785186768,4.649148941040039,-9.60968017578125,43.592472076416016,32.49076843261719,10.285327911376953,4.668257236480713,6.0431013107299805,2.6473474502563477,3.503612995147705,2.1192314624786377,2.230325937271118,2.6608164310455322,2.608914375305176,2.4079060554504395,2.35644793510437,2643.117753696862,163.36336064862482,0.26930437184343436,0.0362654907873874,brass,acoustic
-338.6456604003906,39.4879035949707,-40.811031341552734,-32.790103912353516,-11.230188369750977,-1.3837906122207642,-18.975839614868164,-17.94463539123535,11.049391746520996,34.782344818115234,20.330747604370117,-18.487869262695312,-21.684524536132812,80.45270538330078,39.8185920715332,30.3870906829834,26.096397399902344,21.075830459594727,18.61151885986328,13.801578521728516,19.112131118774414,12.343907356262207,16.131317138671875,14.832003593444824,8.416105270385742,10.985084533691406,1476.5172166704774,189.07915628804201,0.142663700064433,0.039929396508392126,bass,synthetic
-295.1114501953125,287.6918029785156,14.383310317993164,-23.460250854492188,15.831565856933594,3.378098487854004,-12.463886260986328,-3.338707447052002,-3.635533094406128,-13.91170597076416,-5.66682243347168,-3.8976552486419678,-13.229565620422363,53.675270080566406,29.728164672851562,27.933225631713867,12.858729362487793,6.845685005187988,5.424411773681641,5.345503330230713,3.581468343734741,3.77396297454834,3.570645809173584,2.2918264865875244,3.2792444229125977,3.9204487800598145,435.20948118068105,56.32637054996483,0.028992303527227724,0.004266625332628226,brass,acoustic
-355.5058288574219,61.1356086730957,-21.060327529907227,-7.173408508300781,19.0030574798584,13.303666114807129,-1.1499286890029907,-4.025088787078857,0.07920212298631668,-4.032398223876953,-9.836773872375488,-12.754914283752441,-23.7497615814209,24.291475296020508,11.981959342956543,11.175313949584961,7.757880687713623,4.611744403839111,3.4856536388397217,2.1202476024627686,2.5227904319763184,2.7467143535614014,3.125312089920044,3.4381935596466064,3.651259660720825,4.167832851409912,585.2251907930684,129.7248246488122,0.028723891900510203,0.0023019242826437013,flute,synthetic
-180.2257843017578,-82.6253890991211,-55.41923522949219,26.735450744628906,6.57650899887085,25.22746467590332,-1.0288784503936768,1.0355855226516724,0.3398258686065674,15.798277854919434,-6.283923625946045,12.674983978271484,39.89082717895508,47.31861877441406,14.964393615722656,8.896346092224121,5.196840763092041,4.148331642150879,4.9501519203186035,5.616818904876709,5.785773754119873,3.629953622817993,3.813015937805176,3.787548542022705,6.151932716369629,6.523874282836914,3045.017878023644,79.28399046781158,0.19265684789540816,0.01631405658567742,flute,acoustic
-397.45465087890625,70.75709533691406,13.672005653381348,6.720480918884277,-1.1687160730361938,-0.28156888484954834,-3.468684673309326,-5.593096733093262,-9.57361888885498,-8.414377212524414,-8.564074516296387,-9.577004432678223,-10.986384391784668,75.53052520751953,27.152956008911133,40.30167770385742,20.452106475830078,16.448074340820312,10.419116973876953,7.514883995056152,5.765045166015625,3.641507625579834,6.260106086730957,4.813984394073486,6.94952392578125,4.327731132507324,475.15543032119837,291.3547243388507,0.04983819699754902,0.036174530370210754,bass,synthetic
-444.38079833984375,6.623345851898193,-21.943801879882812,-3.531308174133301,-14.006589889526367,-7.9039387702941895,-16.66212272644043,-13.427906036376953,-17.907527923583984,-11.831742286682129,-0.32286885380744934,24.895986557006836,36.92325973510742,91.90355682373047,24.98297119140625,6.585610866546631,10.886104583740234,15.86524486541748,15.609150886535645,31.07419776916504,12.004571914672852,5.573538780212402,9.356441497802734,11.83565902709961,8.062881469726562,14.334321022033691,1379.1014833237336,242.82374394561722,0.09156177662037036,0.035838441896230054,bass,synthetic
-417.99945068359375,154.36788940429688,90.17301940917969,58.59566116333008,37.961002349853516,21.734249114990234,10.679401397705078,6.982156276702881,6.497687816619873,6.348727226257324,4.365607738494873,0.7250407338142395,-0.31205689907073975,72.59827423095703,42.285789489746094,24.433612823486328,17.176420211791992,11.78152084350586,8.232812881469727,5.0387959480285645,3.197838306427002,3.441303253173828,4.730993747711182,3.930546283721924,5.189406394958496,5.36995267868042,156.595784880086,178.84191487366752,0.007777263208762887,0.0016007412579049378,bass,electronic
-278.53204345703125,-7.767397880554199,-36.43977737426758,-16.93154525756836,-31.997859954833984,-18.434045791625977,0.7864148020744324,-12.618534088134766,-39.37067794799805,-14.711196899414062,17.464004516601562,5.4005126953125,-16.929441452026367,36.13782501220703,11.519378662109375,3.610077381134033,4.985393524169922,4.216056823730469,4.995311737060547,3.725236654281616,4.145602226257324,5.3843607902526855,4.836067199707031,4.949780464172363,5.126292705535889,5.75875997543335,3271.0022648042363,125.3142552747751,0.3409399892769608,0.03258156573188378,string,acoustic
-438.5077209472656,59.61647415161133,30.723575592041016,13.304606437683105,4.41636323928833,-5.750417232513428,-14.677287101745605,-18.881820678710938,-20.015228271484375,-19.530487060546875,-18.519739151000977,-18.221548080444336,-18.150814056396484,49.347816467285156,50.55302429199219,18.746658325195312,5.997209548950195,2.804145336151123,3.6650869846343994,6.913900375366211,6.136342525482178,4.411961078643799,2.943065881729126,3.564427375793457,4.579116344451904,5.058416843414307,383.9984997040719,195.00544449419738,0.03420293898809524,0.005572310201331401,bass,synthetic
-309.1588134765625,123.8414535522461,-19.56473159790039,13.592066764831543,5.6896843910217285,-18.496540069580078,4.771754741668701,1.6518754959106445,-19.42608070373535,-14.759325981140137,-9.132909774780273,-10.246159553527832,-4.260812759399414,58.08211898803711,15.665417671203613,17.251039505004883,9.326388359069824,5.742077350616455,8.413345336914062,4.529644012451172,5.122097492218018,5.30861759185791,4.812588214874268,4.687391757965088,4.099023818969727,4.958699703216553,691.3058423030717,126.5257133631561,0.046647135416666666,0.009542195420300567,string,acoustic
-391.7864990234375,8.265839576721191,-47.71270751953125,-13.14454460144043,-6.0009260177612305,12.517081260681152,15.292684555053711,0.9051774740219116,-26.484272003173828,-22.277183532714844,11.958452224731445,22.614004135131836,-6.7654829025268555,40.70571517944336,18.673852920532227,14.67072868347168,11.602554321289062,4.66246223449707,4.947449684143066,5.610115051269531,2.848060369491577,5.129931926727295,4.5743408203125,3.3610386848449707,3.83650541305542,3.026445150375366,1377.7485995814388,227.25940080466086,0.14612563775510204,0.028028065157809066,bass,synthetic
-531.2220458984375,45.93455505371094,42.32347869873047,40.44839096069336,38.63821029663086,36.19277572631836,33.49259948730469,30.959449768066406,28.518320083618164,26.07138442993164,23.76542854309082,21.762680053710938,19.611003875732422,29.162586212158203,24.173643112182617,9.642749786376953,7.655488967895508,6.343315124511719,4.862810134887695,4.524194240570068,4.360225677490234,4.18469762802124,4.569790363311768,4.902401924133301,4.4823222160339355,5.355756759643555,53.63516630119128,72.73200101280007,0.003817471590909091,0.0002974039897348748,bass,synthetic
-236.56939697265625,2.2551770210266113,-31.205516815185547,-14.727413177490234,-30.420312881469727,-2.2220304012298584,7.290368556976318,1.4996880292892456,-34.71274948120117,-21.295534133911133,10.949966430664062,37.34696578979492,-16.728103637695312,53.612030029296875,13.109460830688477,5.550136566162109,5.156525611877441,5.488991737365723,5.744135856628418,4.296512126922607,3.875466823577881,5.032935619354248,3.6961617469787598,3.92086124420166,5.770499229431152,3.6795730590820312,3014.060338596001,262.0835368274488,0.24029600273058252,0.04375605440040627,string,acoustic
-194.0973358154297,37.57829666137695,-49.349456787109375,20.72445297241211,-43.22402572631836,-16.77292823791504,-19.291996002197266,4.444162845611572,-13.053321838378906,-11.2650728225708,-9.939857482910156,1.5674184560775757,0.2253895103931427,57.49070739746094,14.436988830566406,9.6597318649292,5.276512145996094,6.7930426597595215,3.5716466903686523,4.204675674438477,4.35549259185791,4.2517900466918945,4.79532527923584,4.487745761871338,2.937483072280884,3.4074954986572266,1690.5170918057543,194.9437292999168,0.12232630461165049,0.024281424881649326,string,acoustic
-213.4463653564453,60.9440803527832,-24.0867977142334,16.182588577270508,-20.047672271728516,-15.230001449584961,-15.40017318725586,0.9727553725242615,-3.706906795501709,-6.045034408569336,-15.444236755371094,-0.6659954190254211,-15.802318572998047,52.26069259643555,9.592962265014648,13.302155494689941,5.443669319152832,6.785861015319824,5.465676784515381,5.617845058441162,4.1816301345825195,4.752954483032227,4.93652868270874,5.317069053649902,5.561285972595215,5.426004886627197,1273.3638277571556,151.09263795071502,0.09089471726190476,0.0191021717068971,string,acoustic
-450.685302734375,135.9784698486328,110.94495391845703,84.13856506347656,61.180171966552734,40.17058563232422,19.761554718017578,3.1359941959381104,-5.6496076583862305,-6.853644371032715,-4.846391201019287,-3.19284987449646,-2.425300121307373,33.36933135986328,36.1701545715332,17.779109954833984,10.825749397277832,5.333017349243164,5.032578945159912,7.300891399383545,10.234156608581543,8.751642227172852,3.2239456176757812,4.4161858558654785,5.553981304168701,4.671607494354248,155.693474694693,34.93816638498884,0.01962093431122449,0.003579530340371332,bass,synthetic
-175.05406188964844,83.96781921386719,-10.76410961151123,28.744985580444336,-11.120697975158691,7.090559482574463,-7.713221549987793,10.807741165161133,-0.8582104444503784,2.1185362339019775,-8.564385414123535,-7.235525608062744,-15.111953735351562,110.19344329833984,66.41865539550781,29.383516311645508,15.96476936340332,7.478122234344482,9.5983247756958,9.660008430480957,5.083756446838379,12.351494789123535,3.9627108573913574,4.741719722747803,6.440266132354736,4.080406665802002,1375.4249883825814,565.521731007084,0.058140345982142856,0.0332530769035471,bass,synthetic
-432.9856872558594,84.39369201660156,75.77033996582031,69.91033935546875,60.89645004272461,51.69601058959961,42.828773498535156,33.84639358520508,26.336597442626953,20.188020706176758,14.338605880737305,9.63129711151123,6.127704620361328,33.00232696533203,25.001466751098633,18.62474250793457,12.977157592773438,10.357089042663574,8.898046493530273,7.795675754547119,9.02509880065918,8.319463729858398,7.122267246246338,6.683333396911621,5.945467472076416,4.803265571594238,109.77190879696722,98.25852522966473,0.009810467155612245,0.002150075125925041,bass,electronic
-226.984619140625,79.89280700683594,-19.130128860473633,29.149850845336914,10.564695358276367,9.437665939331055,-13.34266471862793,2.06199312210083,-0.6025809049606323,-2.1788721084594727,-8.709212303161621,0.5963584184646606,-4.509309768676758,45.36008071899414,11.058307647705078,9.216350555419922,6.250210762023926,5.0291852951049805,4.9983744621276855,6.4814229011535645,4.387292861938477,3.71614146232605,4.208840847015381,4.602391719818115,4.084875583648682,4.189078330993652,1159.116659610948,143.21234067597314,0.06160794771634615,0.021515770473672723,string,acoustic
-317.2908020019531,207.6552734375,24.149311065673828,-34.57817077636719,-29.52161979675293,-19.198238372802734,-12.439046859741211,-13.921894073486328,-8.671238899230957,-2.3974082469940186,-0.05550241842865944,-0.36678996682167053,-8.175309181213379,37.52942657470703,22.06568717956543,14.11644458770752,14.571455955505371,4.939870357513428,5.147530555725098,4.785315990447998,4.585604667663574,4.312310695648193,4.826708793640137,4.189793586730957,4.055384635925293,3.437013864517212,542.941211913148,20.73420771845344,0.06673490084134616,0.008609453887048757,brass,acoustic
-338.7490234375,170.4311065673828,-38.65414810180664,-42.0849609375,-15.735868453979492,-11.495492935180664,1.8363184928894043,-9.234112739562988,-14.909709930419922,-6.23151159286499,-0.03469614312052727,0.52340167760849,-5.079322814941406,45.64234924316406,22.1513671875,17.636714935302734,7.180883884429932,5.266417980194092,5.98943567276001,5.231773376464844,4.802701473236084,4.53049898147583,5.000408172607422,3.9123733043670654,4.166529178619385,3.2499654293060303,718.6321049674013,48.351356151105264,0.08819637120327103,0.015179938956338415,brass,acoustic
-452.04571533203125,-25.94597816467285,-18.715852737426758,6.235538959503174,26.714588165283203,-13.2108154296875,-25.912080764770508,21.51244354248047,17.650035858154297,-20.167173385620117,-19.091588973999023,32.722591400146484,0.8507007360458374,40.12394332885742,27.072721481323242,7.194629669189453,13.505341529846191,5.742879390716553,6.957911014556885,4.581507205963135,4.562474727630615,4.9206438064575195,4.4593305587768555,3.9928512573242188,3.3504137992858887,2.69610333442688,2017.8385533064197,196.60341496517037,0.229931640625,0.016061187690532653,bass,synthetic
-357.6944580078125,-38.25041580200195,-23.961095809936523,12.527463912963867,-3.880258560180664,14.145685195922852,-3.5057387351989746,9.288874626159668,44.157386779785156,45.89665603637695,-16.71780776977539,-8.428239822387695,15.46314811706543,38.140708923339844,13.277339935302734,6.60887336730957,4.691856861114502,10.265087127685547,4.76273775100708,4.805933952331543,6.840340614318848,6.465445518493652,5.957461357116699,3.5726640224456787,3.49352765083313,4.51321268081665,2425.815112828725,201.4743472506409,0.22863078567216982,0.04484884141202744,flute,acoustic
-268.34423828125,-23.6496524810791,-42.41401290893555,-4.558600902557373,7.3208088874816895,10.502758979797363,-19.83351707458496,-14.597237586975098,-10.880465507507324,10.087921142578125,-15.145389556884766,16.112831115722656,29.55254554748535,29.778284072875977,6.158915996551514,10.241067886352539,4.111948490142822,6.179407119750977,4.337871074676514,5.140268325805664,3.724879026412964,6.51499080657959,4.154786586761475,4.986786365509033,4.409200668334961,4.0627946853637695,2188.7446166986865,109.72866666093766,0.1958058150773196,0.013295539649133006,flute,acoustic
-197.4852752685547,68.18601989746094,-57.193939208984375,-19.217117309570312,-29.071306228637695,-15.564929962158203,-20.185653686523438,-3.5159237384796143,-12.476716995239258,-6.48868465423584,-9.190494537353516,0.6697174906730652,-8.135259628295898,182.88621520996094,58.48012161254883,29.09846305847168,9.267406463623047,7.916347503662109,5.218698024749756,5.816616535186768,2.3875510692596436,6.734687328338623,2.528456211090088,2.8172199726104736,3.8342642784118652,3.2833292484283447,2088.800984927556,666.7774229365249,0.11762927827380952,0.044017566458993435,brass,acoustic
-353.2776794433594,-44.107913970947266,-32.34645462036133,15.573874473571777,2.7243072986602783,21.56134033203125,-5.487742900848389,-25.343116760253906,-5.1994476318359375,45.46950149536133,14.047210693359375,-27.323259353637695,-26.671937942504883,47.531639099121094,15.316630363464355,6.664226531982422,5.565585136413574,7.585585594177246,5.300689697265625,5.279942512512207,4.350782871246338,4.391324996948242,6.127105236053467,4.100377559661865,4.0327277183532715,5.7688117027282715,2402.651028869345,156.24409763052626,0.19967447916666667,0.03301915195855237,flute,acoustic
-348.71343994140625,-0.26837530732154846,-85.61376953125,-20.684175491333008,-14.460973739624023,15.560319900512695,15.783430099487305,37.212303161621094,8.91251277923584,-20.9197998046875,-27.800029754638672,9.838274955749512,31.208358764648438,31.962806701660156,10.316873550415039,14.338606834411621,3.4747509956359863,5.826695919036865,6.601781368255615,3.589686393737793,4.656927585601807,4.123536109924316,3.450352430343628,4.240053653717041,3.8149454593658447,3.8147408962249756,1700.4097909478282,143.68701598400517,0.15412932751225492,0.03988027779765737,brass,acoustic
-300.5618896484375,232.8562469482422,-42.987205505371094,-48.51663589477539,15.379772186279297,10.473482131958008,-3.6982691287994385,-9.701507568359375,-19.017351150512695,-15.994598388671875,-0.8690733313560486,2.6048831939697266,-6.824739933013916,43.435054779052734,22.593952178955078,18.96917724609375,8.351367950439453,9.050789833068848,5.915093898773193,6.396793842315674,4.347079277038574,3.898526430130005,4.598797798156738,4.983126640319824,5.045250415802002,5.371763706207275,738.5781789807609,54.55233673033451,0.09077962239583333,0.01522442600597566,brass,acoustic
-399.91864013671875,76.89625549316406,-23.82604217529297,-18.09778594970703,-17.359628677368164,-11.260285377502441,-14.685047149658203,-10.421486854553223,-9.61290454864502,-5.408918380737305,-7.698661804199219,-7.010209560394287,-6.1781158447265625,125.69944763183594,33.75175857543945,24.582874298095703,11.688940048217773,11.030539512634277,4.404256820678711,7.982012748718262,3.9954099655151367,5.6962175369262695,4.2154622077941895,4.540746688842773,4.236657619476318,5.815207004547119,1019.7031176230964,504.0023717002565,0.07950004489942529,0.02626101616440094,brass,acoustic
-265.24859619140625,68.28091430664062,-116.57808685302734,7.722244739532471,-11.633305549621582,-6.6471028327941895,-10.782322883605957,-14.579609870910645,-19.85240936279297,-8.239093780517578,-15.338623046875,-8.125258445739746,-6.207186222076416,52.01951599121094,16.48213005065918,23.93886375427246,7.592436790466309,8.620247840881348,5.945472717285156,4.021869659423828,4.216509819030762,5.861597061157227,4.650721549987793,4.471977710723877,3.3234853744506836,3.5096094608306885,1296.305826201258,122.83014012522627,0.1,0.0197341580585576,brass,acoustic
-372.3804626464844,124.35061645507812,93.24310302734375,60.90929412841797,39.37955093383789,29.19692611694336,24.17676544189453,19.689146041870117,15.472709655761719,12.723102569580078,11.30278205871582,10.245048522949219,9.331633567810059,16.803110122680664,20.462934494018555,13.148813247680664,6.606572151184082,2.706103801727295,1.3923081159591675,1.7299405336380005,1.4247716665267944,1.4739974737167358,1.869359016418457,2.1291627883911133,1.8414493799209595,1.2459464073181152,85.5618354913161,66.11236326065686,0.006433823529411764,0.0005777897621635497,flute,acoustic
-267.55450439453125,123.62709045410156,-40.870079040527344,14.535261154174805,-16.14292335510254,-0.9404357671737671,16.496164321899414,16.32017707824707,-35.69838333129883,-39.21696853637695,-5.14801549911499,1.986335039138794,-3.9860782623291016,129.74496459960938,13.56562614440918,16.992555618286133,4.302440166473389,12.542886734008789,3.0621423721313477,10.819660186767578,3.744300603866577,6.598261833190918,5.482812404632568,2.0912845134735107,4.101028919219971,1.918758511543274,1316.4825217129694,178.90031568183625,0.105615234375,0.029248862024325282,string,acoustic
-470.4943542480469,122.48040008544922,68.19686126708984,57.80026626586914,43.47829818725586,35.10133361816406,24.374181747436523,19.214679718017578,13.441765785217285,11.491132736206055,7.82630729675293,5.951376438140869,3.425765037536621,123.68553161621094,59.11707305908203,32.92445373535156,19.401687622070312,18.216167449951172,13.844581604003906,15.616644859313965,12.71095085144043,11.695196151733398,8.355029106140137,7.215228080749512,5.509485721588135,4.6470561027526855,249.34619110421895,285.891859154987,0.0037434895833333335,0.001332251427713615,bass,synthetic
-347.48681640625,25.156356811523438,-41.16524124145508,-9.000823020935059,19.243772506713867,39.91872024536133,38.096134185791016,4.7151288986206055,-14.987151145935059,14.01938247680664,25.684534072875977,3.3910787105560303,-14.424489974975586,42.393192291259766,10.232047080993652,5.8778395652771,5.992785930633545,6.017873287200928,6.556083679199219,7.873587608337402,7.463551044464111,4.023228645324707,3.440394401550293,4.441500663757324,3.7783164978027344,3.1137964725494385,1568.768102507632,89.32230826396535,0.15334334463443397,0.01176192903653156,flute,acoustic
-458.2269592285156,65.27305603027344,50.968379974365234,43.23588180541992,35.19731140136719,30.16548728942871,24.333646774291992,20.396852493286133,15.801782608032227,12.43332576751709,8.527360916137695,6.0368123054504395,2.9297008514404297,99.3222427368164,41.73546600341797,25.24526596069336,15.679483413696289,12.938913345336914,9.763227462768555,9.877262115478516,7.825829982757568,7.566847801208496,6.095560550689697,6.2067766189575195,5.0460662841796875,5.158376693725586,193.3534149097352,224.50764319335843,0.010841652199074073,0.00546915335777707,bass,synthetic
-519.6353149414062,-19.976030349731445,4.705252170562744,15.866111755371094,-22.179658889770508,21.53903579711914,-8.31167221069336,-4.809106826782227,18.38360023498535,-18.93428611755371,15.199955940246582,-0.4382054805755615,-9.467059135437012,26.846168518066406,19.352327346801758,3.0656049251556396,14.936452865600586,15.475554466247559,12.403434753417969,3.831063747406006,2.2075693607330322,8.053210258483887,5.939420223236084,6.432880878448486,0.30392032861709595,1.5490185022354126,3939.826915852674,41.4708007296068,0.45844959077380953,0.07752863446716314,bass,synthetic
-349.977783203125,31.528223037719727,-32.42302703857422,-16.55118751525879,-8.386457443237305,11.868629455566406,24.874391555786133,39.096805572509766,18.752565383911133,3.4086170196533203,-17.581459045410156,5.623863697052002,21.84914207458496,35.915531158447266,7.544172286987305,10.950438499450684,7.837912082672119,3.918268918991089,3.5357460975646973,4.532718181610107,4.5190253257751465,3.7992279529571533,4.282774925231934,3.9326210021972656,3.5271337032318115,4.524413108825684,1364.2315700233007,147.59843180980144,0.11761700665509259,0.010149978830102954,flute,acoustic
-414.5237121582031,-16.03037452697754,-29.904850006103516,27.279226303100586,13.255339622497559,-8.357927322387695,2.072253465652466,29.453298568725586,8.696335792541504,16.405397415161133,35.8467903137207,-11.739482879638672,4.573164463043213,75.24303436279297,17.41754722595215,16.251041412353516,9.58895206451416,11.271883964538574,5.031772613525391,6.34705114364624,4.875762462615967,10.003233909606934,5.570758819580078,4.050447940826416,3.5832037925720215,3.0636565685272217,2617.661575935398,118.88636729284876,0.26119290865384615,0.05472252079944328,flute,acoustic
-291.80792236328125,-33.53007888793945,-34.29450225830078,12.22116756439209,2.201432704925537,-18.374042510986328,-23.934642791748047,9.721868515014648,12.253954887390137,14.274340629577637,26.604923248291016,13.53549861907959,-19.682580947875977,28.50885009765625,5.935117721557617,9.622716903686523,4.419660568237305,6.675576686859131,5.128209114074707,4.425137996673584,5.131114482879639,4.079453945159912,5.908788681030273,4.221032619476318,3.0097274780273438,3.368773937225342,2595.294564341587,92.55001345375604,0.2598058956185567,0.020182305616964803,flute,acoustic
-183.61956787109375,126.12855529785156,-16.726318359375,26.500205993652344,23.942100524902344,19.901704788208008,-2.5150346755981445,3.804534912109375,-12.771794319152832,2.9371659755706787,8.974382400512695,10.926377296447754,7.981783866882324,45.53228759765625,9.274581909179688,10.435518264770508,5.303420543670654,5.774556636810303,6.322813034057617,4.84129524230957,4.378955841064453,3.837963581085205,4.9030632972717285,5.890033721923828,5.0890889167785645,4.5602264404296875,693.8323203077161,112.55335599601823,0.021451509915865384,0.008416865519566748,string,acoustic
-448.4878845214844,42.54093551635742,27.06938362121582,27.022037506103516,23.625774383544922,22.66928482055664,20.33135986328125,19.180038452148438,17.478286743164062,16.374170303344727,15.111905097961426,14.028038024902344,12.65627384185791,89.29273986816406,49.635501861572266,26.354385375976562,14.354248046875,10.837281227111816,7.213452339172363,7.909586429595947,6.589017868041992,6.990080833435059,6.126624584197998,5.710428714752197,5.036012172698975,5.157871246337891,68.83243715161933,179.1373453513991,0.0023865991709183672,0.005282436384111485,bass,synthetic
-214.1548614501953,151.25726318359375,-44.845096588134766,35.36103820800781,8.076993942260742,-10.018343925476074,-3.8587045669555664,11.502528190612793,1.0783965587615967,-0.26337355375289917,-4.663475036621094,-1.0547741651535034,-4.561922550201416,68.49445343017578,10.60110855102539,20.832015991210938,7.187585353851318,9.069075584411621,5.898120403289795,5.7573981285095215,3.646699905395508,5.788893699645996,3.6300485134124756,4.437382221221924,4.431777000427246,4.472521781921387,783.5190659962278,87.89687647532443,0.02988098714953271,0.012040322521910346,string,acoustic
-152.00509643554688,128.4635009765625,-71.45201110839844,-8.909480094909668,-38.32143783569336,-22.39097023010254,-26.111583709716797,-6.628330230712891,-18.707639694213867,-3.5700016021728516,-16.360219955444336,-2.5212199687957764,-9.619632720947266,61.11577224731445,18.796749114990234,12.230904579162598,8.520177841186523,7.652609825134277,4.704570770263672,6.152749061584473,4.808629035949707,5.669824600219727,4.504395008087158,6.077480316162109,4.437296390533447,4.669245719909668,1059.8550498175016,90.04861122425905,0.08403043926886793,0.010794516421368994,brass,acoustic
-526.1376342773438,67.9000015258789,18.72480583190918,13.716313362121582,10.471115112304688,2.9935059547424316,-5.32493782043457,-9.473672866821289,-10.23263168334961,-12.945984840393066,-10.680523872375488,-12.8557767868042,-18.241914749145508,119.91284942626953,73.6047134399414,27.94405174255371,14.3839750289917,8.893470764160156,8.358799934387207,9.62617301940918,8.88141918182373,4.56322717666626,3.4839587211608887,8.826746940612793,8.45959758758545,2.4299333095550537,377.1076332862126,165.95382979814534,0.027703536184210526,0.004273924371263143,bass,synthetic
-585.3773193359375,-8.028355598449707,30.489381790161133,24.253026962280273,-10.203289031982422,38.928001403808594,7.350961208343506,4.145352840423584,37.266605377197266,-3.762920618057251,45.48185348510742,11.884236335754395,16.18937873840332,49.79558563232422,7.067748069763184,10.33954906463623,5.999174118041992,9.527046203613281,12.075166702270508,4.207085132598877,4.011537551879883,5.138106822967529,8.394164085388184,16.10686683654785,4.412598133087158,12.429277420043945,3182.1969882741455,108.32240213219717,0.423553466796875,0.053272413623885746,bass,synthetic
-282.9342346191406,87.0335464477539,-50.05887985229492,-3.9920976161956787,-42.158447265625,-35.11298370361328,-40.523468017578125,-37.465843200683594,-52.41869354248047,-35.992977142333984,-15.446526527404785,2.3938145637512207,12.34016227722168,120.34603118896484,7.5648512840271,22.898828506469727,8.882935523986816,17.159324645996094,9.864333152770996,15.82357120513916,9.362870216369629,11.089629173278809,6.694925308227539,5.730325698852539,3.476771831512451,10.00104808807373,1191.0289712995195,101.73116829682353,0.07400948660714286,0.015233966177141406,string,acoustic
-222.92230224609375,130.05577087402344,-48.85355758666992,-1.3352303504943848,-27.60074806213379,-12.505646705627441,-20.592336654663086,-13.015037536621094,-12.230107307434082,-4.129436016082764,-8.535645484924316,-2.9110000133514404,-7.756467342376709,113.67363739013672,13.601656913757324,15.01242446899414,4.415432929992676,10.095049858093262,3.993321180343628,7.47027587890625,2.6175613403320312,6.405961513519287,2.8870861530303955,8.379888534545898,4.010015964508057,6.047118663787842,1120.225799331098,103.2761279936265,0.0697021484375,0.01395112900307021,brass,acoustic
-167.93052673339844,1.6739282608032227,-48.02945327758789,4.868618488311768,-48.257266998291016,-19.831619262695312,-29.7767391204834,-15.972620964050293,-28.150632858276367,-23.177169799804688,-18.81418800354004,-7.810540199279785,-14.506375312805176,53.80121612548828,10.468116760253906,7.0135722160339355,5.992623805999756,6.4264631271362305,4.975597381591797,5.322776794433594,4.487171173095703,5.424018859863281,5.2308526039123535,4.967314720153809,4.304571628570557,3.8995156288146973,2399.6461450363354,156.57798700865044,0.21815268507281554,0.038796472351338325,string,acoustic
-293.24298095703125,206.64083862304688,-19.417699813842773,-7.329081058502197,-8.207062721252441,4.4424262046813965,2.888101816177368,1.2381441593170166,-0.2596794068813324,-0.5897414684295654,-0.6952645778656006,-9.703208923339844,-10.245091438293457,93.01033020019531,21.149669647216797,34.684295654296875,14.118643760681152,8.893792152404785,6.747455596923828,8.573210716247559,5.1143341064453125,6.826203346252441,7.667395114898682,8.034260749816895,9.041616439819336,4.925446033477783,623.1281685459079,150.14715709500047,0.04892485996462264,0.010801367785345265,brass,acoustic
-416.8431396484375,97.78289794921875,82.00050354003906,73.77216339111328,63.93436050415039,54.941192626953125,45.53017044067383,35.945770263671875,26.45412826538086,18.325340270996094,10.850798606872559,4.829444885253906,0.781754732131958,26.86482810974121,16.408533096313477,14.419048309326172,10.797648429870605,10.142781257629395,8.683098793029785,7.284819602966309,6.061132431030273,5.60032844543457,4.48769474029541,4.225522041320801,4.379019737243652,3.68324875831604,116.82227867320725,71.70430542905365,0.009242466517857142,0.003667420150018973,flute,synthetic
-234.89617919921875,162.73455810546875,-25.552410125732422,20.565908432006836,12.167409896850586,-13.443345069885254,11.161600112915039,17.074316024780273,7.326894760131836,12.91561222076416,9.795011520385742,0.03519570827484131,2.831864595413208,41.032379150390625,16.6966495513916,14.858941078186035,7.303386211395264,4.829433441162109,6.320465564727783,5.861733436584473,6.0182061195373535,5.351606369018555,4.572786808013916,4.498438358306885,5.134843826293945,4.428107738494873,535.8988710305023,85.63912533593131,0.022362342247596152,0.0093645036595922,string,acoustic
-284.4300537109375,72.51426696777344,37.212982177734375,64.5887451171875,33.990699768066406,31.88180160522461,14.95461654663086,17.2586727142334,4.797529220581055,12.365243911743164,7.612494945526123,13.303757667541504,4.6766438484191895,108.57443237304688,16.337234497070312,6.679507732391357,13.739813804626465,8.071355819702148,4.2784953117370605,3.2905519008636475,1.8293218612670898,2.4268550872802734,1.0601383447647095,3.7339863777160645,1.5715749263763428,2.780552387237549,682.9553427257754,47.260806531635794,0.01267578125,0.0055595146483303735,bass,synthetic
-383.8072204589844,72.95834350585938,-6.5604376792907715,-0.8994031548500061,-13.101117134094238,-10.769758224487305,-20.057947158813477,-28.881807327270508,-26.976730346679688,-24.242599487304688,-23.784191131591797,-22.917713165283203,-23.76744842529297,117.06385803222656,36.748130798339844,33.92236328125,7.058156490325928,17.858591079711914,6.641141891479492,8.685949325561523,8.722105979919434,5.616372108459473,7.331243991851807,8.562170028686523,5.391868591308594,8.284067153930664,597.8897445387565,216.32796174619043,0.03998046875,0.005345856903729865,string,acoustic
-62.047367095947266,72.26454162597656,-114.35379791259766,58.7077751159668,-45.41204071044922,20.00564193725586,-36.18771743774414,16.31060028076172,-16.116134643554688,-7.216617107391357,-7.277707576751709,-10.864667892456055,-5.732485294342041,59.21502685546875,15.619790077209473,14.602399826049805,8.436410903930664,6.4679155349731445,5.227926254272461,6.100415229797363,4.43246603012085,4.518353462219238,3.8094935417175293,4.423690319061279,4.67133903503418,4.355066299438477,1941.7395986695683,221.85351179608782,0.16456084890463918,0.02895237979834282,brass,electronic
-233.397216796875,196.20596313476562,-57.161624908447266,-19.466604232788086,-31.41167640686035,-17.7913875579834,-16.04654312133789,-26.75355339050293,-15.583666801452637,-10.845287322998047,-17.33013916015625,-19.849393844604492,-7.98100471496582,45.35581588745117,16.400646209716797,16.364559173583984,6.822781085968018,9.923774719238281,5.394906520843506,5.725491046905518,6.952855110168457,5.57889461517334,6.649919033050537,4.9029364585876465,6.9176201820373535,3.941887855529785,650.3055232227197,23.717393760317858,0.06294477103960396,0.010501076189897955,brass,acoustic
-241.46047973632812,41.39565658569336,-7.159526348114014,24.537172317504883,-1.6953603029251099,0.867331862449646,-15.634817123413086,0.7297194600105286,-12.28641414642334,-7.825974464416504,-10.410384178161621,-4.6589884757995605,-15.404232025146484,50.17897033691406,14.588988304138184,8.948241233825684,5.574129104614258,4.804764747619629,4.866239547729492,4.159107685089111,3.9063010215759277,4.195727348327637,4.964657783508301,3.9091155529022217,3.738748788833618,4.974432468414307,1492.5834510961324,214.52359404356,0.07009652944711539,0.0259158930720415,string,acoustic
-380.6270751953125,135.18710327148438,60.421810150146484,16.495668411254883,-0.0855092778801918,-8.85156536102295,-13.351644515991211,-14.561783790588379,-13.96288776397705,-15.018974304199219,-15.308065414428711,-9.781761169433594,-6.578855037689209,26.030214309692383,21.0240535736084,5.551430702209473,6.192201614379883,5.781839370727539,5.013411521911621,5.366544246673584,3.7363312244415283,3.3155744075775146,2.8013548851013184,2.8912861347198486,2.290273427963257,2.8436293601989746,296.13471982337757,81.82910178652894,0.02267578125,0.0019400440863879627,brass,acoustic
-329.5289306640625,10.827909469604492,-80.95806121826172,18.287147521972656,-3.0739681720733643,0.7702707052230835,-7.7475666999816895,-1.5095906257629395,-17.144020080566406,-14.893959045410156,-11.05179500579834,7.727538108825684,39.17729187011719,52.92866897583008,16.6689453125,16.51442527770996,7.590723991394043,8.545523643493652,4.931066036224365,5.095889568328857,6.881478309631348,6.229894638061523,3.775482416152954,3.690756320953369,5.422226428985596,8.342782020568848,1574.1410949370966,141.25956956979428,0.1499813988095238,0.03237012882618567,brass,acoustic
-218.59011840820312,-14.1768159866333,-78.35183715820312,-21.58028793334961,-31.827646255493164,-9.918540954589844,-23.617496490478516,-12.422175407409668,-8.276753425598145,11.347124099731445,13.587053298950195,12.07953929901123,-12.46034049987793,119.65963745117188,67.25301361083984,23.67667579650879,11.286376953125,9.27955436706543,4.470430850982666,5.6036248207092285,7.015527725219727,13.541110038757324,21.75201416015625,23.411949157714844,19.00795555114746,16.496673583984375,2605.554468716136,634.6927069815766,0.19926525297619047,0.05626129859637903,brass,acoustic
-351.4717712402344,121.31774139404297,54.254329681396484,16.402021408081055,13.934712409973145,18.12311553955078,14.114635467529297,6.663722515106201,2.188950538635254,1.2630774974822998,2.8918163776397705,5.712397575378418,6.438465118408203,31.46912384033203,25.63840103149414,8.45600414276123,5.643424034118652,2.701749801635742,3.0508248805999756,2.1235201358795166,1.6009536981582642,2.075612783432007,1.8312183618545532,1.5370510816574097,1.3706111907958984,1.2200992107391357,241.00240802409422,102.53111623499167,0.012069554004854368,0.0008724497475452083,bass,synthetic
-138.2512664794922,179.09283447265625,-36.833038330078125,31.958152770996094,1.5236691236495972,33.806129455566406,9.185340881347656,-1.345913290977478,3.564831256866455,18.384496688842773,0.7202637195587158,-0.3436535596847534,9.348511695861816,56.94301986694336,9.51646614074707,8.110644340515137,6.7106194496154785,5.4671478271484375,4.582350254058838,3.4247353076934814,3.2432007789611816,2.803734540939331,2.2106261253356934,1.8827478885650635,1.3309255838394165,1.645789623260498,735.4991014718689,14.677517339513733,0.01220703125,0.0033517582620567407,bass,synthetic
-207.50604248046875,101.5429916381836,-31.342966079711914,-8.437767028808594,-21.155799865722656,-3.503255605697632,-18.516462326049805,-6.306963920593262,-12.455229759216309,3.108957290649414,-6.93865966796875,-0.9876348376274109,-10.488083839416504,170.88563537597656,50.43320846557617,21.378395080566406,6.451663970947266,8.528441429138184,4.017391681671143,6.272402286529541,3.523738384246826,5.009642601013184,5.78602409362793,4.7526445388793945,3.8054749965667725,3.1707091331481934,1783.7230542054153,641.2783728118734,0.08236328125,0.02879310362156378,brass,acoustic
-262.8924560546875,62.80582046508789,-15.469983100891113,18.01152801513672,-9.197898864746094,-11.956738471984863,-15.610333442687988,1.583620309829712,-2.2533349990844727,-2.975339889526367,-15.03633975982666,-1.7690863609313965,-11.23256778717041,56.62334060668945,10.38088321685791,5.128986358642578,4.451413154602051,5.134525299072266,4.105044364929199,4.564448833465576,5.083201885223389,4.51850700378418,4.256249904632568,5.680806636810303,4.759509563446045,5.078061103820801,1226.983562457182,84.89929440639717,0.09644033394607843,0.016095391622844204,string,acoustic
-340.2384033203125,18.290281295776367,-104.73466491699219,-18.483800888061523,-22.583250045776367,-4.4250946044921875,-3.762436628341675,22.638280868530273,27.909929275512695,28.47267723083496,-3.793178081512451,-24.5507755279541,-7.971289157867432,33.445213317871094,12.795612335205078,14.693138122558594,6.032586574554443,7.923045635223389,6.4869704246521,5.929136753082275,4.38381290435791,4.9332709312438965,4.0169219970703125,4.59913444519043,4.2662553787231445,3.971251964569092,1642.653331737701,120.70879761606743,0.17932846966911764,0.029372566646786447,brass,acoustic
-277.78131103515625,13.503849983215332,-33.28945541381836,-1.938293218612671,-2.2346229553222656,-2.711003065109253,-17.98659896850586,-1.9148428440093994,20.44143295288086,-16.97148895263672,-11.020508766174316,38.76231384277344,3.6061298847198486,53.90556335449219,5.110136032104492,4.862823963165283,3.70621395111084,5.421689987182617,5.543438911437988,3.8509745597839355,3.372624635696411,5.115682601928711,4.2655253410339355,3.3891000747680664,4.580496311187744,4.496894836425781,2784.790374282386,176.0019233685194,0.24654517983490565,0.03345005277461236,string,acoustic
-439.9969177246094,-10.962779998779297,-10.913432121276855,-20.665712356567383,10.641321182250977,26.061790466308594,-1.4400687217712402,-26.812082290649414,-2.3554928302764893,9.696511268615723,21.025604248046875,-3.475484848022461,-32.835697174072266,13.280532836914062,4.881880283355713,7.628493309020996,8.703849792480469,3.816535472869873,7.755805015563965,1.0253084897994995,5.2109856605529785,2.2457480430603027,3.0837957859039307,2.771928071975708,1.6638344526290894,4.1069865226745605,2011.8904787482536,313.78326557107556,0.17712153220663265,0.022065500507417145,flute,synthetic
-291.9610290527344,34.74454116821289,-125.34077453613281,12.468977928161621,-43.888771057128906,-30.470474243164062,7.312769889831543,-0.620510458946228,27.026323318481445,40.20347595214844,2.9052236080169678,-30.323455810546875,-27.693803787231445,37.91317367553711,12.027934074401855,19.499177932739258,6.449267864227295,8.086400985717773,8.118042945861816,4.473902702331543,4.17490816116333,5.399036884307861,7.426696300506592,5.297731399536133,3.7741942405700684,3.818753480911255,1687.5043159089541,101.67184231629572,0.10691386521464646,0.02176843967051643,brass,acoustic
-328.1333312988281,114.3482437133789,-27.550189971923828,-19.519258499145508,-23.442583084106445,-23.935136795043945,-20.86911964416504,-20.22321128845215,-17.93376922607422,-14.900656700134277,-9.272058486938477,2.248152017593384,21.912736892700195,73.02592468261719,27.528371810913086,23.82162094116211,6.262383937835693,10.825728416442871,8.734976768493652,7.338471412658691,6.9938273429870605,6.099587917327881,5.909018516540527,4.827403545379639,3.8336968421936035,5.561013221740723,891.3828709378723,109.88760668805975,0.06503018465909091,0.01842200120879956,brass,acoustic
-313.8726806640625,49.437164306640625,-42.896156311035156,17.516061782836914,14.336121559143066,-6.958067417144775,-4.571183204650879,-5.237351894378662,-22.013580322265625,-30.943466186523438,-33.772212982177734,-22.993831634521484,-0.7618522047996521,29.796607971191406,8.615132331848145,11.047065734863281,5.2961554527282715,3.565988063812256,2.7557156085968018,4.108899116516113,4.263542652130127,4.174990653991699,4.3881611824035645,3.9207725524902344,3.009608030319214,3.120378255844116,1007.0954244293855,201.2991977500669,0.04476741868622449,0.004780393564097565,flute,synthetic
-52.55396270751953,74.73844146728516,7.062023162841797,45.221336364746094,8.963451385498047,23.810813903808594,5.963593482971191,14.986026763916016,2.9296441078186035,11.430452346801758,1.150843620300293,8.196974754333496,-1.187124490737915,63.830020904541016,16.640451431274414,12.85095500946045,12.304374694824219,7.072266578674316,6.943353176116943,4.014639377593994,4.70851469039917,3.8855581283569336,3.836566686630249,3.576730966567993,3.7130136489868164,3.452219247817993,1663.830720068299,426.5808592700693,0.02218656994047619,0.010295546785437539,bass,synthetic
-238.73355102539062,257.3119812011719,-22.63982391357422,6.628458023071289,10.15266227722168,0.8680341839790344,8.592490196228027,10.797073364257812,1.0107462406158447,3.1517322063446045,9.909667015075684,1.835979700088501,1.7081551551818848,94.34799194335938,50.92509078979492,76.76007080078125,51.29328155517578,19.98615837097168,14.61072063446045,12.87750244140625,9.655385971069336,7.262078285217285,6.08461856842041,4.731273651123047,4.971419334411621,3.2467308044433594,701.3067699926046,330.7859708792456,0.035881121134020616,0.009953866263247018,bass,synthetic
-263.6546630859375,-30.369903564453125,-110.85256958007812,21.202350616455078,-28.440671920776367,-25.922697067260742,-3.1016063690185547,-13.019632339477539,-3.3505961894989014,41.18883514404297,22.280479431152344,19.398529052734375,-19.504568099975586,52.935325622558594,12.152398109436035,8.28766918182373,5.416048049926758,12.164423942565918,5.509920597076416,4.241325378417969,3.9685075283050537,3.7598025798797607,7.539714813232422,5.314823627471924,3.004818916320801,2.940178632736206,2321.4018913843465,103.00258571815307,0.3134955248786408,0.040599497757189365,brass,acoustic
-447.78643798828125,26.06692123413086,-55.62433624267578,-19.33419418334961,-7.77239990234375,-3.954792022705078,-11.970139503479004,-8.565411567687988,-3.0056705474853516,12.662860870361328,33.387699127197266,42.22397232055664,20.59466552734375,96.6060562133789,26.056777954101562,17.023944854736328,7.613453388214111,10.817232131958008,4.602081298828125,5.340530872344971,5.090502738952637,6.425643444061279,4.838784217834473,4.352317810058594,6.863910675048828,4.655242443084717,1321.2157960268842,432.8345997675871,0.11726798592032966,0.037072450569026805,brass,acoustic
-175.0497283935547,145.0161590576172,-86.58238220214844,17.421585083007812,-31.692720413208008,-19.75065803527832,-24.295799255371094,-18.063823699951172,-15.298351287841797,-0.5017178654670715,-13.58818244934082,7.4254655838012695,-21.929779052734375,87.28719329833984,15.235713005065918,20.3809757232666,14.475604057312012,8.350790023803711,3.952617645263672,5.979930400848389,3.5392978191375732,3.7067673206329346,3.9554760456085205,5.124262809753418,4.51517915725708,4.036495208740234,1104.329118109053,108.75694875476177,0.08844866071428571,0.010728741536549423,brass,acoustic
-277.3133239746094,30.0177059173584,-10.465216636657715,-7.436409950256348,-24.051082611083984,-2.0345730781555176,-3.1344990730285645,-5.248106479644775,2.5352890491485596,35.69455337524414,6.626609802246094,-38.70500946044922,-52.862335205078125,27.965293884277344,9.940410614013672,6.534912109375,6.040829658508301,5.01302433013916,5.993321418762207,6.3152008056640625,7.36245059967041,7.125091552734375,6.377781867980957,4.0899128913879395,4.8964033126831055,5.57421350479126,1762.2120108372887,109.4093073595147,0.13540492106958762,0.03974555578387686,string,acoustic
-401.3705139160156,123.62245178222656,55.17518615722656,36.7816047668457,27.575725555419922,11.088996887207031,4.647002696990967,0.6369293332099915,-3.145781993865967,-2.945436477661133,-6.3282976150512695,-10.2450532913208,-8.412009239196777,74.92372131347656,48.443504333496094,23.892860412597656,13.428302764892578,6.06062126159668,10.428633689880371,5.267749309539795,2.2117223739624023,3.481907844543457,6.361959934234619,3.673293113708496,3.8176231384277344,2.4088525772094727,312.7081168004583,62.60180843321771,0.021682326858108107,0.004137693682693649,string,acoustic
-233.94387817382812,20.350093841552734,-18.262310028076172,20.881017684936523,-18.918867111206055,5.748212814331055,-15.933237075805664,1.0404670238494873,-17.493366241455078,-10.895035743713379,-19.216325759887695,1.9798697233200073,17.138042449951172,53.496986389160156,21.345417022705078,5.1978254318237305,4.843661785125732,5.603912830352783,4.92353630065918,6.246510028839111,4.840941429138184,6.4038591384887695,4.159244537353516,3.77529239654541,4.678347587585449,4.795018196105957,2221.792759506629,241.58410525657038,0.1809588738207547,0.040585170274687325,string,acoustic
-404.1046142578125,153.39085388183594,92.67862701416016,53.26942443847656,34.00864028930664,21.17795181274414,13.759530067443848,9.971744537353516,7.5071306228637695,5.097297191619873,0.4548027813434601,-5.899334907531738,-11.3165283203125,72.2999496459961,59.98261642456055,27.443927764892578,26.174381256103516,17.725086212158203,12.917668342590332,7.324818134307861,2.8582091331481934,4.46701717376709,5.905434608459473,5.119760990142822,2.792792558670044,3.8204329013824463,214.61273665748016,122.8836025169457,0.020430131392045456,0.004145744367557159,bass,synthetic
-380.1280822753906,72.42058563232422,-1.3102749586105347,-1.3311491012573242,-28.69179916381836,-28.961898803710938,-18.796558380126953,13.679180145263672,21.496280670166016,17.346092224121094,23.258174896240234,20.99361801147461,-9.239398956298828,188.00784301757812,46.66559982299805,11.18176555633545,20.343385696411133,8.906780242919922,11.981215476989746,8.671427726745605,10.656667709350586,3.876887083053589,3.28080677986145,11.58432674407959,16.23325538635254,2.608344078063965,951.1469320347751,118.30890128676222,0.0665283203125,0.019257341421683487,bass,synthetic
-253.71726989746094,-37.29533386230469,-33.314186096191406,10.74332046508789,-14.64404296875,-2.0340588092803955,-17.170936584472656,-7.133559226989746,-16.341630935668945,-1.1768049001693726,8.2337646484375,50.62206268310547,49.0711669921875,49.00263214111328,15.069787979125977,6.598039150238037,4.716794013977051,4.777308940887451,5.510666847229004,4.1729888916015625,4.5226850509643555,3.8307998180389404,6.11856746673584,4.25070333480835,5.944812297821045,3.379204750061035,2118.9238039718734,150.09086558951705,0.13555908203125,0.034043811222175493,flute,acoustic
-211.16342163085938,141.53892517089844,-10.27422046661377,30.309593200683594,14.003260612487793,5.585147380828857,-8.520383834838867,0.6982181072235107,-9.17554759979248,-10.53732967376709,-12.253355979919434,0.9528763294219971,0.9288765788078308,58.170265197753906,15.695686340332031,15.866743087768555,7.660701274871826,5.171658515930176,5.421193599700928,4.084129333496094,3.7170310020446777,4.575399875640869,4.41416072845459,4.390321254730225,4.330323696136475,5.462099075317383,556.3319659904247,78.77080892912728,0.036020132211538464,0.007090506572334715,string,acoustic
-215.32333374023438,85.90142822265625,-49.464744567871094,25.130760192871094,-4.625111103057861,1.928159236907959,-7.25015115737915,0.6134894490242004,-5.430562973022461,-1.576529860496521,-12.837849617004395,1.6143529415130615,-6.461481094360352,82.3246078491211,10.593043327331543,10.213687896728516,4.667534351348877,6.797574996948242,4.924574851989746,5.659550189971924,4.688581943511963,5.634223937988281,4.169728755950928,6.060075283050537,3.4751200675964355,4.512330055236816,1360.7290629659983,155.06015367892124,0.10468306107954546,0.025135392855238397,string,acoustic
-231.2679443359375,36.16049575805664,-32.77223205566406,22.659381866455078,-24.99110221862793,-18.760099411010742,-12.332770347595215,-7.570144176483154,-13.692129135131836,-8.043205261230469,-17.8804988861084,-12.83849048614502,-10.211624145507812,44.28224182128906,11.311553955078125,6.843010425567627,4.824838638305664,5.050445556640625,4.245228290557861,4.03132963180542,4.01517915725708,4.143308162689209,3.1752142906188965,4.297081470489502,4.527937889099121,5.114567279815674,1431.349624108421,190.4596522825691,0.0751194629854369,0.02839498119414633,string,acoustic
-294.285888671875,9.92423152923584,-61.93580627441406,-0.5847739577293396,2.9046273231506348,0.9780706167221069,-12.501851081848145,-7.40488862991333,-18.633081436157227,3.068155527114868,9.504399299621582,50.193660736083984,49.282379150390625,68.26264190673828,13.611749649047852,16.486618041992188,5.995111465454102,4.087131023406982,6.256255626678467,5.710506439208984,4.8245930671691895,5.283244609832764,4.759485721588135,5.314310073852539,6.951472759246826,6.6545586585998535,1616.8027171325703,188.45034509466936,0.16425512471330275,0.035029347712660364,flute,acoustic
-277.62994384765625,68.40180969238281,-125.44132995605469,24.588985443115234,-33.37408447265625,-19.480737686157227,-2.295727252960205,-16.98421287536621,-15.494524955749512,-4.3389997482299805,-14.558145523071289,-17.14267921447754,-12.826587677001953,68.03898620605469,16.0041446685791,15.115328788757324,17.054344177246094,14.658296585083008,8.691842079162598,4.781204700469971,5.42716121673584,3.232337713241577,3.079037666320801,4.753499984741211,4.6843976974487305,3.0980539321899414,1502.8407092062998,94.64848050817655,0.13595868956367924,0.02239786910404316,brass,acoustic
-464.7962341308594,46.3488883972168,-10.622896194458008,-30.367027282714844,-23.8934326171875,-10.680428504943848,-6.3290629386901855,-0.9433402419090271,1.9745804071426392,-1.6247845888137817,-10.6173677444458,-21.05211067199707,-25.48661231994629,52.16952896118164,19.818174362182617,11.605263710021973,9.199847221374512,7.850836753845215,4.04243278503418,6.664194583892822,6.78804349899292,6.263357162475586,4.958869457244873,3.049201488494873,3.4757189750671387,3.842820405960083,800.0699460427683,41.85281920998584,0.09608968098958333,0.010340471543995235,bass,synthetic
-446.1379089355469,98.61893463134766,53.62608337402344,35.5321044921875,27.225196838378906,17.01333999633789,9.105978965759277,4.496551990509033,3.896794557571411,2.79866886138916,0.08847180753946304,0.4812178909778595,0.4205688238143921,71.01146697998047,54.586700439453125,13.445828437805176,8.658565521240234,4.48105001449585,5.1807169914245605,6.064376354217529,5.554025650024414,2.8804993629455566,2.5481722354888916,4.942303657531738,3.275552749633789,3.26125168800354,374.9292403134158,134.01218981816103,0.019673407832278483,0.0024248497879891823,string,acoustic
-344.8423156738281,-48.563053131103516,-25.781173706054688,18.390209197998047,-6.5781965255737305,41.34373092651367,22.784923553466797,3.0484299659729004,-0.9964103102684021,7.196908950805664,30.52920150756836,11.88847541809082,-11.196321487426758,35.10429382324219,10.264936447143555,5.535080909729004,4.240713596343994,3.540323495864868,5.989459037780762,6.205992698669434,3.91670560836792,4.9084391593933105,3.9224207401275635,3.180690050125122,3.067493438720703,3.7275264263153076,3825.9303385220437,90.8372834798553,0.48655567354368934,0.03992882578663657,flute,acoustic
-168.7552490234375,-27.557397842407227,-45.45109939575195,25.49753189086914,-21.612274169921875,0.19697153568267822,-0.10804330557584763,4.953608989715576,-7.052902698516846,-6.624542713165283,-13.095295906066895,20.216384887695312,4.9330220222473145,58.0678596496582,14.32363510131836,8.89075756072998,9.910932540893555,3.011890172958374,2.366748809814453,3.446593761444092,4.685080051422119,3.8010940551757812,3.287139892578125,3.3428239822387695,2.62319016456604,3.3254756927490234,2434.842361357605,242.076066822789,0.26273360906862747,0.03383821503036966,bass,synthetic
-304.44677734375,97.9547348022461,-17.912084579467773,16.477787017822266,-2.323376417160034,-0.18702135980129242,-6.485695838928223,-9.830101013183594,-11.322214126586914,-11.214166641235352,-4.909911632537842,-3.3027420043945312,-4.472632884979248,37.66592025756836,18.7149715423584,5.711448669433594,1.9454867839813232,1.3492319583892822,0.9424651861190796,2.003885507583618,4.87028694152832,6.355803489685059,4.291208267211914,1.761291265487671,2.5667214393615723,0.6935789585113525,697.9055748364897,6.59949793588763,0.04779115657216495,0.005382411475673517,bass,synthetic
-252.1795196533203,48.08287048339844,-113.11653137207031,-16.988283157348633,-15.375643730163574,17.17666244506836,-16.692642211914062,-7.664041042327881,-10.643836975097656,-1.6480649709701538,2.8882193565368652,-0.34445708990097046,-13.015554428100586,50.44851303100586,19.214941024780273,20.39178466796875,5.09002161026001,9.239535331726074,6.853392601013184,5.893071174621582,5.566978454589844,4.623753070831299,5.569572925567627,3.979724407196045,6.915052890777588,5.235231876373291,1435.6736162446014,67.0661406297904,0.15248194280660377,0.017008016006387426,brass,acoustic
-91.21630096435547,-35.673858642578125,-20.007427215576172,41.64289474487305,-1.9740233421325684,1.6229661703109741,-20.589792251586914,-19.938617706298828,-36.73770523071289,-10.611991882324219,0.11870284378528595,11.778802871704102,-13.254960060119629,60.862483978271484,33.70726013183594,11.328290939331055,5.878603935241699,6.042290210723877,5.238052845001221,7.158708095550537,7.008292198181152,8.211116790771484,4.4677324295043945,3.3805270195007324,2.4407007694244385,3.9420006275177,1948.9512142516717,256.25741896418106,0.05032749368686869,0.006076577043679042,bass,synthetic
-113.28955841064453,-19.78351402282715,-17.686948776245117,-11.177237510681152,-5.448673248291016,-13.590988159179688,-4.721795558929443,2.426564931869507,5.229599952697754,41.659934997558594,-11.297025680541992,-13.596407890319824,-19.54026222229004,64.0101547241211,11.530940055847168,7.290676116943359,7.8295159339904785,7.842113018035889,6.221374034881592,5.511737823486328,4.9465813636779785,4.307651519775391,6.2063798904418945,4.071366786956787,2.808425188064575,2.418848752975464,4014.414763759782,181.1731200016919,0.5162185968137255,0.05057492360936692,bass,synthetic
-141.52330017089844,114.91471862792969,-74.65587615966797,13.676912307739258,-33.76308059692383,-15.056746482849121,-24.11491584777832,-16.489458084106445,-21.316326141357422,-12.970404624938965,-16.556320190429688,-14.907808303833008,-12.401127815246582,61.767574310302734,9.239956855773926,14.761150360107422,4.312530040740967,7.319194316864014,3.8049559593200684,6.351273059844971,3.654052257537842,5.580591678619385,4.347268581390381,4.272026062011719,3.679095983505249,3.648683547973633,1309.760992495289,92.82562608492852,0.09584397536057693,0.01694214066799726,string,acoustic
-236.37351989746094,185.73870849609375,2.0264406204223633,22.151729583740234,28.69415855407715,20.24087905883789,0.12834611535072327,-3.3828768730163574,-0.6071450710296631,0.029000578448176384,3.2501420974731445,2.223863363265991,-2.3879382610321045,83.88713836669922,38.34253692626953,21.805438995361328,7.952281475067139,5.216680526733398,4.649300575256348,7.254046440124512,6.6255879402160645,6.991403579711914,5.346860885620117,5.264276504516602,4.644524097442627,4.906621932983398,469.89837873438364,80.0802025796342,0.016955890486725664,0.006631407023763636,string,acoustic
-304.4930725097656,96.42904663085938,-28.61078453063965,10.841690063476562,10.939437866210938,4.0353288650512695,-8.171778678894043,4.124914169311523,-3.403228759765625,-15.983207702636719,-18.215898513793945,-10.06201457977295,-7.321577548980713,39.768375396728516,10.858734130859375,18.74304962158203,4.836596488952637,6.818146705627441,5.8608222007751465,5.970762729644775,8.086926460266113,4.856637954711914,5.420412063598633,4.819516658782959,3.0059516429901123,4.555428981781006,686.9769556533175,55.859532608042045,0.03848987926136364,0.002777675533952623,flute,acoustic
-418.17926025390625,-57.2449836730957,-64.59234619140625,27.68916130065918,-16.761178970336914,13.061385154724121,1.886644959449768,30.907848358154297,0.5882099270820618,-43.8262939453125,-4.367292404174805,35.62010955810547,-13.6190185546875,35.58425521850586,9.638047218322754,10.720575332641602,4.853757858276367,4.691108226776123,4.053232669830322,3.8853964805603027,4.610296249389648,6.292505264282227,4.960091590881348,2.9595770835876465,4.921949863433838,3.8022851943969727,2609.1318627510655,78.42282389603663,0.24291252367424243,0.01906797515021953,flute,acoustic
-319.6470031738281,186.94956970214844,10.799328804016113,11.214057922363281,-9.819296836853027,-27.762487411499023,-18.634231567382812,-9.690476417541504,1.914492130279541,3.0764431953430176,3.123265027999878,3.6159849166870117,1.6442604064941406,67.11058044433594,27.28479766845703,17.027774810791016,7.673054218292236,7.258511066436768,9.311468124389648,6.436817169189453,6.666057586669922,6.525876522064209,5.040711879730225,5.279606342315674,4.5862274169921875,5.113288879394531,497.3460195213337,270.633889506628,0.04847547743055555,0.01149389611557748,bass,synthetic
-310.3016357421875,80.28401184082031,-47.385894775390625,-16.38034439086914,-43.924713134765625,-42.66043472290039,-19.639480590820312,23.20855140686035,0.23521290719509125,-15.545281410217285,-5.128615379333496,-7.94320011138916,-17.73149299621582,147.2308807373047,11.78695011138916,22.4724178314209,8.970495223999023,10.552328109741211,9.789759635925293,13.799283981323242,1.741335153579712,11.199007034301758,5.402570724487305,4.687911033630371,6.309279441833496,4.876931667327881,1562.0606512575969,235.82986395014552,0.09114583333333333,0.02117137049675664,string,acoustic
-299.9299011230469,12.952154159545898,-42.039512634277344,-10.412187576293945,-24.556396484375,-19.06437110900879,-36.16229248046875,1.0693333148956299,4.531941890716553,-31.87213706970215,-23.638328552246094,36.12902069091797,-22.54527473449707,51.0591926574707,8.800509452819824,6.733335494995117,4.9760422706604,6.69314432144165,4.404919624328613,4.8972039222717285,5.688666343688965,4.678061485290527,5.569499492645264,4.622110843658447,5.566085338592529,3.8026950359344482,3098.8597166964173,110.54044206004596,0.3038673771237864,0.037340644929688874,string,acoustic
